
 /----------------------------------------------------------------------------\
 |                                                                            |
 |  yosys -- Yosys Open SYnthesis Suite                                       |
 |                                                                            |
 |  Copyright (C) 2012 - 2020  Claire Xenia Wolf <claire@yosyshq.com>         |
 |                                                                            |
 |  Permission to use, copy, modify, and/or distribute this software for any  |
 |  purpose with or without fee is hereby granted, provided that the above    |
 |  copyright notice and this permission notice appear in all copies.         |
 |                                                                            |
 |  THE SOFTWARE IS PROVIDED "AS IS" AND THE AUTHOR DISCLAIMS ALL WARRANTIES  |
 |  WITH REGARD TO THIS SOFTWARE INCLUDING ALL IMPLIED WARRANTIES OF          |
 |  MERCHANTABILITY AND FITNESS. IN NO EVENT SHALL THE AUTHOR BE LIABLE FOR   |
 |  ANY SPECIAL, DIRECT, INDIRECT, OR CONSEQUENTIAL DAMAGES OR ANY DAMAGES    |
 |  WHATSOEVER RESULTING FROM LOSS OF USE, DATA OR PROFITS, WHETHER IN AN     |
 |  ACTION OF CONTRACT, NEGLIGENCE OR OTHER TORTIOUS ACTION, ARISING OUT OF   |
 |  OR IN CONNECTION WITH THE USE OR PERFORMANCE OF THIS SOFTWARE.            |
 |                                                                            |
 \----------------------------------------------------------------------------/

 Yosys 0.33+6 (git sha1 41b34a193, x86_64-conda-linux-gnu-cc 11.2.0 -fvisibility-inlines-hidden -fmessage-length=0 -march=nocona -mtune=haswell -ftree-vectorize -fPIC -fstack-protector-strong -fno-plt -O2 -ffunction-sections -fdebug-prefix-map=/root/conda-eda/conda-eda/workdir/conda-env/conda-bld/yosys_1694128612374/work=/usr/local/src/conda/yosys-0.33_7_g41b34a193 -fdebug-prefix-map=/home/miguelangel-garcia/miniconda3/envs/digital=/usr/local/src/conda-prefix -fPIC -Os -fno-merge-constants)


-- Parsing `cores/cpu/femtorv32_quark_V2.v' using frontend ` -vlog2k' --

1. Executing Verilog-2005 frontend: cores/cpu/femtorv32_quark_V2.v
Parsing Verilog input from `cores/cpu/femtorv32_quark_V2.v' to AST representation.
Storing AST representation for module `$abstract\FemtoRV32'.
Successfully finished Verilog frontend.

-- Parsing `cores/uart/perip_uart.v' using frontend ` -vlog2k' --

2. Executing Verilog-2005 frontend: cores/uart/perip_uart.v
Parsing Verilog input from `cores/uart/perip_uart.v' to AST representation.
Storing AST representation for module `$abstract\peripheral_uart'.
Successfully finished Verilog frontend.

-- Parsing `cores/uart/uart.v' using frontend ` -vlog2k' --

3. Executing Verilog-2005 frontend: cores/uart/uart.v
Parsing Verilog input from `cores/uart/uart.v' to AST representation.
Storing AST representation for module `$abstract\uart'.
Successfully finished Verilog frontend.

-- Parsing `cores/bin2bcd/add_sub_c2.v' using frontend ` -vlog2k' --

4. Executing Verilog-2005 frontend: cores/bin2bcd/add_sub_c2.v
Parsing Verilog input from `cores/bin2bcd/add_sub_c2.v' to AST representation.
Storing AST representation for module `$abstract\add_sub_c2'.
Successfully finished Verilog frontend.

-- Parsing `cores/bin2bcd/bin2bcd.v' using frontend ` -vlog2k' --

5. Executing Verilog-2005 frontend: cores/bin2bcd/bin2bcd.v
Parsing Verilog input from `cores/bin2bcd/bin2bcd.v' to AST representation.
Storing AST representation for module `$abstract\bin2bcd'.
Successfully finished Verilog frontend.

-- Parsing `cores/bin2bcd/mux2.v' using frontend ` -vlog2k' --

6. Executing Verilog-2005 frontend: cores/bin2bcd/mux2.v
Parsing Verilog input from `cores/bin2bcd/mux2.v' to AST representation.
Storing AST representation for module `$abstract\mux'.
Successfully finished Verilog frontend.

-- Parsing `cores/bin2bcd/count.v' using frontend ` -vlog2k' --

7. Executing Verilog-2005 frontend: cores/bin2bcd/count.v
Parsing Verilog input from `cores/bin2bcd/count.v' to AST representation.
Storing AST representation for module `$abstract\cnt_bin2bcd'.
Successfully finished Verilog frontend.

-- Parsing `cores/bin2bcd/ctrl_b2b.v' using frontend ` -vlog2k' --

8. Executing Verilog-2005 frontend: cores/bin2bcd/ctrl_b2b.v
Parsing Verilog input from `cores/bin2bcd/ctrl_b2b.v' to AST representation.
Storing AST representation for module `$abstract\ctrl_b2b'.
Successfully finished Verilog frontend.

-- Parsing `cores/bin2bcd/perip_bin2bcd.v' using frontend ` -vlog2k' --

9. Executing Verilog-2005 frontend: cores/bin2bcd/perip_bin2bcd.v
Parsing Verilog input from `cores/bin2bcd/perip_bin2bcd.v' to AST representation.
Storing AST representation for module `$abstract\peripheral_bin2bcd'.
Successfully finished Verilog frontend.

-- Parsing `cores/bin2bcd/lsr4.v' using frontend ` -vlog2k' --

10. Executing Verilog-2005 frontend: cores/bin2bcd/lsr4.v
Parsing Verilog input from `cores/bin2bcd/lsr4.v' to AST representation.
Storing AST representation for module `$abstract\lsr4'.
Successfully finished Verilog frontend.

-- Parsing `cores/bin2bcd/reg_msb.v' using frontend ` -vlog2k' --

11. Executing Verilog-2005 frontend: cores/bin2bcd/reg_msb.v
Parsing Verilog input from `cores/bin2bcd/reg_msb.v' to AST representation.
Storing AST representation for module `$abstract\reg_msb'.
Successfully finished Verilog frontend.

-- Parsing `cores/bcd2bin/bcd2bin.v' using frontend ` -vlog2k' --

12. Executing Verilog-2005 frontend: cores/bcd2bin/bcd2bin.v
Parsing Verilog input from `cores/bcd2bin/bcd2bin.v' to AST representation.
Storing AST representation for module `$abstract\bcd2bin'.
Successfully finished Verilog frontend.

-- Parsing `cores/bcd2bin/perip_bcd2bin.v' using frontend ` -vlog2k' --

13. Executing Verilog-2005 frontend: cores/bcd2bin/perip_bcd2bin.v
Parsing Verilog input from `cores/bcd2bin/perip_bcd2bin.v' to AST representation.
Storing AST representation for module `$abstract\peripheral_bcd2bin'.
Successfully finished Verilog frontend.

-- Parsing `cores/bcd2bin/rsr4.v' using frontend ` -vlog2k' --

14. Executing Verilog-2005 frontend: cores/bcd2bin/rsr4.v
Parsing Verilog input from `cores/bcd2bin/rsr4.v' to AST representation.
Storing AST representation for module `$abstract\rsr4'.
Successfully finished Verilog frontend.

-- Parsing `cores/bram/bram.v' using frontend ` -vlog2k' --

15. Executing Verilog-2005 frontend: cores/bram/bram.v
Parsing Verilog input from `cores/bram/bram.v' to AST representation.
Storing AST representation for module `$abstract\bram'.
Successfully finished Verilog frontend.

-- Parsing `cores/multiplicador_M/perip_mult_M.v' using frontend ` -vlog2k' --

16. Executing Verilog-2005 frontend: cores/multiplicador_M/perip_mult_M.v
Parsing Verilog input from `cores/multiplicador_M/perip_mult_M.v' to AST representation.
Storing AST representation for module `$abstract\peripheral_mult_M'.
Successfully finished Verilog frontend.

-- Parsing `cores/multiplicador_M/multiplicador_32_M.v' using frontend ` -vlog2k' --

17. Executing Verilog-2005 frontend: cores/multiplicador_M/multiplicador_32_M.v
Parsing Verilog input from `cores/multiplicador_M/multiplicador_32_M.v' to AST representation.
Storing AST representation for module `$abstract\multiplicador_32_M'.
Successfully finished Verilog frontend.

-- Parsing `cores/multiplicador_M/acc_M.v' using frontend ` -vlog2k' --

18. Executing Verilog-2005 frontend: cores/multiplicador_M/acc_M.v
Parsing Verilog input from `cores/multiplicador_M/acc_M.v' to AST representation.
Storing AST representation for module `$abstract\acc_M'.
Successfully finished Verilog frontend.

-- Parsing `cores/multiplicador_M/comp_M.v' using frontend ` -vlog2k' --

19. Executing Verilog-2005 frontend: cores/multiplicador_M/comp_M.v
Parsing Verilog input from `cores/multiplicador_M/comp_M.v' to AST representation.
Storing AST representation for module `$abstract\comp_M'.
Successfully finished Verilog frontend.

-- Parsing `cores/multiplicador_M/shiftR_16_M.v' using frontend ` -vlog2k' --

20. Executing Verilog-2005 frontend: cores/multiplicador_M/shiftR_16_M.v
Parsing Verilog input from `cores/multiplicador_M/shiftR_16_M.v' to AST representation.
Storing AST representation for module `$abstract\shiftR_16_M'.
Successfully finished Verilog frontend.

-- Parsing `cores/multiplicador_M/shiftL_32_M.v' using frontend ` -vlog2k' --

21. Executing Verilog-2005 frontend: cores/multiplicador_M/shiftL_32_M.v
Parsing Verilog input from `cores/multiplicador_M/shiftL_32_M.v' to AST representation.
Storing AST representation for module `$abstract\shiftL_32_M'.
Successfully finished Verilog frontend.

-- Parsing `cores/multiplicador_M/control_mult_M.v' using frontend ` -vlog2k' --

22. Executing Verilog-2005 frontend: cores/multiplicador_M/control_mult_M.v
Parsing Verilog input from `cores/multiplicador_M/control_mult_M.v' to AST representation.
Storing AST representation for module `$abstract\control_mult_M'.
Successfully finished Verilog frontend.

-- Parsing `cores/test/perip_test.v' using frontend ` -vlog2k' --

23. Executing Verilog-2005 frontend: cores/test/perip_test.v
Parsing Verilog input from `cores/test/perip_test.v' to AST representation.
Storing AST representation for module `$abstract\peripheral_test'.
Successfully finished Verilog frontend.

-- Parsing `cores/test/mult/mult_32.v' using frontend ` -vlog2k' --

24. Executing Verilog-2005 frontend: cores/test/mult/mult_32.v
Parsing Verilog input from `cores/test/mult/mult_32.v' to AST representation.
Storing AST representation for module `$abstract\mult_32'.
Successfully finished Verilog frontend.

-- Parsing `cores/test/mult/acc.v' using frontend ` -vlog2k' --

25. Executing Verilog-2005 frontend: cores/test/mult/acc.v
Parsing Verilog input from `cores/test/mult/acc.v' to AST representation.
Storing AST representation for module `$abstract\acc'.
Successfully finished Verilog frontend.

-- Parsing `cores/test/mult/comp.v' using frontend ` -vlog2k' --

26. Executing Verilog-2005 frontend: cores/test/mult/comp.v
Parsing Verilog input from `cores/test/mult/comp.v' to AST representation.
Storing AST representation for module `$abstract\comp'.
Successfully finished Verilog frontend.

-- Parsing `cores/test/mult/lsr_mult.v' using frontend ` -vlog2k' --

27. Executing Verilog-2005 frontend: cores/test/mult/lsr_mult.v
Parsing Verilog input from `cores/test/mult/lsr_mult.v' to AST representation.
Storing AST representation for module `$abstract\lsr_mult'.
Successfully finished Verilog frontend.

-- Parsing `cores/test/mult/control_mult.v' using frontend ` -vlog2k' --

28. Executing Verilog-2005 frontend: cores/test/mult/control_mult.v
Parsing Verilog input from `cores/test/mult/control_mult.v' to AST representation.
Storing AST representation for module `$abstract\control_mult'.
Successfully finished Verilog frontend.

-- Parsing `cores/test/mult/rsr.v' using frontend ` -vlog2k' --

29. Executing Verilog-2005 frontend: cores/test/mult/rsr.v
Parsing Verilog input from `cores/test/mult/rsr.v' to AST representation.
Storing AST representation for module `$abstract\rsr'.
Successfully finished Verilog frontend.

-- Parsing `SOC.v' using frontend ` -vlog2k' --

30. Executing Verilog-2005 frontend: SOC.v
Parsing Verilog input from `SOC.v' to AST representation.
Storing AST representation for module `$abstract\SOC'.
Successfully finished Verilog frontend.

-- Running command `attrmap -tocase keep -imap keep="true" keep=1  ; synth_ecp5 -top SOC;  write_json  build/SOC.json' --

31. Executing ATTRMAP pass (move or copy attributes).

32. Executing SYNTH_ECP5 pass.

32.1. Executing Verilog-2005 frontend: /home/miguelangel-garcia/miniconda3/envs/digital/bin/../share/yosys/ecp5/cells_sim.v
Parsing Verilog input from `/home/miguelangel-garcia/miniconda3/envs/digital/bin/../share/yosys/ecp5/cells_sim.v' to AST representation.
Generating RTLIL representation for module `\LUT4'.
Generating RTLIL representation for module `\$__ABC9_LUT5'.
Generating RTLIL representation for module `\$__ABC9_LUT6'.
Generating RTLIL representation for module `\$__ABC9_LUT7'.
Generating RTLIL representation for module `\L6MUX21'.
Generating RTLIL representation for module `\CCU2C'.
Generating RTLIL representation for module `\TRELLIS_RAM16X2'.
Generating RTLIL representation for module `\PFUMX'.
Generating RTLIL representation for module `\TRELLIS_DPR16X4'.
Generating RTLIL representation for module `\DPR16X4C'.
Generating RTLIL representation for module `\LUT2'.
Generating RTLIL representation for module `\TRELLIS_FF'.
Generating RTLIL representation for module `\TRELLIS_IO'.
Generating RTLIL representation for module `\INV'.
Generating RTLIL representation for module `\TRELLIS_COMB'.
Generating RTLIL representation for module `\DP16KD'.
Generating RTLIL representation for module `\FD1P3AX'.
Generating RTLIL representation for module `\FD1P3AY'.
Generating RTLIL representation for module `\FD1P3BX'.
Generating RTLIL representation for module `\FD1P3DX'.
Generating RTLIL representation for module `\FD1P3IX'.
Generating RTLIL representation for module `\FD1P3JX'.
Generating RTLIL representation for module `\FD1S3AX'.
Generating RTLIL representation for module `\FD1S3AY'.
Generating RTLIL representation for module `\FD1S3BX'.
Generating RTLIL representation for module `\FD1S3DX'.
Generating RTLIL representation for module `\FD1S3IX'.
Generating RTLIL representation for module `\FD1S3JX'.
Generating RTLIL representation for module `\IFS1P3BX'.
Generating RTLIL representation for module `\IFS1P3DX'.
Generating RTLIL representation for module `\IFS1P3IX'.
Generating RTLIL representation for module `\IFS1P3JX'.
Generating RTLIL representation for module `\OFS1P3BX'.
Generating RTLIL representation for module `\OFS1P3DX'.
Generating RTLIL representation for module `\OFS1P3IX'.
Generating RTLIL representation for module `\OFS1P3JX'.
Generating RTLIL representation for module `\IB'.
Generating RTLIL representation for module `\IBPU'.
Generating RTLIL representation for module `\IBPD'.
Generating RTLIL representation for module `\OB'.
Generating RTLIL representation for module `\OBZ'.
Generating RTLIL representation for module `\OBZPU'.
Generating RTLIL representation for module `\OBZPD'.
Generating RTLIL representation for module `\OBCO'.
Generating RTLIL representation for module `\BB'.
Generating RTLIL representation for module `\BBPU'.
Generating RTLIL representation for module `\BBPD'.
Generating RTLIL representation for module `\ILVDS'.
Generating RTLIL representation for module `\OLVDS'.
Successfully finished Verilog frontend.

32.2. Executing Verilog-2005 frontend: /home/miguelangel-garcia/miniconda3/envs/digital/bin/../share/yosys/ecp5/cells_bb.v
Parsing Verilog input from `/home/miguelangel-garcia/miniconda3/envs/digital/bin/../share/yosys/ecp5/cells_bb.v' to AST representation.
Generating RTLIL representation for module `\MULT18X18D'.
Generating RTLIL representation for module `\ALU54B'.
Generating RTLIL representation for module `\EHXPLLL'.
Generating RTLIL representation for module `\DTR'.
Generating RTLIL representation for module `\OSCG'.
Generating RTLIL representation for module `\USRMCLK'.
Generating RTLIL representation for module `\JTAGG'.
Generating RTLIL representation for module `\DELAYF'.
Generating RTLIL representation for module `\DELAYG'.
Generating RTLIL representation for module `\IDDRX1F'.
Generating RTLIL representation for module `\IDDRX2F'.
Generating RTLIL representation for module `\IDDR71B'.
Generating RTLIL representation for module `\IDDRX2DQA'.
Generating RTLIL representation for module `\ODDRX1F'.
Generating RTLIL representation for module `\ODDRX2F'.
Generating RTLIL representation for module `\ODDR71B'.
Generating RTLIL representation for module `\OSHX2A'.
Generating RTLIL representation for module `\ODDRX2DQA'.
Generating RTLIL representation for module `\ODDRX2DQSB'.
Generating RTLIL representation for module `\TSHX2DQA'.
Generating RTLIL representation for module `\TSHX2DQSA'.
Generating RTLIL representation for module `\DQSBUFM'.
Generating RTLIL representation for module `\DDRDLLA'.
Generating RTLIL representation for module `\DLLDELD'.
Generating RTLIL representation for module `\CLKDIVF'.
Generating RTLIL representation for module `\ECLKSYNCB'.
Generating RTLIL representation for module `\ECLKBRIDGECS'.
Generating RTLIL representation for module `\DCCA'.
Generating RTLIL representation for module `\DCSC'.
Generating RTLIL representation for module `\DCUA'.
Generating RTLIL representation for module `\EXTREFB'.
Generating RTLIL representation for module `\PCSCLKDIV'.
Generating RTLIL representation for module `\PUR'.
Generating RTLIL representation for module `\GSR'.
Generating RTLIL representation for module `\SGSR'.
Generating RTLIL representation for module `\PDPW16KD'.
Successfully finished Verilog frontend.

32.3. Executing HIERARCHY pass (managing design hierarchy).

32.4. Executing AST frontend in derive mode using pre-parsed AST for module `\SOC'.
Generating RTLIL representation for module `\SOC'.

32.4.1. Analyzing design hierarchy..
Top module:  \SOC

32.4.2. Executing AST frontend in derive mode using pre-parsed AST for module `\peripheral_mult_M'.
Generating RTLIL representation for module `\peripheral_mult_M'.

32.4.3. Executing AST frontend in derive mode using pre-parsed AST for module `\peripheral_bcd2bin'.
Generating RTLIL representation for module `\peripheral_bcd2bin'.

32.4.4. Executing AST frontend in derive mode using pre-parsed AST for module `\peripheral_bin2bcd'.
Generating RTLIL representation for module `\peripheral_bin2bcd'.
Parameter \clk_freq = 25000000
Parameter \baud = 57600

32.4.5. Executing AST frontend in derive mode using pre-parsed AST for module `\peripheral_uart'.
Parameter \clk_freq = 25000000
Parameter \baud = 57600
Generating RTLIL representation for module `$paramod$e358107493866f19ba52d8dda1c67d080e76663e\peripheral_uart'.

32.4.6. Executing AST frontend in derive mode using pre-parsed AST for module `\bram'.
Generating RTLIL representation for module `\bram'.

32.4.7. Executing AST frontend in derive mode using pre-parsed AST for module `\FemtoRV32'.
Generating RTLIL representation for module `\FemtoRV32'.

32.4.8. Analyzing design hierarchy..
Top module:  \SOC
Used module:     \peripheral_mult_M
Used module:     \peripheral_bcd2bin
Used module:     \peripheral_bin2bcd
Used module:     $paramod$e358107493866f19ba52d8dda1c67d080e76663e\peripheral_uart
Used module:     \bram
Used module:     \FemtoRV32

32.4.9. Executing AST frontend in derive mode using pre-parsed AST for module `\bin2bcd'.
Generating RTLIL representation for module `\bin2bcd'.

32.4.10. Executing AST frontend in derive mode using pre-parsed AST for module `\bcd2bin'.
Generating RTLIL representation for module `\bcd2bin'.

32.4.11. Executing AST frontend in derive mode using pre-parsed AST for module `\multiplicador_32_M'.
Generating RTLIL representation for module `\multiplicador_32_M'.
Parameter \freq_hz = 25000000
Parameter \baud = 57600

32.4.12. Executing AST frontend in derive mode using pre-parsed AST for module `\uart'.
Parameter \freq_hz = 25000000
Parameter \baud = 57600
Generating RTLIL representation for module `$paramod$1c9b49bacefaeab44db5983aee61d9795015608a\uart'.

32.4.13. Analyzing design hierarchy..
Top module:  \SOC
Used module:     \peripheral_mult_M
Used module:         \multiplicador_32_M
Used module:     \peripheral_bcd2bin
Used module:         \bcd2bin
Used module:     \peripheral_bin2bcd
Used module:         \bin2bcd
Used module:     $paramod$e358107493866f19ba52d8dda1c67d080e76663e\peripheral_uart
Used module:         $paramod$1c9b49bacefaeab44db5983aee61d9795015608a\uart
Used module:     \bram
Used module:     \FemtoRV32

32.4.14. Executing AST frontend in derive mode using pre-parsed AST for module `\control_mult_M'.
Generating RTLIL representation for module `\control_mult_M'.

32.4.15. Executing AST frontend in derive mode using pre-parsed AST for module `\acc_M'.
Generating RTLIL representation for module `\acc_M'.

32.4.16. Executing AST frontend in derive mode using pre-parsed AST for module `\comp_M'.
Generating RTLIL representation for module `\comp_M'.

32.4.17. Executing AST frontend in derive mode using pre-parsed AST for module `\shiftL_32_M'.
Generating RTLIL representation for module `\shiftL_32_M'.

32.4.18. Executing AST frontend in derive mode using pre-parsed AST for module `\shiftR_16_M'.
Generating RTLIL representation for module `\shiftR_16_M'.

32.4.19. Executing AST frontend in derive mode using pre-parsed AST for module `\ctrl_b2b'.
Generating RTLIL representation for module `\ctrl_b2b'.

32.4.20. Executing AST frontend in derive mode using pre-parsed AST for module `\cnt_bin2bcd'.
Generating RTLIL representation for module `\cnt_bin2bcd'.

32.4.21. Executing AST frontend in derive mode using pre-parsed AST for module `\reg_msb'.
Generating RTLIL representation for module `\reg_msb'.

32.4.22. Executing AST frontend in derive mode using pre-parsed AST for module `\add_sub_c2'.
Generating RTLIL representation for module `\add_sub_c2'.

32.4.23. Executing AST frontend in derive mode using pre-parsed AST for module `\mux'.
Generating RTLIL representation for module `\mux'.

32.4.24. Executing AST frontend in derive mode using pre-parsed AST for module `\rsr4'.
Generating RTLIL representation for module `\rsr4'.

32.4.25. Executing AST frontend in derive mode using pre-parsed AST for module `\lsr4'.
Generating RTLIL representation for module `\lsr4'.

32.4.26. Analyzing design hierarchy..
Top module:  \SOC
Used module:     \peripheral_mult_M
Used module:         \multiplicador_32_M
Used module:             \control_mult_M
Used module:             \acc_M
Used module:             \comp_M
Used module:             \shiftL_32_M
Used module:             \shiftR_16_M
Used module:     \peripheral_bcd2bin
Used module:         \bcd2bin
Used module:             \ctrl_b2b
Used module:             \cnt_bin2bcd
Used module:             \reg_msb
Used module:             \add_sub_c2
Used module:             \mux
Used module:             \rsr4
Used module:     \peripheral_bin2bcd
Used module:         \bin2bcd
Used module:             \lsr4
Used module:     $paramod$e358107493866f19ba52d8dda1c67d080e76663e\peripheral_uart
Used module:         $paramod$1c9b49bacefaeab44db5983aee61d9795015608a\uart
Used module:     \bram
Used module:     \FemtoRV32

32.4.27. Analyzing design hierarchy..
Top module:  \SOC
Used module:     \peripheral_mult_M
Used module:         \multiplicador_32_M
Used module:             \control_mult_M
Used module:             \acc_M
Used module:             \comp_M
Used module:             \shiftL_32_M
Used module:             \shiftR_16_M
Used module:     \peripheral_bcd2bin
Used module:         \bcd2bin
Used module:             \ctrl_b2b
Used module:             \cnt_bin2bcd
Used module:             \reg_msb
Used module:             \add_sub_c2
Used module:             \mux
Used module:             \rsr4
Used module:     \peripheral_bin2bcd
Used module:         \bin2bcd
Used module:             \lsr4
Used module:     $paramod$e358107493866f19ba52d8dda1c67d080e76663e\peripheral_uart
Used module:         $paramod$1c9b49bacefaeab44db5983aee61d9795015608a\uart
Used module:     \bram
Used module:     \FemtoRV32
Removing unused module `$abstract\SOC'.
Removing unused module `$abstract\rsr'.
Removing unused module `$abstract\control_mult'.
Removing unused module `$abstract\lsr_mult'.
Removing unused module `$abstract\comp'.
Removing unused module `$abstract\acc'.
Removing unused module `$abstract\mult_32'.
Removing unused module `$abstract\peripheral_test'.
Removing unused module `$abstract\control_mult_M'.
Removing unused module `$abstract\shiftL_32_M'.
Removing unused module `$abstract\shiftR_16_M'.
Removing unused module `$abstract\comp_M'.
Removing unused module `$abstract\acc_M'.
Removing unused module `$abstract\multiplicador_32_M'.
Removing unused module `$abstract\peripheral_mult_M'.
Removing unused module `$abstract\bram'.
Removing unused module `$abstract\rsr4'.
Removing unused module `$abstract\peripheral_bcd2bin'.
Removing unused module `$abstract\bcd2bin'.
Removing unused module `$abstract\reg_msb'.
Removing unused module `$abstract\lsr4'.
Removing unused module `$abstract\peripheral_bin2bcd'.
Removing unused module `$abstract\ctrl_b2b'.
Removing unused module `$abstract\cnt_bin2bcd'.
Removing unused module `$abstract\mux'.
Removing unused module `$abstract\bin2bcd'.
Removing unused module `$abstract\add_sub_c2'.
Removing unused module `$abstract\uart'.
Removing unused module `$abstract\peripheral_uart'.
Removing unused module `$abstract\FemtoRV32'.
Removed 30 unused modules.
Warning: Resizing cell port peripheral_mult_M.mult1.A from 16 bits to 32 bits.

32.5. Executing PROC pass (convert processes to netlists).

32.5.1. Executing PROC_CLEAN pass (remove empty switches from decision trees).
Found and cleaned up 1 empty switch in `\TRELLIS_DPR16X4.$proc$/home/miguelangel-garcia/miniconda3/envs/digital/bin/../share/yosys/ecp5/cells_sim.v:213$117'.
Removing empty process `bram.$proc$cores/bram/bram.v:0$297'.
Cleaned up 1 empty switch.

32.5.2. Executing PROC_RMDEAD pass (remove dead branches from decision trees).
Marked 1 switch rules as full_case in process $proc$/home/miguelangel-garcia/miniconda3/envs/digital/bin/../share/yosys/ecp5/cells_sim.v:350$224 in module TRELLIS_FF.
Marked 1 switch rules as full_case in process $proc$/home/miguelangel-garcia/miniconda3/envs/digital/bin/../share/yosys/ecp5/cells_sim.v:285$176 in module DPR16X4C.
Marked 1 switch rules as full_case in process $proc$/home/miguelangel-garcia/miniconda3/envs/digital/bin/../share/yosys/ecp5/cells_sim.v:221$118 in module TRELLIS_DPR16X4.
Marked 2 switch rules as full_case in process $proc$cores/bin2bcd/lsr4.v:15$509 in module lsr4.
Marked 2 switch rules as full_case in process $proc$cores/bcd2bin/rsr4.v:17$503 in module rsr4.
Marked 1 switch rules as full_case in process $proc$cores/bin2bcd/mux2.v:8$502 in module mux.
Marked 1 switch rules as full_case in process $proc$cores/bin2bcd/reg_msb.v:22$499 in module reg_msb.
Marked 1 switch rules as full_case in process $proc$cores/bin2bcd/reg_msb.v:14$497 in module reg_msb.
Marked 2 switch rules as full_case in process $proc$cores/bin2bcd/count.v:11$492 in module cnt_bin2bcd.
Marked 1 switch rules as full_case in process $proc$cores/bin2bcd/ctrl_b2b.v:73$491 in module ctrl_b2b.
Marked 4 switch rules as full_case in process $proc$cores/bin2bcd/ctrl_b2b.v:25$487 in module ctrl_b2b.
Marked 2 switch rules as full_case in process $proc$cores/multiplicador_M/shiftR_16_M.v:8$486 in module shiftR_16_M.
Marked 2 switch rules as full_case in process $proc$cores/multiplicador_M/shiftL_32_M.v:8$485 in module shiftL_32_M.
Marked 1 switch rules as full_case in process $proc$cores/multiplicador_M/comp_M.v:6$483 in module comp_M.
Marked 2 switch rules as full_case in process $proc$cores/multiplicador_M/acc_M.v:10$480 in module acc_M.
Marked 5 switch rules as full_case in process $proc$cores/multiplicador_M/control_mult_M.v:35$475 in module control_mult_M.
Marked 4 switch rules as full_case in process $proc$cores/uart/uart.v:122$465 in module $paramod$1c9b49bacefaeab44db5983aee61d9795015608a\uart.
Marked 5 switch rules as full_case in process $proc$cores/uart/uart.v:66$457 in module $paramod$1c9b49bacefaeab44db5983aee61d9795015608a\uart.
Marked 1 switch rules as full_case in process $proc$cores/uart/uart.v:34$453 in module $paramod$1c9b49bacefaeab44db5983aee61d9795015608a\uart.
Marked 1 switch rules as full_case in process $proc$cores/cpu/femtorv32_quark_V2.v:290$446 in module FemtoRV32.
Marked 2 switch rules as full_case in process $proc$cores/cpu/femtorv32_quark_V2.v:249$433 in module FemtoRV32.
Marked 1 switch rules as full_case in process $proc$cores/cpu/femtorv32_quark_V2.v:188$396 in module FemtoRV32.
Marked 3 switch rules as full_case in process $proc$cores/cpu/femtorv32_quark_V2.v:179$379 in module FemtoRV32.
Marked 4 switch rules as full_case in process $proc$cores/bram/bram.v:20$270 in module bram.
Marked 1 switch rules as full_case in process $proc$cores/uart/perip_uart.v:45$262 in module $paramod$e358107493866f19ba52d8dda1c67d080e76663e\peripheral_uart.
Marked 1 switch rules as full_case in process $proc$cores/uart/perip_uart.v:29$254 in module $paramod$e358107493866f19ba52d8dda1c67d080e76663e\peripheral_uart.
Marked 3 switch rules as full_case in process $proc$cores/bin2bcd/perip_bin2bcd.v:50$253 in module peripheral_bin2bcd.
Marked 2 switch rules as full_case in process $proc$cores/bin2bcd/perip_bin2bcd.v:34$249 in module peripheral_bin2bcd.
Marked 2 switch rules as full_case in process $proc$cores/bin2bcd/perip_bin2bcd.v:19$248 in module peripheral_bin2bcd.
Marked 3 switch rules as full_case in process $proc$cores/bcd2bin/perip_bcd2bin.v:50$247 in module peripheral_bcd2bin.
Marked 2 switch rules as full_case in process $proc$cores/bcd2bin/perip_bcd2bin.v:34$243 in module peripheral_bcd2bin.
Marked 2 switch rules as full_case in process $proc$cores/bcd2bin/perip_bcd2bin.v:19$242 in module peripheral_bcd2bin.
Marked 3 switch rules as full_case in process $proc$cores/multiplicador_M/perip_mult_M.v:56$241 in module peripheral_mult_M.
Marked 2 switch rules as full_case in process $proc$cores/multiplicador_M/perip_mult_M.v:38$236 in module peripheral_mult_M.
Marked 2 switch rules as full_case in process $proc$cores/multiplicador_M/perip_mult_M.v:20$235 in module peripheral_mult_M.
Marked 1 switch rules as full_case in process $proc$SOC.v:128$234 in module SOC.
Marked 1 switch rules as full_case in process $proc$SOC.v:113$233 in module SOC.
Removed a total of 0 dead cases.

32.5.3. Executing PROC_PRUNE pass (remove redundant assignments in processes).
Removed 7 redundant assignments.
Promoted 107 assignments to connections.

32.5.4. Executing PROC_INIT pass (extract init attributes).
Found init rule in `\TRELLIS_FF.$proc$/home/miguelangel-garcia/miniconda3/envs/digital/bin/../share/yosys/ecp5/cells_sim.v:0$225'.
  Set init value: \Q = 1'0
Found init rule in `\cnt_bin2bcd.$proc$cores/bin2bcd/count.v:8$496'.
  Set init value: \cont = 5'01000
Found init rule in `\acc_M.$proc$cores/multiplicador_M/acc_M.v:0$482'.
  Set init value: \pp = 0
Found init rule in `\control_mult_M.$proc$cores/multiplicador_M/control_mult_M.v:0$479'.
  Set init value: \reset = 1'0
  Set init value: \done = 1'0
  Set init value: \state = 3'000
  Set init value: \sh = 1'0
  Set init value: \add = 1'0
Found init rule in `\FemtoRV32.$proc$cores/cpu/femtorv32_quark_V2.v:0$450'.
  Set init value: \cycles = 0
  Set init value: \aluShamt = 5'00000
Found init rule in `$paramod$e358107493866f19ba52d8dda1c67d080e76663e\peripheral_uart.$proc$cores/uart/perip_uart.v:21$265'.
  Set init value: \uart_ctrl = 8'00000000
Found init rule in `$paramod$e358107493866f19ba52d8dda1c67d080e76663e\peripheral_uart.$proc$cores/uart/perip_uart.v:20$264'.
  Set init value: \d_in_uart = 8'00000000
Found init rule in `$paramod$e358107493866f19ba52d8dda1c67d080e76663e\peripheral_uart.$proc$cores/uart/perip_uart.v:0$263'.
  Set init value: \ledout = 1'0

32.5.5. Executing PROC_ARST pass (detect async resets in processes).

32.5.6. Executing PROC_ROM pass (convert switches to ROMs).
Converted 0 switches.

32.5.7. Executing PROC_MUX pass (convert decision trees to multiplexers).
Creating decoders for process `\TRELLIS_FF.$proc$/home/miguelangel-garcia/miniconda3/envs/digital/bin/../share/yosys/ecp5/cells_sim.v:0$225'.
Creating decoders for process `\TRELLIS_FF.$proc$/home/miguelangel-garcia/miniconda3/envs/digital/bin/../share/yosys/ecp5/cells_sim.v:350$224'.
     1/1: $0\Q[0:0]
Creating decoders for process `\DPR16X4C.$proc$/home/miguelangel-garcia/miniconda3/envs/digital/bin/../share/yosys/ecp5/cells_sim.v:0$199'.
Creating decoders for process `\DPR16X4C.$proc$/home/miguelangel-garcia/miniconda3/envs/digital/bin/../share/yosys/ecp5/cells_sim.v:285$176'.
     1/3: $1$memwr$\ram$/home/miguelangel-garcia/miniconda3/envs/digital/bin/../share/yosys/ecp5/cells_sim.v:287$175_EN[3:0]$182
     2/3: $1$memwr$\ram$/home/miguelangel-garcia/miniconda3/envs/digital/bin/../share/yosys/ecp5/cells_sim.v:287$175_DATA[3:0]$181
     3/3: $1$memwr$\ram$/home/miguelangel-garcia/miniconda3/envs/digital/bin/../share/yosys/ecp5/cells_sim.v:287$175_ADDR[3:0]$180
Creating decoders for process `\TRELLIS_DPR16X4.$proc$/home/miguelangel-garcia/miniconda3/envs/digital/bin/../share/yosys/ecp5/cells_sim.v:0$142'.
Creating decoders for process `\TRELLIS_DPR16X4.$proc$/home/miguelangel-garcia/miniconda3/envs/digital/bin/../share/yosys/ecp5/cells_sim.v:221$118'.
     1/3: $1$memwr$\mem$/home/miguelangel-garcia/miniconda3/envs/digital/bin/../share/yosys/ecp5/cells_sim.v:223$116_EN[3:0]$124
     2/3: $1$memwr$\mem$/home/miguelangel-garcia/miniconda3/envs/digital/bin/../share/yosys/ecp5/cells_sim.v:223$116_DATA[3:0]$123
     3/3: $1$memwr$\mem$/home/miguelangel-garcia/miniconda3/envs/digital/bin/../share/yosys/ecp5/cells_sim.v:223$116_ADDR[3:0]$122
Creating decoders for process `\TRELLIS_DPR16X4.$proc$/home/miguelangel-garcia/miniconda3/envs/digital/bin/../share/yosys/ecp5/cells_sim.v:213$117'.
Creating decoders for process `\lsr4.$proc$cores/bin2bcd/lsr4.v:15$509'.
     1/6: $0\data[35:0] [23:20]
     2/6: $0\data[35:0] [19:16]
     3/6: $0\data[35:0] [27:24]
     4/6: $0\data[35:0] [31:28]
     5/6: $0\data[35:0] [35:32]
     6/6: $0\data[35:0] [15:0]
Creating decoders for process `\rsr4.$proc$cores/bcd2bin/rsr4.v:17$503'.
     1/6: $0\data[35:0] [23:20]
     2/6: $0\data[35:0] [19:16]
     3/6: $0\data[35:0] [27:24]
     4/6: $0\data[35:0] [31:28]
     5/6: $0\data[35:0] [35:32]
     6/6: $0\data[35:0] [15:0]
Creating decoders for process `\mux.$proc$cores/bin2bcd/mux2.v:8$502'.
     1/1: $1\out[3:0]
Creating decoders for process `\add_sub_c2.$proc$cores/bin2bcd/add_sub_c2.v:7$500'.
Creating decoders for process `\reg_msb.$proc$cores/bin2bcd/reg_msb.v:22$499'.
     1/1: $0\cont[4:0]
Creating decoders for process `\reg_msb.$proc$cores/bin2bcd/reg_msb.v:14$497'.
     1/1: $1\out[4:0]
Creating decoders for process `\cnt_bin2bcd.$proc$cores/bin2bcd/count.v:8$496'.
Creating decoders for process `\cnt_bin2bcd.$proc$cores/bin2bcd/count.v:11$492'.
     1/1: $0\cont[4:0]
Creating decoders for process `\ctrl_b2b.$proc$cores/bin2bcd/ctrl_b2b.v:73$491'.
     1/6: $1\add[0:0]
     2/6: $1\ld[0:0]
     3/6: $1\sh[0:0]
     4/6: $1\sel[0:0]
     5/6: $1\ld_msb[0:0]
     6/6: $1\done[0:0]
Creating decoders for process `\ctrl_b2b.$proc$cores/bin2bcd/ctrl_b2b.v:25$487'.
     1/6: $4\state[2:0]
     2/6: $3\state[2:0]
     3/6: $2\state[2:0]
     4/6: $2\count[5:0]
     5/6: $1\count[5:0]
     6/6: $1\state[2:0]
Creating decoders for process `\shiftR_16_M.$proc$cores/multiplicador_M/shiftR_16_M.v:8$486'.
     1/1: $0\s_B[15:0]
Creating decoders for process `\shiftL_32_M.$proc$cores/multiplicador_M/shiftL_32_M.v:8$485'.
     1/1: $0\s_A[31:0]
Creating decoders for process `\comp_M.$proc$cores/multiplicador_M/comp_M.v:6$483'.
     1/1: $0\z[0:0]
Creating decoders for process `\acc_M.$proc$cores/multiplicador_M/acc_M.v:0$482'.
Creating decoders for process `\acc_M.$proc$cores/multiplicador_M/acc_M.v:10$480'.
     1/1: $0\pp[31:0]
Creating decoders for process `\control_mult_M.$proc$cores/multiplicador_M/control_mult_M.v:0$479'.
Creating decoders for process `\control_mult_M.$proc$cores/multiplicador_M/control_mult_M.v:35$475'.
     1/11: $5\state[2:0]
     2/11: $4\state[2:0]
     3/11: $3\state[2:0]
     4/11: $2\state[2:0]
     5/11: $2\count[4:0]
     6/11: $1\state[2:0]
     7/11: $1\count[4:0]
     8/11: $0\add[0:0]
     9/11: $0\sh[0:0]
    10/11: $0\done[0:0]
    11/11: $0\reset[0:0]
Creating decoders for process `$paramod$1c9b49bacefaeab44db5983aee61d9795015608a\uart.$proc$cores/uart/uart.v:122$465'.
     1/5: $0\txd_reg[7:0]
     2/5: $0\tx_count16[3:0]
     3/5: $0\tx_bitcount[3:0]
     4/5: $0\uart_txd[0:0]
     5/5: $0\tx_busy[0:0]
Creating decoders for process `$paramod$1c9b49bacefaeab44db5983aee61d9795015608a\uart.$proc$cores/uart/uart.v:66$457'.
     1/7: $0\rxd_reg[7:0]
     2/7: $0\rx_bitcount[3:0]
     3/7: $0\rx_count16[3:0]
     4/7: $0\rx_busy[0:0]
     5/7: $0\rx_avail[0:0]
     6/7: $0\rx_error[0:0]
     7/7: $0\rx_data[7:0]
Creating decoders for process `$paramod$1c9b49bacefaeab44db5983aee61d9795015608a\uart.$proc$cores/uart/uart.v:52$456'.
Creating decoders for process `$paramod$1c9b49bacefaeab44db5983aee61d9795015608a\uart.$proc$cores/uart/uart.v:34$453'.
     1/1: $0\enable16_counter[15:0]
Creating decoders for process `\FemtoRV32.$proc$cores/cpu/femtorv32_quark_V2.v:0$450'.
Creating decoders for process `\FemtoRV32.$proc$cores/cpu/femtorv32_quark_V2.v:290$446'.
     1/1: $0\cycles[31:0]
Creating decoders for process `\FemtoRV32.$proc$cores/cpu/femtorv32_quark_V2.v:249$433'.
     1/5: $0\rs2[31:0]
     2/5: $0\rs1[31:0]
     3/5: $0\state[3:0]
     4/5: $0\instr[29:0]
     5/5: $0\PC[23:0]
Creating decoders for process `\FemtoRV32.$proc$cores/cpu/femtorv32_quark_V2.v:188$396'.
     1/2: $0\aluShamt[4:0]
     2/2: $0\aluReg[31:0]
Creating decoders for process `\FemtoRV32.$proc$cores/cpu/femtorv32_quark_V2.v:179$379'.
     1/10: $3$memwr$\registerFile$cores/cpu/femtorv32_quark_V2.v:185$299_EN[31:0]$395
     2/10: $3$memwr$\registerFile$cores/cpu/femtorv32_quark_V2.v:185$299_DATA[31:0]$394
     3/10: $3$memwr$\registerFile$cores/cpu/femtorv32_quark_V2.v:185$299_ADDR[4:0]$393
     4/10: $2$memwr$\registerFile$cores/cpu/femtorv32_quark_V2.v:185$299_EN[31:0]$391
     5/10: $2$memwr$\registerFile$cores/cpu/femtorv32_quark_V2.v:185$299_DATA[31:0]$390
     6/10: $2$memwr$\registerFile$cores/cpu/femtorv32_quark_V2.v:185$299_ADDR[4:0]$389
     7/10: $1$memwr$\registerFile$cores/cpu/femtorv32_quark_V2.v:181$298_EN[31:0]$385
     8/10: $1$memwr$\registerFile$cores/cpu/femtorv32_quark_V2.v:185$299_EN[31:0]$388
     9/10: $1$memwr$\registerFile$cores/cpu/femtorv32_quark_V2.v:185$299_DATA[31:0]$387
    10/10: $1$memwr$\registerFile$cores/cpu/femtorv32_quark_V2.v:185$299_ADDR[4:0]$386
Creating decoders for process `\bram.$proc$cores/bram/bram.v:20$270'.
     1/13: $1$memwr$\MEM$cores/bram/bram.v:27$269_EN[31:0]$295
     2/13: $1$memwr$\MEM$cores/bram/bram.v:27$269_DATA[31:0]$294
     3/13: $1$memwr$\MEM$cores/bram/bram.v:27$269_ADDR[29:0]$293
     4/13: $1$memwr$\MEM$cores/bram/bram.v:26$268_EN[31:0]$292
     5/13: $1$memwr$\MEM$cores/bram/bram.v:26$268_DATA[31:0]$291
     6/13: $1$memwr$\MEM$cores/bram/bram.v:26$268_ADDR[29:0]$290
     7/13: $1$memwr$\MEM$cores/bram/bram.v:25$267_EN[31:0]$289
     8/13: $1$memwr$\MEM$cores/bram/bram.v:25$267_DATA[31:0]$288
     9/13: $1$memwr$\MEM$cores/bram/bram.v:25$267_ADDR[29:0]$287
    10/13: $1$memwr$\MEM$cores/bram/bram.v:24$266_EN[31:0]$286
    11/13: $1$memwr$\MEM$cores/bram/bram.v:24$266_DATA[31:0]$285
    12/13: $1$memwr$\MEM$cores/bram/bram.v:24$266_ADDR[29:0]$284
    13/13: $0\mem_rdata[31:0]
Creating decoders for process `$paramod$e358107493866f19ba52d8dda1c67d080e76663e\peripheral_uart.$proc$cores/uart/perip_uart.v:21$265'.
Creating decoders for process `$paramod$e358107493866f19ba52d8dda1c67d080e76663e\peripheral_uart.$proc$cores/uart/perip_uart.v:20$264'.
Creating decoders for process `$paramod$e358107493866f19ba52d8dda1c67d080e76663e\peripheral_uart.$proc$cores/uart/perip_uart.v:0$263'.
Creating decoders for process `$paramod$e358107493866f19ba52d8dda1c67d080e76663e\peripheral_uart.$proc$cores/uart/perip_uart.v:45$262'.
     1/1: $1\d_out[31:0]
Creating decoders for process `$paramod$e358107493866f19ba52d8dda1c67d080e76663e\peripheral_uart.$proc$cores/uart/perip_uart.v:38$257'.
Creating decoders for process `$paramod$e358107493866f19ba52d8dda1c67d080e76663e\peripheral_uart.$proc$cores/uart/perip_uart.v:29$254'.
     1/1: $1\s[1:0]
Creating decoders for process `\peripheral_bin2bcd.$proc$cores/bin2bcd/perip_bin2bcd.v:50$253'.
     1/3: $3\d_out[31:0]
     2/3: $2\d_out[31:0]
     3/3: $1\d_out[31:0]
Creating decoders for process `\peripheral_bin2bcd.$proc$cores/bin2bcd/perip_bin2bcd.v:34$249'.
     1/4: $2\init[0:0]
     2/4: $2\A[15:0]
     3/4: $1\A[15:0]
     4/4: $1\init[0:0]
Creating decoders for process `\peripheral_bin2bcd.$proc$cores/bin2bcd/perip_bin2bcd.v:19$248'.
     1/2: $2\s[4:0]
     2/2: $1\s[4:0]
Creating decoders for process `\peripheral_bcd2bin.$proc$cores/bcd2bin/perip_bcd2bin.v:50$247'.
     1/3: $3\d_out[31:0]
     2/3: $2\d_out[31:0]
     3/3: $1\d_out[31:0]
Creating decoders for process `\peripheral_bcd2bin.$proc$cores/bcd2bin/perip_bcd2bin.v:34$243'.
     1/4: $2\init[0:0]
     2/4: $2\A[19:0]
     3/4: $1\A[19:0]
     4/4: $1\init[0:0]
Creating decoders for process `\peripheral_bcd2bin.$proc$cores/bcd2bin/perip_bcd2bin.v:19$242'.
     1/2: $2\s[4:0]
     2/2: $1\s[4:0]
Creating decoders for process `\peripheral_mult_M.$proc$cores/multiplicador_M/perip_mult_M.v:56$241'.
     1/3: $3\d_out[31:0]
     2/3: $2\d_out[31:0]
     3/3: $1\d_out[31:0]
Creating decoders for process `\peripheral_mult_M.$proc$cores/multiplicador_M/perip_mult_M.v:38$236'.
     1/6: $2\init[0:0]
     2/6: $2\B[15:0]
     3/6: $2\A[15:0]
     4/6: $1\B[15:0]
     5/6: $1\A[15:0]
     6/6: $1\init[0:0]
Creating decoders for process `\peripheral_mult_M.$proc$cores/multiplicador_M/perip_mult_M.v:20$235'.
     1/2: $2\s[4:0]
     2/2: $1\s[4:0]
Creating decoders for process `\SOC.$proc$SOC.v:128$234'.
     1/1: $1\mem_rdata[31:0]
Creating decoders for process `\SOC.$proc$SOC.v:113$233'.
     1/1: $1\cs[7:0]

32.5.8. Executing PROC_DLATCH pass (convert process syncs to latches).
No latch inferred for signal `\mux.\out' from process `\mux.$proc$cores/bin2bcd/mux2.v:8$502'.
No latch inferred for signal `\add_sub_c2.\Result' from process `\add_sub_c2.$proc$cores/bin2bcd/add_sub_c2.v:7$500'.
No latch inferred for signal `\reg_msb.\out' from process `\reg_msb.$proc$cores/bin2bcd/reg_msb.v:14$497'.
No latch inferred for signal `\ctrl_b2b.\done' from process `\ctrl_b2b.$proc$cores/bin2bcd/ctrl_b2b.v:73$491'.
No latch inferred for signal `\ctrl_b2b.\sel' from process `\ctrl_b2b.$proc$cores/bin2bcd/ctrl_b2b.v:73$491'.
No latch inferred for signal `\ctrl_b2b.\ld' from process `\ctrl_b2b.$proc$cores/bin2bcd/ctrl_b2b.v:73$491'.
No latch inferred for signal `\ctrl_b2b.\sh' from process `\ctrl_b2b.$proc$cores/bin2bcd/ctrl_b2b.v:73$491'.
No latch inferred for signal `\ctrl_b2b.\ld_msb' from process `\ctrl_b2b.$proc$cores/bin2bcd/ctrl_b2b.v:73$491'.
No latch inferred for signal `\ctrl_b2b.\add' from process `\ctrl_b2b.$proc$cores/bin2bcd/ctrl_b2b.v:73$491'.
No latch inferred for signal `\comp_M.\z' from process `\comp_M.$proc$cores/multiplicador_M/comp_M.v:6$483'.
No latch inferred for signal `\FemtoRV32.$memwr$\registerFile$cores/cpu/femtorv32_quark_V2.v:301$300_EN' from process `\FemtoRV32.$proc$cores/cpu/femtorv32_quark_V2.v:0$450'.
No latch inferred for signal `$paramod$e358107493866f19ba52d8dda1c67d080e76663e\peripheral_uart.\s' from process `$paramod$e358107493866f19ba52d8dda1c67d080e76663e\peripheral_uart.$proc$cores/uart/perip_uart.v:29$254'.
No latch inferred for signal `\peripheral_bin2bcd.\s' from process `\peripheral_bin2bcd.$proc$cores/bin2bcd/perip_bin2bcd.v:19$248'.
No latch inferred for signal `\peripheral_bcd2bin.\s' from process `\peripheral_bcd2bin.$proc$cores/bcd2bin/perip_bcd2bin.v:19$242'.
No latch inferred for signal `\peripheral_mult_M.\s' from process `\peripheral_mult_M.$proc$cores/multiplicador_M/perip_mult_M.v:20$235'.
No latch inferred for signal `\SOC.\mem_rdata' from process `\SOC.$proc$SOC.v:128$234'.
No latch inferred for signal `\SOC.\cs' from process `\SOC.$proc$SOC.v:113$233'.

32.5.9. Executing PROC_DFF pass (convert process syncs to FFs).
Creating register for signal `\TRELLIS_FF.\Q' using process `\TRELLIS_FF.$proc$/home/miguelangel-garcia/miniconda3/envs/digital/bin/../share/yosys/ecp5/cells_sim.v:350$224'.
  created $dff cell `$procdff$1411' with positive edge clock.
Creating register for signal `\DPR16X4C.\i' using process `\DPR16X4C.$proc$/home/miguelangel-garcia/miniconda3/envs/digital/bin/../share/yosys/ecp5/cells_sim.v:0$199'.
  created direct connection (no actual register cell created).
Creating register for signal `\DPR16X4C.$memwr$\ram$/home/miguelangel-garcia/miniconda3/envs/digital/bin/../share/yosys/ecp5/cells_sim.v:281$160_EN' using process `\DPR16X4C.$proc$/home/miguelangel-garcia/miniconda3/envs/digital/bin/../share/yosys/ecp5/cells_sim.v:0$199'.
  created direct connection (no actual register cell created).
Creating register for signal `\DPR16X4C.$memwr$\ram$/home/miguelangel-garcia/miniconda3/envs/digital/bin/../share/yosys/ecp5/cells_sim.v:281$161_EN' using process `\DPR16X4C.$proc$/home/miguelangel-garcia/miniconda3/envs/digital/bin/../share/yosys/ecp5/cells_sim.v:0$199'.
  created direct connection (no actual register cell created).
Creating register for signal `\DPR16X4C.$memwr$\ram$/home/miguelangel-garcia/miniconda3/envs/digital/bin/../share/yosys/ecp5/cells_sim.v:281$162_EN' using process `\DPR16X4C.$proc$/home/miguelangel-garcia/miniconda3/envs/digital/bin/../share/yosys/ecp5/cells_sim.v:0$199'.
  created direct connection (no actual register cell created).
Creating register for signal `\DPR16X4C.$memwr$\ram$/home/miguelangel-garcia/miniconda3/envs/digital/bin/../share/yosys/ecp5/cells_sim.v:281$163_EN' using process `\DPR16X4C.$proc$/home/miguelangel-garcia/miniconda3/envs/digital/bin/../share/yosys/ecp5/cells_sim.v:0$199'.
  created direct connection (no actual register cell created).
Creating register for signal `\DPR16X4C.$memwr$\ram$/home/miguelangel-garcia/miniconda3/envs/digital/bin/../share/yosys/ecp5/cells_sim.v:281$164_EN' using process `\DPR16X4C.$proc$/home/miguelangel-garcia/miniconda3/envs/digital/bin/../share/yosys/ecp5/cells_sim.v:0$199'.
  created direct connection (no actual register cell created).
Creating register for signal `\DPR16X4C.$memwr$\ram$/home/miguelangel-garcia/miniconda3/envs/digital/bin/../share/yosys/ecp5/cells_sim.v:281$165_EN' using process `\DPR16X4C.$proc$/home/miguelangel-garcia/miniconda3/envs/digital/bin/../share/yosys/ecp5/cells_sim.v:0$199'.
  created direct connection (no actual register cell created).
Creating register for signal `\DPR16X4C.$memwr$\ram$/home/miguelangel-garcia/miniconda3/envs/digital/bin/../share/yosys/ecp5/cells_sim.v:281$166_EN' using process `\DPR16X4C.$proc$/home/miguelangel-garcia/miniconda3/envs/digital/bin/../share/yosys/ecp5/cells_sim.v:0$199'.
  created direct connection (no actual register cell created).
Creating register for signal `\DPR16X4C.$memwr$\ram$/home/miguelangel-garcia/miniconda3/envs/digital/bin/../share/yosys/ecp5/cells_sim.v:281$167_EN' using process `\DPR16X4C.$proc$/home/miguelangel-garcia/miniconda3/envs/digital/bin/../share/yosys/ecp5/cells_sim.v:0$199'.
  created direct connection (no actual register cell created).
Creating register for signal `\DPR16X4C.$memwr$\ram$/home/miguelangel-garcia/miniconda3/envs/digital/bin/../share/yosys/ecp5/cells_sim.v:281$168_EN' using process `\DPR16X4C.$proc$/home/miguelangel-garcia/miniconda3/envs/digital/bin/../share/yosys/ecp5/cells_sim.v:0$199'.
  created direct connection (no actual register cell created).
Creating register for signal `\DPR16X4C.$memwr$\ram$/home/miguelangel-garcia/miniconda3/envs/digital/bin/../share/yosys/ecp5/cells_sim.v:281$169_EN' using process `\DPR16X4C.$proc$/home/miguelangel-garcia/miniconda3/envs/digital/bin/../share/yosys/ecp5/cells_sim.v:0$199'.
  created direct connection (no actual register cell created).
Creating register for signal `\DPR16X4C.$memwr$\ram$/home/miguelangel-garcia/miniconda3/envs/digital/bin/../share/yosys/ecp5/cells_sim.v:281$170_EN' using process `\DPR16X4C.$proc$/home/miguelangel-garcia/miniconda3/envs/digital/bin/../share/yosys/ecp5/cells_sim.v:0$199'.
  created direct connection (no actual register cell created).
Creating register for signal `\DPR16X4C.$memwr$\ram$/home/miguelangel-garcia/miniconda3/envs/digital/bin/../share/yosys/ecp5/cells_sim.v:281$171_EN' using process `\DPR16X4C.$proc$/home/miguelangel-garcia/miniconda3/envs/digital/bin/../share/yosys/ecp5/cells_sim.v:0$199'.
  created direct connection (no actual register cell created).
Creating register for signal `\DPR16X4C.$memwr$\ram$/home/miguelangel-garcia/miniconda3/envs/digital/bin/../share/yosys/ecp5/cells_sim.v:281$172_EN' using process `\DPR16X4C.$proc$/home/miguelangel-garcia/miniconda3/envs/digital/bin/../share/yosys/ecp5/cells_sim.v:0$199'.
  created direct connection (no actual register cell created).
Creating register for signal `\DPR16X4C.$memwr$\ram$/home/miguelangel-garcia/miniconda3/envs/digital/bin/../share/yosys/ecp5/cells_sim.v:281$173_EN' using process `\DPR16X4C.$proc$/home/miguelangel-garcia/miniconda3/envs/digital/bin/../share/yosys/ecp5/cells_sim.v:0$199'.
  created direct connection (no actual register cell created).
Creating register for signal `\DPR16X4C.$memwr$\ram$/home/miguelangel-garcia/miniconda3/envs/digital/bin/../share/yosys/ecp5/cells_sim.v:281$174_EN' using process `\DPR16X4C.$proc$/home/miguelangel-garcia/miniconda3/envs/digital/bin/../share/yosys/ecp5/cells_sim.v:0$199'.
  created direct connection (no actual register cell created).
Creating register for signal `\DPR16X4C.$memwr$\ram$/home/miguelangel-garcia/miniconda3/envs/digital/bin/../share/yosys/ecp5/cells_sim.v:287$175_ADDR' using process `\DPR16X4C.$proc$/home/miguelangel-garcia/miniconda3/envs/digital/bin/../share/yosys/ecp5/cells_sim.v:285$176'.
  created $dff cell `$procdff$1412' with positive edge clock.
Creating register for signal `\DPR16X4C.$memwr$\ram$/home/miguelangel-garcia/miniconda3/envs/digital/bin/../share/yosys/ecp5/cells_sim.v:287$175_DATA' using process `\DPR16X4C.$proc$/home/miguelangel-garcia/miniconda3/envs/digital/bin/../share/yosys/ecp5/cells_sim.v:285$176'.
  created $dff cell `$procdff$1413' with positive edge clock.
Creating register for signal `\DPR16X4C.$memwr$\ram$/home/miguelangel-garcia/miniconda3/envs/digital/bin/../share/yosys/ecp5/cells_sim.v:287$175_EN' using process `\DPR16X4C.$proc$/home/miguelangel-garcia/miniconda3/envs/digital/bin/../share/yosys/ecp5/cells_sim.v:285$176'.
  created $dff cell `$procdff$1414' with positive edge clock.
Creating register for signal `\TRELLIS_DPR16X4.\i' using process `\TRELLIS_DPR16X4.$proc$/home/miguelangel-garcia/miniconda3/envs/digital/bin/../share/yosys/ecp5/cells_sim.v:0$142'.
  created direct connection (no actual register cell created).
Creating register for signal `\TRELLIS_DPR16X4.$memwr$\mem$/home/miguelangel-garcia/miniconda3/envs/digital/bin/../share/yosys/ecp5/cells_sim.v:207$100_EN' using process `\TRELLIS_DPR16X4.$proc$/home/miguelangel-garcia/miniconda3/envs/digital/bin/../share/yosys/ecp5/cells_sim.v:0$142'.
  created direct connection (no actual register cell created).
Creating register for signal `\TRELLIS_DPR16X4.$memwr$\mem$/home/miguelangel-garcia/miniconda3/envs/digital/bin/../share/yosys/ecp5/cells_sim.v:207$101_EN' using process `\TRELLIS_DPR16X4.$proc$/home/miguelangel-garcia/miniconda3/envs/digital/bin/../share/yosys/ecp5/cells_sim.v:0$142'.
  created direct connection (no actual register cell created).
Creating register for signal `\TRELLIS_DPR16X4.$memwr$\mem$/home/miguelangel-garcia/miniconda3/envs/digital/bin/../share/yosys/ecp5/cells_sim.v:207$102_EN' using process `\TRELLIS_DPR16X4.$proc$/home/miguelangel-garcia/miniconda3/envs/digital/bin/../share/yosys/ecp5/cells_sim.v:0$142'.
  created direct connection (no actual register cell created).
Creating register for signal `\TRELLIS_DPR16X4.$memwr$\mem$/home/miguelangel-garcia/miniconda3/envs/digital/bin/../share/yosys/ecp5/cells_sim.v:207$103_EN' using process `\TRELLIS_DPR16X4.$proc$/home/miguelangel-garcia/miniconda3/envs/digital/bin/../share/yosys/ecp5/cells_sim.v:0$142'.
  created direct connection (no actual register cell created).
Creating register for signal `\TRELLIS_DPR16X4.$memwr$\mem$/home/miguelangel-garcia/miniconda3/envs/digital/bin/../share/yosys/ecp5/cells_sim.v:207$104_EN' using process `\TRELLIS_DPR16X4.$proc$/home/miguelangel-garcia/miniconda3/envs/digital/bin/../share/yosys/ecp5/cells_sim.v:0$142'.
  created direct connection (no actual register cell created).
Creating register for signal `\TRELLIS_DPR16X4.$memwr$\mem$/home/miguelangel-garcia/miniconda3/envs/digital/bin/../share/yosys/ecp5/cells_sim.v:207$105_EN' using process `\TRELLIS_DPR16X4.$proc$/home/miguelangel-garcia/miniconda3/envs/digital/bin/../share/yosys/ecp5/cells_sim.v:0$142'.
  created direct connection (no actual register cell created).
Creating register for signal `\TRELLIS_DPR16X4.$memwr$\mem$/home/miguelangel-garcia/miniconda3/envs/digital/bin/../share/yosys/ecp5/cells_sim.v:207$106_EN' using process `\TRELLIS_DPR16X4.$proc$/home/miguelangel-garcia/miniconda3/envs/digital/bin/../share/yosys/ecp5/cells_sim.v:0$142'.
  created direct connection (no actual register cell created).
Creating register for signal `\TRELLIS_DPR16X4.$memwr$\mem$/home/miguelangel-garcia/miniconda3/envs/digital/bin/../share/yosys/ecp5/cells_sim.v:207$107_EN' using process `\TRELLIS_DPR16X4.$proc$/home/miguelangel-garcia/miniconda3/envs/digital/bin/../share/yosys/ecp5/cells_sim.v:0$142'.
  created direct connection (no actual register cell created).
Creating register for signal `\TRELLIS_DPR16X4.$memwr$\mem$/home/miguelangel-garcia/miniconda3/envs/digital/bin/../share/yosys/ecp5/cells_sim.v:207$108_EN' using process `\TRELLIS_DPR16X4.$proc$/home/miguelangel-garcia/miniconda3/envs/digital/bin/../share/yosys/ecp5/cells_sim.v:0$142'.
  created direct connection (no actual register cell created).
Creating register for signal `\TRELLIS_DPR16X4.$memwr$\mem$/home/miguelangel-garcia/miniconda3/envs/digital/bin/../share/yosys/ecp5/cells_sim.v:207$109_EN' using process `\TRELLIS_DPR16X4.$proc$/home/miguelangel-garcia/miniconda3/envs/digital/bin/../share/yosys/ecp5/cells_sim.v:0$142'.
  created direct connection (no actual register cell created).
Creating register for signal `\TRELLIS_DPR16X4.$memwr$\mem$/home/miguelangel-garcia/miniconda3/envs/digital/bin/../share/yosys/ecp5/cells_sim.v:207$110_EN' using process `\TRELLIS_DPR16X4.$proc$/home/miguelangel-garcia/miniconda3/envs/digital/bin/../share/yosys/ecp5/cells_sim.v:0$142'.
  created direct connection (no actual register cell created).
Creating register for signal `\TRELLIS_DPR16X4.$memwr$\mem$/home/miguelangel-garcia/miniconda3/envs/digital/bin/../share/yosys/ecp5/cells_sim.v:207$111_EN' using process `\TRELLIS_DPR16X4.$proc$/home/miguelangel-garcia/miniconda3/envs/digital/bin/../share/yosys/ecp5/cells_sim.v:0$142'.
  created direct connection (no actual register cell created).
Creating register for signal `\TRELLIS_DPR16X4.$memwr$\mem$/home/miguelangel-garcia/miniconda3/envs/digital/bin/../share/yosys/ecp5/cells_sim.v:207$112_EN' using process `\TRELLIS_DPR16X4.$proc$/home/miguelangel-garcia/miniconda3/envs/digital/bin/../share/yosys/ecp5/cells_sim.v:0$142'.
  created direct connection (no actual register cell created).
Creating register for signal `\TRELLIS_DPR16X4.$memwr$\mem$/home/miguelangel-garcia/miniconda3/envs/digital/bin/../share/yosys/ecp5/cells_sim.v:207$113_EN' using process `\TRELLIS_DPR16X4.$proc$/home/miguelangel-garcia/miniconda3/envs/digital/bin/../share/yosys/ecp5/cells_sim.v:0$142'.
  created direct connection (no actual register cell created).
Creating register for signal `\TRELLIS_DPR16X4.$memwr$\mem$/home/miguelangel-garcia/miniconda3/envs/digital/bin/../share/yosys/ecp5/cells_sim.v:207$114_EN' using process `\TRELLIS_DPR16X4.$proc$/home/miguelangel-garcia/miniconda3/envs/digital/bin/../share/yosys/ecp5/cells_sim.v:0$142'.
  created direct connection (no actual register cell created).
Creating register for signal `\TRELLIS_DPR16X4.$memwr$\mem$/home/miguelangel-garcia/miniconda3/envs/digital/bin/../share/yosys/ecp5/cells_sim.v:207$115_EN' using process `\TRELLIS_DPR16X4.$proc$/home/miguelangel-garcia/miniconda3/envs/digital/bin/../share/yosys/ecp5/cells_sim.v:0$142'.
  created direct connection (no actual register cell created).
Creating register for signal `\TRELLIS_DPR16X4.$memwr$\mem$/home/miguelangel-garcia/miniconda3/envs/digital/bin/../share/yosys/ecp5/cells_sim.v:223$116_ADDR' using process `\TRELLIS_DPR16X4.$proc$/home/miguelangel-garcia/miniconda3/envs/digital/bin/../share/yosys/ecp5/cells_sim.v:221$118'.
  created $dff cell `$procdff$1415' with positive edge clock.
Creating register for signal `\TRELLIS_DPR16X4.$memwr$\mem$/home/miguelangel-garcia/miniconda3/envs/digital/bin/../share/yosys/ecp5/cells_sim.v:223$116_DATA' using process `\TRELLIS_DPR16X4.$proc$/home/miguelangel-garcia/miniconda3/envs/digital/bin/../share/yosys/ecp5/cells_sim.v:221$118'.
  created $dff cell `$procdff$1416' with positive edge clock.
Creating register for signal `\TRELLIS_DPR16X4.$memwr$\mem$/home/miguelangel-garcia/miniconda3/envs/digital/bin/../share/yosys/ecp5/cells_sim.v:223$116_EN' using process `\TRELLIS_DPR16X4.$proc$/home/miguelangel-garcia/miniconda3/envs/digital/bin/../share/yosys/ecp5/cells_sim.v:221$118'.
  created $dff cell `$procdff$1417' with positive edge clock.
Creating register for signal `\TRELLIS_DPR16X4.\muxwre' using process `\TRELLIS_DPR16X4.$proc$/home/miguelangel-garcia/miniconda3/envs/digital/bin/../share/yosys/ecp5/cells_sim.v:213$117'.
  created direct connection (no actual register cell created).
Creating register for signal `\lsr4.\data' using process `\lsr4.$proc$cores/bin2bcd/lsr4.v:15$509'.
  created $dff cell `$procdff$1418' with negative edge clock.
Creating register for signal `\rsr4.\data' using process `\rsr4.$proc$cores/bcd2bin/rsr4.v:17$503'.
  created $dff cell `$procdff$1419' with negative edge clock.
Creating register for signal `\reg_msb.\cont' using process `\reg_msb.$proc$cores/bin2bcd/reg_msb.v:22$499'.
  created $dff cell `$procdff$1420' with negative edge clock.
Creating register for signal `\cnt_bin2bcd.\z' using process `\cnt_bin2bcd.$proc$cores/bin2bcd/count.v:11$492'.
  created $dff cell `$procdff$1421' with negative edge clock.
Creating register for signal `\cnt_bin2bcd.\cont' using process `\cnt_bin2bcd.$proc$cores/bin2bcd/count.v:11$492'.
  created $dff cell `$procdff$1422' with negative edge clock.
Creating register for signal `\ctrl_b2b.\count' using process `\ctrl_b2b.$proc$cores/bin2bcd/ctrl_b2b.v:25$487'.
  created $dff cell `$procdff$1423' with positive edge clock.
Creating register for signal `\ctrl_b2b.\state' using process `\ctrl_b2b.$proc$cores/bin2bcd/ctrl_b2b.v:25$487'.
  created $dff cell `$procdff$1424' with positive edge clock.
Creating register for signal `\shiftR_16_M.\s_B' using process `\shiftR_16_M.$proc$cores/multiplicador_M/shiftR_16_M.v:8$486'.
  created $dff cell `$procdff$1425' with negative edge clock.
Creating register for signal `\shiftL_32_M.\s_A' using process `\shiftL_32_M.$proc$cores/multiplicador_M/shiftL_32_M.v:8$485'.
  created $dff cell `$procdff$1426' with negative edge clock.
Creating register for signal `\acc_M.\pp' using process `\acc_M.$proc$cores/multiplicador_M/acc_M.v:10$480'.
  created $dff cell `$procdff$1427' with negative edge clock.
Creating register for signal `\control_mult_M.\reset' using process `\control_mult_M.$proc$cores/multiplicador_M/control_mult_M.v:35$475'.
  created $dff cell `$procdff$1428' with positive edge clock.
Creating register for signal `\control_mult_M.\done' using process `\control_mult_M.$proc$cores/multiplicador_M/control_mult_M.v:35$475'.
  created $dff cell `$procdff$1429' with positive edge clock.
Creating register for signal `\control_mult_M.\count' using process `\control_mult_M.$proc$cores/multiplicador_M/control_mult_M.v:35$475'.
  created $dff cell `$procdff$1430' with positive edge clock.
Creating register for signal `\control_mult_M.\state' using process `\control_mult_M.$proc$cores/multiplicador_M/control_mult_M.v:35$475'.
  created $dff cell `$procdff$1431' with positive edge clock.
Creating register for signal `\control_mult_M.\sh' using process `\control_mult_M.$proc$cores/multiplicador_M/control_mult_M.v:35$475'.
  created $dff cell `$procdff$1432' with positive edge clock.
Creating register for signal `\control_mult_M.\add' using process `\control_mult_M.$proc$cores/multiplicador_M/control_mult_M.v:35$475'.
  created $dff cell `$procdff$1433' with positive edge clock.
Creating register for signal `$paramod$1c9b49bacefaeab44db5983aee61d9795015608a\uart.\tx_busy' using process `$paramod$1c9b49bacefaeab44db5983aee61d9795015608a\uart.$proc$cores/uart/uart.v:122$465'.
  created $dff cell `$procdff$1434' with positive edge clock.
Creating register for signal `$paramod$1c9b49bacefaeab44db5983aee61d9795015608a\uart.\uart_txd' using process `$paramod$1c9b49bacefaeab44db5983aee61d9795015608a\uart.$proc$cores/uart/uart.v:122$465'.
  created $dff cell `$procdff$1435' with positive edge clock.
Creating register for signal `$paramod$1c9b49bacefaeab44db5983aee61d9795015608a\uart.\tx_bitcount' using process `$paramod$1c9b49bacefaeab44db5983aee61d9795015608a\uart.$proc$cores/uart/uart.v:122$465'.
  created $dff cell `$procdff$1436' with positive edge clock.
Creating register for signal `$paramod$1c9b49bacefaeab44db5983aee61d9795015608a\uart.\tx_count16' using process `$paramod$1c9b49bacefaeab44db5983aee61d9795015608a\uart.$proc$cores/uart/uart.v:122$465'.
  created $dff cell `$procdff$1437' with positive edge clock.
Creating register for signal `$paramod$1c9b49bacefaeab44db5983aee61d9795015608a\uart.\txd_reg' using process `$paramod$1c9b49bacefaeab44db5983aee61d9795015608a\uart.$proc$cores/uart/uart.v:122$465'.
  created $dff cell `$procdff$1438' with positive edge clock.
Creating register for signal `$paramod$1c9b49bacefaeab44db5983aee61d9795015608a\uart.\rx_data' using process `$paramod$1c9b49bacefaeab44db5983aee61d9795015608a\uart.$proc$cores/uart/uart.v:66$457'.
  created $dff cell `$procdff$1439' with positive edge clock.
Creating register for signal `$paramod$1c9b49bacefaeab44db5983aee61d9795015608a\uart.\rx_error' using process `$paramod$1c9b49bacefaeab44db5983aee61d9795015608a\uart.$proc$cores/uart/uart.v:66$457'.
  created $dff cell `$procdff$1440' with positive edge clock.
Creating register for signal `$paramod$1c9b49bacefaeab44db5983aee61d9795015608a\uart.\rx_avail' using process `$paramod$1c9b49bacefaeab44db5983aee61d9795015608a\uart.$proc$cores/uart/uart.v:66$457'.
  created $dff cell `$procdff$1441' with positive edge clock.
Creating register for signal `$paramod$1c9b49bacefaeab44db5983aee61d9795015608a\uart.\rx_busy' using process `$paramod$1c9b49bacefaeab44db5983aee61d9795015608a\uart.$proc$cores/uart/uart.v:66$457'.
  created $dff cell `$procdff$1442' with positive edge clock.
Creating register for signal `$paramod$1c9b49bacefaeab44db5983aee61d9795015608a\uart.\rx_count16' using process `$paramod$1c9b49bacefaeab44db5983aee61d9795015608a\uart.$proc$cores/uart/uart.v:66$457'.
  created $dff cell `$procdff$1443' with positive edge clock.
Creating register for signal `$paramod$1c9b49bacefaeab44db5983aee61d9795015608a\uart.\rx_bitcount' using process `$paramod$1c9b49bacefaeab44db5983aee61d9795015608a\uart.$proc$cores/uart/uart.v:66$457'.
  created $dff cell `$procdff$1444' with positive edge clock.
Creating register for signal `$paramod$1c9b49bacefaeab44db5983aee61d9795015608a\uart.\rxd_reg' using process `$paramod$1c9b49bacefaeab44db5983aee61d9795015608a\uart.$proc$cores/uart/uart.v:66$457'.
  created $dff cell `$procdff$1445' with positive edge clock.
Creating register for signal `$paramod$1c9b49bacefaeab44db5983aee61d9795015608a\uart.\uart_rxd1' using process `$paramod$1c9b49bacefaeab44db5983aee61d9795015608a\uart.$proc$cores/uart/uart.v:52$456'.
  created $dff cell `$procdff$1446' with positive edge clock.
Creating register for signal `$paramod$1c9b49bacefaeab44db5983aee61d9795015608a\uart.\uart_rxd2' using process `$paramod$1c9b49bacefaeab44db5983aee61d9795015608a\uart.$proc$cores/uart/uart.v:52$456'.
  created $dff cell `$procdff$1447' with positive edge clock.
Creating register for signal `$paramod$1c9b49bacefaeab44db5983aee61d9795015608a\uart.\enable16_counter' using process `$paramod$1c9b49bacefaeab44db5983aee61d9795015608a\uart.$proc$cores/uart/uart.v:34$453'.
  created $dff cell `$procdff$1448' with positive edge clock.
Creating register for signal `\FemtoRV32.\cycles' using process `\FemtoRV32.$proc$cores/cpu/femtorv32_quark_V2.v:290$446'.
  created $dff cell `$procdff$1449' with positive edge clock.
Creating register for signal `\FemtoRV32.\PC' using process `\FemtoRV32.$proc$cores/cpu/femtorv32_quark_V2.v:249$433'.
  created $dff cell `$procdff$1450' with positive edge clock.
Creating register for signal `\FemtoRV32.\instr' using process `\FemtoRV32.$proc$cores/cpu/femtorv32_quark_V2.v:249$433'.
  created $dff cell `$procdff$1451' with positive edge clock.
Creating register for signal `\FemtoRV32.\state' using process `\FemtoRV32.$proc$cores/cpu/femtorv32_quark_V2.v:249$433'.
  created $dff cell `$procdff$1452' with positive edge clock.
Creating register for signal `\FemtoRV32.\rs1' using process `\FemtoRV32.$proc$cores/cpu/femtorv32_quark_V2.v:249$433'.
  created $dff cell `$procdff$1453' with positive edge clock.
Creating register for signal `\FemtoRV32.\rs2' using process `\FemtoRV32.$proc$cores/cpu/femtorv32_quark_V2.v:249$433'.
  created $dff cell `$procdff$1454' with positive edge clock.
Creating register for signal `\FemtoRV32.\aluReg' using process `\FemtoRV32.$proc$cores/cpu/femtorv32_quark_V2.v:188$396'.
  created $dff cell `$procdff$1455' with positive edge clock.
Creating register for signal `\FemtoRV32.\aluShamt' using process `\FemtoRV32.$proc$cores/cpu/femtorv32_quark_V2.v:188$396'.
  created $dff cell `$procdff$1456' with positive edge clock.
Creating register for signal `\FemtoRV32.$memwr$\registerFile$cores/cpu/femtorv32_quark_V2.v:181$298_EN' using process `\FemtoRV32.$proc$cores/cpu/femtorv32_quark_V2.v:179$379'.
  created $dff cell `$procdff$1457' with positive edge clock.
Creating register for signal `\FemtoRV32.$memwr$\registerFile$cores/cpu/femtorv32_quark_V2.v:185$299_ADDR' using process `\FemtoRV32.$proc$cores/cpu/femtorv32_quark_V2.v:179$379'.
  created $dff cell `$procdff$1458' with positive edge clock.
Creating register for signal `\FemtoRV32.$memwr$\registerFile$cores/cpu/femtorv32_quark_V2.v:185$299_DATA' using process `\FemtoRV32.$proc$cores/cpu/femtorv32_quark_V2.v:179$379'.
  created $dff cell `$procdff$1459' with positive edge clock.
Creating register for signal `\FemtoRV32.$memwr$\registerFile$cores/cpu/femtorv32_quark_V2.v:185$299_EN' using process `\FemtoRV32.$proc$cores/cpu/femtorv32_quark_V2.v:179$379'.
  created $dff cell `$procdff$1460' with positive edge clock.
Creating register for signal `\bram.\mem_rdata' using process `\bram.$proc$cores/bram/bram.v:20$270'.
  created $dff cell `$procdff$1461' with positive edge clock.
Creating register for signal `\bram.$memwr$\MEM$cores/bram/bram.v:24$266_ADDR' using process `\bram.$proc$cores/bram/bram.v:20$270'.
  created $dff cell `$procdff$1462' with positive edge clock.
Creating register for signal `\bram.$memwr$\MEM$cores/bram/bram.v:24$266_DATA' using process `\bram.$proc$cores/bram/bram.v:20$270'.
  created $dff cell `$procdff$1463' with positive edge clock.
Creating register for signal `\bram.$memwr$\MEM$cores/bram/bram.v:24$266_EN' using process `\bram.$proc$cores/bram/bram.v:20$270'.
  created $dff cell `$procdff$1464' with positive edge clock.
Creating register for signal `\bram.$memwr$\MEM$cores/bram/bram.v:25$267_ADDR' using process `\bram.$proc$cores/bram/bram.v:20$270'.
  created $dff cell `$procdff$1465' with positive edge clock.
Creating register for signal `\bram.$memwr$\MEM$cores/bram/bram.v:25$267_DATA' using process `\bram.$proc$cores/bram/bram.v:20$270'.
  created $dff cell `$procdff$1466' with positive edge clock.
Creating register for signal `\bram.$memwr$\MEM$cores/bram/bram.v:25$267_EN' using process `\bram.$proc$cores/bram/bram.v:20$270'.
  created $dff cell `$procdff$1467' with positive edge clock.
Creating register for signal `\bram.$memwr$\MEM$cores/bram/bram.v:26$268_ADDR' using process `\bram.$proc$cores/bram/bram.v:20$270'.
  created $dff cell `$procdff$1468' with positive edge clock.
Creating register for signal `\bram.$memwr$\MEM$cores/bram/bram.v:26$268_DATA' using process `\bram.$proc$cores/bram/bram.v:20$270'.
  created $dff cell `$procdff$1469' with positive edge clock.
Creating register for signal `\bram.$memwr$\MEM$cores/bram/bram.v:26$268_EN' using process `\bram.$proc$cores/bram/bram.v:20$270'.
  created $dff cell `$procdff$1470' with positive edge clock.
Creating register for signal `\bram.$memwr$\MEM$cores/bram/bram.v:27$269_ADDR' using process `\bram.$proc$cores/bram/bram.v:20$270'.
  created $dff cell `$procdff$1471' with positive edge clock.
Creating register for signal `\bram.$memwr$\MEM$cores/bram/bram.v:27$269_DATA' using process `\bram.$proc$cores/bram/bram.v:20$270'.
  created $dff cell `$procdff$1472' with positive edge clock.
Creating register for signal `\bram.$memwr$\MEM$cores/bram/bram.v:27$269_EN' using process `\bram.$proc$cores/bram/bram.v:20$270'.
  created $dff cell `$procdff$1473' with positive edge clock.
Creating register for signal `$paramod$e358107493866f19ba52d8dda1c67d080e76663e\peripheral_uart.\d_out' using process `$paramod$e358107493866f19ba52d8dda1c67d080e76663e\peripheral_uart.$proc$cores/uart/perip_uart.v:45$262'.
  created $dff cell `$procdff$1474' with positive edge clock.
Creating register for signal `$paramod$e358107493866f19ba52d8dda1c67d080e76663e\peripheral_uart.\ledout' using process `$paramod$e358107493866f19ba52d8dda1c67d080e76663e\peripheral_uart.$proc$cores/uart/perip_uart.v:38$257'.
  created $dff cell `$procdff$1475' with positive edge clock.
Creating register for signal `$paramod$e358107493866f19ba52d8dda1c67d080e76663e\peripheral_uart.\d_in_uart' using process `$paramod$e358107493866f19ba52d8dda1c67d080e76663e\peripheral_uart.$proc$cores/uart/perip_uart.v:38$257'.
  created $dff cell `$procdff$1476' with positive edge clock.
Creating register for signal `$paramod$e358107493866f19ba52d8dda1c67d080e76663e\peripheral_uart.\uart_ctrl' using process `$paramod$e358107493866f19ba52d8dda1c67d080e76663e\peripheral_uart.$proc$cores/uart/perip_uart.v:38$257'.
  created $dff cell `$procdff$1477' with positive edge clock.
Creating register for signal `\peripheral_bin2bcd.\d_out' using process `\peripheral_bin2bcd.$proc$cores/bin2bcd/perip_bin2bcd.v:50$253'.
  created $dff cell `$procdff$1478' with positive edge clock.
Creating register for signal `\peripheral_bin2bcd.\A' using process `\peripheral_bin2bcd.$proc$cores/bin2bcd/perip_bin2bcd.v:34$249'.
  created $dff cell `$procdff$1479' with positive edge clock.
Creating register for signal `\peripheral_bin2bcd.\init' using process `\peripheral_bin2bcd.$proc$cores/bin2bcd/perip_bin2bcd.v:34$249'.
  created $dff cell `$procdff$1480' with positive edge clock.
Creating register for signal `\peripheral_bcd2bin.\d_out' using process `\peripheral_bcd2bin.$proc$cores/bcd2bin/perip_bcd2bin.v:50$247'.
  created $dff cell `$procdff$1481' with positive edge clock.
Creating register for signal `\peripheral_bcd2bin.\A' using process `\peripheral_bcd2bin.$proc$cores/bcd2bin/perip_bcd2bin.v:34$243'.
  created $dff cell `$procdff$1482' with positive edge clock.
Creating register for signal `\peripheral_bcd2bin.\init' using process `\peripheral_bcd2bin.$proc$cores/bcd2bin/perip_bcd2bin.v:34$243'.
  created $dff cell `$procdff$1483' with positive edge clock.
Creating register for signal `\peripheral_mult_M.\d_out' using process `\peripheral_mult_M.$proc$cores/multiplicador_M/perip_mult_M.v:56$241'.
  created $dff cell `$procdff$1484' with positive edge clock.
Creating register for signal `\peripheral_mult_M.\A' using process `\peripheral_mult_M.$proc$cores/multiplicador_M/perip_mult_M.v:38$236'.
  created $dff cell `$procdff$1485' with positive edge clock.
Creating register for signal `\peripheral_mult_M.\B' using process `\peripheral_mult_M.$proc$cores/multiplicador_M/perip_mult_M.v:38$236'.
  created $dff cell `$procdff$1486' with positive edge clock.
Creating register for signal `\peripheral_mult_M.\init' using process `\peripheral_mult_M.$proc$cores/multiplicador_M/perip_mult_M.v:38$236'.
  created $dff cell `$procdff$1487' with positive edge clock.

32.5.10. Executing PROC_MEMWR pass (convert process memory writes to cells).

32.5.11. Executing PROC_CLEAN pass (remove empty switches from decision trees).
Removing empty process `TRELLIS_FF.$proc$/home/miguelangel-garcia/miniconda3/envs/digital/bin/../share/yosys/ecp5/cells_sim.v:0$225'.
Found and cleaned up 2 empty switches in `\TRELLIS_FF.$proc$/home/miguelangel-garcia/miniconda3/envs/digital/bin/../share/yosys/ecp5/cells_sim.v:350$224'.
Removing empty process `TRELLIS_FF.$proc$/home/miguelangel-garcia/miniconda3/envs/digital/bin/../share/yosys/ecp5/cells_sim.v:350$224'.
Removing empty process `DPR16X4C.$proc$/home/miguelangel-garcia/miniconda3/envs/digital/bin/../share/yosys/ecp5/cells_sim.v:0$199'.
Found and cleaned up 1 empty switch in `\DPR16X4C.$proc$/home/miguelangel-garcia/miniconda3/envs/digital/bin/../share/yosys/ecp5/cells_sim.v:285$176'.
Removing empty process `TRELLIS_DPR16X4.$proc$/home/miguelangel-garcia/miniconda3/envs/digital/bin/../share/yosys/ecp5/cells_sim.v:0$142'.
Found and cleaned up 1 empty switch in `\TRELLIS_DPR16X4.$proc$/home/miguelangel-garcia/miniconda3/envs/digital/bin/../share/yosys/ecp5/cells_sim.v:221$118'.
Removing empty process `TRELLIS_DPR16X4.$proc$/home/miguelangel-garcia/miniconda3/envs/digital/bin/../share/yosys/ecp5/cells_sim.v:213$117'.
Found and cleaned up 7 empty switches in `\lsr4.$proc$cores/bin2bcd/lsr4.v:15$509'.
Removing empty process `lsr4.$proc$cores/bin2bcd/lsr4.v:15$509'.
Found and cleaned up 7 empty switches in `\rsr4.$proc$cores/bcd2bin/rsr4.v:17$503'.
Removing empty process `rsr4.$proc$cores/bcd2bin/rsr4.v:17$503'.
Found and cleaned up 1 empty switch in `\mux.$proc$cores/bin2bcd/mux2.v:8$502'.
Removing empty process `mux.$proc$cores/bin2bcd/mux2.v:8$502'.
Removing empty process `add_sub_c2.$proc$cores/bin2bcd/add_sub_c2.v:7$500'.
Found and cleaned up 2 empty switches in `\reg_msb.$proc$cores/bin2bcd/reg_msb.v:22$499'.
Removing empty process `reg_msb.$proc$cores/bin2bcd/reg_msb.v:22$499'.
Found and cleaned up 1 empty switch in `\reg_msb.$proc$cores/bin2bcd/reg_msb.v:14$497'.
Removing empty process `reg_msb.$proc$cores/bin2bcd/reg_msb.v:14$497'.
Removing empty process `cnt_bin2bcd.$proc$cores/bin2bcd/count.v:8$496'.
Found and cleaned up 2 empty switches in `\cnt_bin2bcd.$proc$cores/bin2bcd/count.v:11$492'.
Removing empty process `cnt_bin2bcd.$proc$cores/bin2bcd/count.v:11$492'.
Found and cleaned up 1 empty switch in `\ctrl_b2b.$proc$cores/bin2bcd/ctrl_b2b.v:73$491'.
Removing empty process `ctrl_b2b.$proc$cores/bin2bcd/ctrl_b2b.v:73$491'.
Found and cleaned up 4 empty switches in `\ctrl_b2b.$proc$cores/bin2bcd/ctrl_b2b.v:25$487'.
Removing empty process `ctrl_b2b.$proc$cores/bin2bcd/ctrl_b2b.v:25$487'.
Found and cleaned up 2 empty switches in `\shiftR_16_M.$proc$cores/multiplicador_M/shiftR_16_M.v:8$486'.
Removing empty process `shiftR_16_M.$proc$cores/multiplicador_M/shiftR_16_M.v:8$486'.
Found and cleaned up 2 empty switches in `\shiftL_32_M.$proc$cores/multiplicador_M/shiftL_32_M.v:8$485'.
Removing empty process `shiftL_32_M.$proc$cores/multiplicador_M/shiftL_32_M.v:8$485'.
Found and cleaned up 1 empty switch in `\comp_M.$proc$cores/multiplicador_M/comp_M.v:6$483'.
Removing empty process `comp_M.$proc$cores/multiplicador_M/comp_M.v:6$483'.
Removing empty process `acc_M.$proc$cores/multiplicador_M/acc_M.v:0$482'.
Found and cleaned up 2 empty switches in `\acc_M.$proc$cores/multiplicador_M/acc_M.v:10$480'.
Removing empty process `acc_M.$proc$cores/multiplicador_M/acc_M.v:10$480'.
Removing empty process `control_mult_M.$proc$cores/multiplicador_M/control_mult_M.v:0$479'.
Found and cleaned up 5 empty switches in `\control_mult_M.$proc$cores/multiplicador_M/control_mult_M.v:35$475'.
Removing empty process `control_mult_M.$proc$cores/multiplicador_M/control_mult_M.v:35$475'.
Found and cleaned up 7 empty switches in `$paramod$1c9b49bacefaeab44db5983aee61d9795015608a\uart.$proc$cores/uart/uart.v:122$465'.
Removing empty process `$paramod$1c9b49bacefaeab44db5983aee61d9795015608a\uart.$proc$cores/uart/uart.v:122$465'.
Found and cleaned up 10 empty switches in `$paramod$1c9b49bacefaeab44db5983aee61d9795015608a\uart.$proc$cores/uart/uart.v:66$457'.
Removing empty process `$paramod$1c9b49bacefaeab44db5983aee61d9795015608a\uart.$proc$cores/uart/uart.v:66$457'.
Removing empty process `$paramod$1c9b49bacefaeab44db5983aee61d9795015608a\uart.$proc$cores/uart/uart.v:52$456'.
Found and cleaned up 2 empty switches in `$paramod$1c9b49bacefaeab44db5983aee61d9795015608a\uart.$proc$cores/uart/uart.v:34$453'.
Removing empty process `$paramod$1c9b49bacefaeab44db5983aee61d9795015608a\uart.$proc$cores/uart/uart.v:34$453'.
Removing empty process `FemtoRV32.$proc$cores/cpu/femtorv32_quark_V2.v:0$450'.
Found and cleaned up 1 empty switch in `\FemtoRV32.$proc$cores/cpu/femtorv32_quark_V2.v:290$446'.
Removing empty process `FemtoRV32.$proc$cores/cpu/femtorv32_quark_V2.v:290$446'.
Found and cleaned up 4 empty switches in `\FemtoRV32.$proc$cores/cpu/femtorv32_quark_V2.v:249$433'.
Removing empty process `FemtoRV32.$proc$cores/cpu/femtorv32_quark_V2.v:249$433'.
Found and cleaned up 4 empty switches in `\FemtoRV32.$proc$cores/cpu/femtorv32_quark_V2.v:188$396'.
Removing empty process `FemtoRV32.$proc$cores/cpu/femtorv32_quark_V2.v:188$396'.
Found and cleaned up 3 empty switches in `\FemtoRV32.$proc$cores/cpu/femtorv32_quark_V2.v:179$379'.
Removing empty process `FemtoRV32.$proc$cores/cpu/femtorv32_quark_V2.v:179$379'.
Found and cleaned up 5 empty switches in `\bram.$proc$cores/bram/bram.v:20$270'.
Removing empty process `bram.$proc$cores/bram/bram.v:20$270'.
Removing empty process `$paramod$e358107493866f19ba52d8dda1c67d080e76663e\peripheral_uart.$proc$cores/uart/perip_uart.v:21$265'.
Removing empty process `$paramod$e358107493866f19ba52d8dda1c67d080e76663e\peripheral_uart.$proc$cores/uart/perip_uart.v:20$264'.
Removing empty process `$paramod$e358107493866f19ba52d8dda1c67d080e76663e\peripheral_uart.$proc$cores/uart/perip_uart.v:0$263'.
Found and cleaned up 1 empty switch in `$paramod$e358107493866f19ba52d8dda1c67d080e76663e\peripheral_uart.$proc$cores/uart/perip_uart.v:45$262'.
Removing empty process `$paramod$e358107493866f19ba52d8dda1c67d080e76663e\peripheral_uart.$proc$cores/uart/perip_uart.v:45$262'.
Removing empty process `$paramod$e358107493866f19ba52d8dda1c67d080e76663e\peripheral_uart.$proc$cores/uart/perip_uart.v:38$257'.
Found and cleaned up 1 empty switch in `$paramod$e358107493866f19ba52d8dda1c67d080e76663e\peripheral_uart.$proc$cores/uart/perip_uart.v:29$254'.
Removing empty process `$paramod$e358107493866f19ba52d8dda1c67d080e76663e\peripheral_uart.$proc$cores/uart/perip_uart.v:29$254'.
Found and cleaned up 3 empty switches in `\peripheral_bin2bcd.$proc$cores/bin2bcd/perip_bin2bcd.v:50$253'.
Removing empty process `peripheral_bin2bcd.$proc$cores/bin2bcd/perip_bin2bcd.v:50$253'.
Found and cleaned up 2 empty switches in `\peripheral_bin2bcd.$proc$cores/bin2bcd/perip_bin2bcd.v:34$249'.
Removing empty process `peripheral_bin2bcd.$proc$cores/bin2bcd/perip_bin2bcd.v:34$249'.
Found and cleaned up 2 empty switches in `\peripheral_bin2bcd.$proc$cores/bin2bcd/perip_bin2bcd.v:19$248'.
Removing empty process `peripheral_bin2bcd.$proc$cores/bin2bcd/perip_bin2bcd.v:19$248'.
Found and cleaned up 3 empty switches in `\peripheral_bcd2bin.$proc$cores/bcd2bin/perip_bcd2bin.v:50$247'.
Removing empty process `peripheral_bcd2bin.$proc$cores/bcd2bin/perip_bcd2bin.v:50$247'.
Found and cleaned up 2 empty switches in `\peripheral_bcd2bin.$proc$cores/bcd2bin/perip_bcd2bin.v:34$243'.
Removing empty process `peripheral_bcd2bin.$proc$cores/bcd2bin/perip_bcd2bin.v:34$243'.
Found and cleaned up 2 empty switches in `\peripheral_bcd2bin.$proc$cores/bcd2bin/perip_bcd2bin.v:19$242'.
Removing empty process `peripheral_bcd2bin.$proc$cores/bcd2bin/perip_bcd2bin.v:19$242'.
Found and cleaned up 3 empty switches in `\peripheral_mult_M.$proc$cores/multiplicador_M/perip_mult_M.v:56$241'.
Removing empty process `peripheral_mult_M.$proc$cores/multiplicador_M/perip_mult_M.v:56$241'.
Found and cleaned up 2 empty switches in `\peripheral_mult_M.$proc$cores/multiplicador_M/perip_mult_M.v:38$236'.
Removing empty process `peripheral_mult_M.$proc$cores/multiplicador_M/perip_mult_M.v:38$236'.
Found and cleaned up 2 empty switches in `\peripheral_mult_M.$proc$cores/multiplicador_M/perip_mult_M.v:20$235'.
Removing empty process `peripheral_mult_M.$proc$cores/multiplicador_M/perip_mult_M.v:20$235'.
Found and cleaned up 1 empty switch in `\SOC.$proc$SOC.v:128$234'.
Removing empty process `SOC.$proc$SOC.v:128$234'.
Found and cleaned up 1 empty switch in `\SOC.$proc$SOC.v:113$233'.
Removing empty process `SOC.$proc$SOC.v:113$233'.
Cleaned up 102 empty switches.

32.5.12. Executing OPT_EXPR pass (perform const folding).
Optimizing module lsr4.
Optimizing module rsr4.
Optimizing module mux.
Optimizing module add_sub_c2.
Optimizing module reg_msb.
Optimizing module cnt_bin2bcd.
Optimizing module ctrl_b2b.
Optimizing module shiftR_16_M.
Optimizing module shiftL_32_M.
Optimizing module comp_M.
Optimizing module acc_M.
Optimizing module control_mult_M.
Optimizing module $paramod$1c9b49bacefaeab44db5983aee61d9795015608a\uart.
Optimizing module multiplicador_32_M.
Optimizing module bcd2bin.
Optimizing module bin2bcd.
Optimizing module FemtoRV32.
Optimizing module bram.
Optimizing module $paramod$e358107493866f19ba52d8dda1c67d080e76663e\peripheral_uart.
Optimizing module peripheral_bin2bcd.
Optimizing module peripheral_bcd2bin.
Optimizing module peripheral_mult_M.
Optimizing module SOC.

32.6. Executing FLATTEN pass (flatten design).
Deleting now unused module lsr4.
Deleting now unused module rsr4.
Deleting now unused module mux.
Deleting now unused module add_sub_c2.
Deleting now unused module reg_msb.
Deleting now unused module cnt_bin2bcd.
Deleting now unused module ctrl_b2b.
Deleting now unused module shiftR_16_M.
Deleting now unused module shiftL_32_M.
Deleting now unused module comp_M.
Deleting now unused module acc_M.
Deleting now unused module control_mult_M.
Deleting now unused module $paramod$1c9b49bacefaeab44db5983aee61d9795015608a\uart.
Deleting now unused module multiplicador_32_M.
Deleting now unused module bcd2bin.
Deleting now unused module bin2bcd.
Deleting now unused module FemtoRV32.
Deleting now unused module bram.
Deleting now unused module $paramod$e358107493866f19ba52d8dda1c67d080e76663e\peripheral_uart.
Deleting now unused module peripheral_bin2bcd.
Deleting now unused module peripheral_bcd2bin.
Deleting now unused module peripheral_mult_M.

32.7. Executing TRIBUF pass.

32.8. Executing DEMINOUT pass (demote inout ports to input or output).

32.9. Executing OPT_EXPR pass (perform const folding).
Optimizing module SOC.

32.10. Executing OPT_CLEAN pass (remove unused cells and wires).
Finding unused cells or wires in module \SOC..
Removed 27 unused cells and 644 unused wires.

32.11. Executing CHECK pass (checking for obvious problems).
Checking module SOC...
Warning: Wire SOC.\sqrt_dout [31] is used but has no driver.
Warning: Wire SOC.\sqrt_dout [30] is used but has no driver.
Warning: Wire SOC.\sqrt_dout [29] is used but has no driver.
Warning: Wire SOC.\sqrt_dout [28] is used but has no driver.
Warning: Wire SOC.\sqrt_dout [27] is used but has no driver.
Warning: Wire SOC.\sqrt_dout [26] is used but has no driver.
Warning: Wire SOC.\sqrt_dout [25] is used but has no driver.
Warning: Wire SOC.\sqrt_dout [24] is used but has no driver.
Warning: Wire SOC.\sqrt_dout [23] is used but has no driver.
Warning: Wire SOC.\sqrt_dout [22] is used but has no driver.
Warning: Wire SOC.\sqrt_dout [21] is used but has no driver.
Warning: Wire SOC.\sqrt_dout [20] is used but has no driver.
Warning: Wire SOC.\sqrt_dout [19] is used but has no driver.
Warning: Wire SOC.\sqrt_dout [18] is used but has no driver.
Warning: Wire SOC.\sqrt_dout [17] is used but has no driver.
Warning: Wire SOC.\sqrt_dout [16] is used but has no driver.
Warning: Wire SOC.\sqrt_dout [15] is used but has no driver.
Warning: Wire SOC.\sqrt_dout [14] is used but has no driver.
Warning: Wire SOC.\sqrt_dout [13] is used but has no driver.
Warning: Wire SOC.\sqrt_dout [12] is used but has no driver.
Warning: Wire SOC.\sqrt_dout [11] is used but has no driver.
Warning: Wire SOC.\sqrt_dout [10] is used but has no driver.
Warning: Wire SOC.\sqrt_dout [9] is used but has no driver.
Warning: Wire SOC.\sqrt_dout [8] is used but has no driver.
Warning: Wire SOC.\sqrt_dout [7] is used but has no driver.
Warning: Wire SOC.\sqrt_dout [6] is used but has no driver.
Warning: Wire SOC.\sqrt_dout [5] is used but has no driver.
Warning: Wire SOC.\sqrt_dout [4] is used but has no driver.
Warning: Wire SOC.\sqrt_dout [3] is used but has no driver.
Warning: Wire SOC.\sqrt_dout [2] is used but has no driver.
Warning: Wire SOC.\sqrt_dout [1] is used but has no driver.
Warning: Wire SOC.\sqrt_dout [0] is used but has no driver.
Warning: Wire SOC.\div_dout [31] is used but has no driver.
Warning: Wire SOC.\div_dout [30] is used but has no driver.
Warning: Wire SOC.\div_dout [29] is used but has no driver.
Warning: Wire SOC.\div_dout [28] is used but has no driver.
Warning: Wire SOC.\div_dout [27] is used but has no driver.
Warning: Wire SOC.\div_dout [26] is used but has no driver.
Warning: Wire SOC.\div_dout [25] is used but has no driver.
Warning: Wire SOC.\div_dout [24] is used but has no driver.
Warning: Wire SOC.\div_dout [23] is used but has no driver.
Warning: Wire SOC.\div_dout [22] is used but has no driver.
Warning: Wire SOC.\div_dout [21] is used but has no driver.
Warning: Wire SOC.\div_dout [20] is used but has no driver.
Warning: Wire SOC.\div_dout [19] is used but has no driver.
Warning: Wire SOC.\div_dout [18] is used but has no driver.
Warning: Wire SOC.\div_dout [17] is used but has no driver.
Warning: Wire SOC.\div_dout [16] is used but has no driver.
Warning: Wire SOC.\div_dout [15] is used but has no driver.
Warning: Wire SOC.\div_dout [14] is used but has no driver.
Warning: Wire SOC.\div_dout [13] is used but has no driver.
Warning: Wire SOC.\div_dout [12] is used but has no driver.
Warning: Wire SOC.\div_dout [11] is used but has no driver.
Warning: Wire SOC.\div_dout [10] is used but has no driver.
Warning: Wire SOC.\div_dout [9] is used but has no driver.
Warning: Wire SOC.\div_dout [8] is used but has no driver.
Warning: Wire SOC.\div_dout [7] is used but has no driver.
Warning: Wire SOC.\div_dout [6] is used but has no driver.
Warning: Wire SOC.\div_dout [5] is used but has no driver.
Warning: Wire SOC.\div_dout [4] is used but has no driver.
Warning: Wire SOC.\div_dout [3] is used but has no driver.
Warning: Wire SOC.\div_dout [2] is used but has no driver.
Warning: Wire SOC.\div_dout [1] is used but has no driver.
Warning: Wire SOC.\div_dout [0] is used but has no driver.
Found and reported 64 problems.

32.12. Executing OPT pass (performing simple optimizations).

32.12.1. Executing OPT_EXPR pass (perform const folding).
Optimizing module SOC.

32.12.2. Executing OPT_MERGE pass (detect identical cells).
Finding identical cells in module `\SOC'.
Removed a total of 73 cells.

32.12.3. Executing OPT_MUXTREE pass (detect dead branches in mux trees).
Running muxtree optimizer on module \SOC..
  Creating internal representation of mux trees.
  Evaluating internal representation of mux trees.
      Replacing known input bits on port B of cell $flatten\CPU.$procmux$1086: \CPU.state -> { 3'100 \CPU.state [0] }
      Replacing known input bits on port A of cell $flatten\per_uart.\uart0.$procmux$984: \per_uart.uart0.rx_busy -> 1'1
      Replacing known input bits on port A of cell $flatten\per_uart.\uart0.$procmux$980: \per_uart.uart0.rx_busy -> 1'1
      Replacing known input bits on port A of cell $flatten\per_uart.\uart0.$procmux$977: \per_uart.uart0.rx_busy -> 1'1
      Replacing known input bits on port B of cell $flatten\per_uart.\uart0.$procmux$987: \per_uart.uart0.rx_busy -> 1'0
  Analyzing evaluation results.
    dead port 2/2 on $mux $flatten\CPU.$procmux$1136.
    dead port 2/2 on $mux $flatten\CPU.$procmux$1139.
    dead port 2/2 on $mux $flatten\CPU.$procmux$1145.
    dead port 2/2 on $mux $flatten\CPU.$procmux$1148.
    dead port 2/2 on $mux $flatten\CPU.$procmux$1154.
    dead port 2/2 on $mux $flatten\CPU.$procmux$1157.
    dead port 2/2 on $mux $flatten\CPU.$procmux$1163.
    dead port 2/2 on $mux $flatten\CPU.$procmux$1169.
    dead port 2/2 on $mux $flatten\CPU.$procmux$1175.
    dead port 2/2 on $mux $flatten\bcd2bin0.$procmux$1289.
    dead port 2/2 on $mux $flatten\bcd2bin0.$procmux$1292.
    dead port 2/2 on $mux $flatten\bcd2bin0.$procmux$1298.
    dead port 2/2 on $mux $flatten\bcd2bin0.$procmux$1307.
    dead port 2/2 on $mux $flatten\bcd2bin0.$procmux$1313.
    dead port 2/2 on $mux $flatten\bcd2bin0.$procmux$1328.
    dead port 2/2 on $mux $flatten\bcd2bin0.\bcd2bin0.\control0.$procmux$690.
    dead port 2/2 on $mux $flatten\bcd2bin0.\bcd2bin0.\control0.$procmux$693.
    dead port 2/2 on $mux $flatten\bcd2bin0.\bcd2bin0.\control0.$procmux$704.
    dead port 2/2 on $mux $flatten\bcd2bin0.\bcd2bin0.\control0.$procmux$707.
    dead port 2/2 on $mux $flatten\bcd2bin0.\bcd2bin0.\control0.$procmux$718.
    dead port 2/2 on $mux $flatten\bcd2bin0.\bcd2bin0.\control0.$procmux$725.
    dead port 2/2 on $mux $flatten\bin2bcd0.$procmux$1240.
    dead port 2/2 on $mux $flatten\bin2bcd0.$procmux$1243.
    dead port 2/2 on $mux $flatten\bin2bcd0.$procmux$1249.
    dead port 2/2 on $mux $flatten\bin2bcd0.$procmux$1258.
    dead port 2/2 on $mux $flatten\bin2bcd0.$procmux$1264.
    dead port 2/2 on $mux $flatten\bin2bcd0.$procmux$1279.
    dead port 2/2 on $mux $flatten\bin2bcd0.\bin2bcd0.\control0.$procmux$690.
    dead port 2/2 on $mux $flatten\bin2bcd0.\bin2bcd0.\control0.$procmux$693.
    dead port 2/2 on $mux $flatten\bin2bcd0.\bin2bcd0.\control0.$procmux$704.
    dead port 2/2 on $mux $flatten\bin2bcd0.\bin2bcd0.\control0.$procmux$707.
    dead port 2/2 on $mux $flatten\bin2bcd0.\bin2bcd0.\control0.$procmux$718.
    dead port 2/2 on $mux $flatten\bin2bcd0.\bin2bcd0.\control0.$procmux$725.
    dead port 2/2 on $mux $flatten\mult1.$procmux$1338.
    dead port 2/2 on $mux $flatten\mult1.$procmux$1341.
    dead port 2/2 on $mux $flatten\mult1.$procmux$1347.
    dead port 2/2 on $mux $flatten\mult1.$procmux$1356.
    dead port 2/2 on $mux $flatten\mult1.$procmux$1362.
    dead port 2/2 on $mux $flatten\mult1.$procmux$1368.
    dead port 2/2 on $mux $flatten\mult1.$procmux$1387.
    dead port 2/2 on $mux $flatten\mult1.\mult1.\mult_M0.$procmux$761.
    dead port 2/2 on $mux $flatten\mult1.\mult1.\mult_M0.$procmux$764.
    dead port 2/2 on $mux $flatten\mult1.\mult1.\mult_M0.$procmux$774.
    dead port 2/2 on $mux $flatten\mult1.\mult1.\mult_M0.$procmux$777.
    dead port 2/2 on $mux $flatten\mult1.\mult1.\mult_M0.$procmux$788.
    dead port 2/2 on $mux $flatten\mult1.\mult1.\mult_M0.$procmux$791.
    dead port 2/2 on $mux $flatten\mult1.\mult1.\mult_M0.$procmux$802.
    dead port 2/2 on $mux $flatten\mult1.\mult1.\mult_M0.$procmux$809.
Removed 48 multiplexer ports.

32.12.4. Executing OPT_REDUCE pass (consolidate $*mux and $reduce_* inputs).
  Optimizing cells in module \SOC.
    Consolidated identical input bits for $mux cell $flatten\CPU.$procmux$1178:
      Old ports: A=32'11111111111111111111111111111111, B=0, Y=$flatten\CPU.$0$memwr$\registerFile$cores/cpu/femtorv32_quark_V2.v:181$298_EN[31:0]$380
      New ports: A=1'1, B=1'0, Y=$flatten\CPU.$0$memwr$\registerFile$cores/cpu/femtorv32_quark_V2.v:181$298_EN[31:0]$380 [0]
      New connections: $flatten\CPU.$0$memwr$\registerFile$cores/cpu/femtorv32_quark_V2.v:181$298_EN[31:0]$380 [31:1] = { $flatten\CPU.$0$memwr$\registerFile$cores/cpu/femtorv32_quark_V2.v:181$298_EN[31:0]$380 [0] $flatten\CPU.$0$memwr$\registerFile$cores/cpu/femtorv32_quark_V2.v:181$298_EN[31:0]$380 [0] $flatten\CPU.$0$memwr$\registerFile$cores/cpu/femtorv32_quark_V2.v:181$298_EN[31:0]$380 [0] $flatten\CPU.$0$memwr$\registerFile$cores/cpu/femtorv32_quark_V2.v:181$298_EN[31:0]$380 [0] $flatten\CPU.$0$memwr$\registerFile$cores/cpu/femtorv32_quark_V2.v:181$298_EN[31:0]$380 [0] $flatten\CPU.$0$memwr$\registerFile$cores/cpu/femtorv32_quark_V2.v:181$298_EN[31:0]$380 [0] $flatten\CPU.$0$memwr$\registerFile$cores/cpu/femtorv32_quark_V2.v:181$298_EN[31:0]$380 [0] $flatten\CPU.$0$memwr$\registerFile$cores/cpu/femtorv32_quark_V2.v:181$298_EN[31:0]$380 [0] $flatten\CPU.$0$memwr$\registerFile$cores/cpu/femtorv32_quark_V2.v:181$298_EN[31:0]$380 [0] $flatten\CPU.$0$memwr$\registerFile$cores/cpu/femtorv32_quark_V2.v:181$298_EN[31:0]$380 [0] $flatten\CPU.$0$memwr$\registerFile$cores/cpu/femtorv32_quark_V2.v:181$298_EN[31:0]$380 [0] $flatten\CPU.$0$memwr$\registerFile$cores/cpu/femtorv32_quark_V2.v:181$298_EN[31:0]$380 [0] $flatten\CPU.$0$memwr$\registerFile$cores/cpu/femtorv32_quark_V2.v:181$298_EN[31:0]$380 [0] $flatten\CPU.$0$memwr$\registerFile$cores/cpu/femtorv32_quark_V2.v:181$298_EN[31:0]$380 [0] $flatten\CPU.$0$memwr$\registerFile$cores/cpu/femtorv32_quark_V2.v:181$298_EN[31:0]$380 [0] $flatten\CPU.$0$memwr$\registerFile$cores/cpu/femtorv32_quark_V2.v:181$298_EN[31:0]$380 [0] $flatten\CPU.$0$memwr$\registerFile$cores/cpu/femtorv32_quark_V2.v:181$298_EN[31:0]$380 [0] $flatten\CPU.$0$memwr$\registerFile$cores/cpu/femtorv32_quark_V2.v:181$298_EN[31:0]$380 [0] $flatten\CPU.$0$memwr$\registerFile$cores/cpu/femtorv32_quark_V2.v:181$298_EN[31:0]$380 [0] $flatten\CPU.$0$memwr$\registerFile$cores/cpu/femtorv32_quark_V2.v:181$298_EN[31:0]$380 [0] $flatten\CPU.$0$memwr$\registerFile$cores/cpu/femtorv32_quark_V2.v:181$298_EN[31:0]$380 [0] $flatten\CPU.$0$memwr$\registerFile$cores/cpu/femtorv32_quark_V2.v:181$298_EN[31:0]$380 [0] $flatten\CPU.$0$memwr$\registerFile$cores/cpu/femtorv32_quark_V2.v:181$298_EN[31:0]$380 [0] $flatten\CPU.$0$memwr$\registerFile$cores/cpu/femtorv32_quark_V2.v:181$298_EN[31:0]$380 [0] $flatten\CPU.$0$memwr$\registerFile$cores/cpu/femtorv32_quark_V2.v:181$298_EN[31:0]$380 [0] $flatten\CPU.$0$memwr$\registerFile$cores/cpu/femtorv32_quark_V2.v:181$298_EN[31:0]$380 [0] $flatten\CPU.$0$memwr$\registerFile$cores/cpu/femtorv32_quark_V2.v:181$298_EN[31:0]$380 [0] $flatten\CPU.$0$memwr$\registerFile$cores/cpu/femtorv32_quark_V2.v:181$298_EN[31:0]$380 [0] $flatten\CPU.$0$memwr$\registerFile$cores/cpu/femtorv32_quark_V2.v:181$298_EN[31:0]$380 [0] $flatten\CPU.$0$memwr$\registerFile$cores/cpu/femtorv32_quark_V2.v:181$298_EN[31:0]$380 [0] $flatten\CPU.$0$memwr$\registerFile$cores/cpu/femtorv32_quark_V2.v:181$298_EN[31:0]$380 [0] }
    Consolidated identical input bits for $mux cell $flatten\RAM.$procmux$1190:
      Old ports: A=0, B=32'11111111000000000000000000000000, Y=$flatten\RAM.$0$memwr$\MEM$cores/bram/bram.v:27$269_EN[31:0]$282
      New ports: A=1'0, B=1'1, Y=$flatten\RAM.$0$memwr$\MEM$cores/bram/bram.v:27$269_EN[31:0]$282 [24]
      New connections: { $flatten\RAM.$0$memwr$\MEM$cores/bram/bram.v:27$269_EN[31:0]$282 [31:25] $flatten\RAM.$0$memwr$\MEM$cores/bram/bram.v:27$269_EN[31:0]$282 [23:0] } = { $flatten\RAM.$0$memwr$\MEM$cores/bram/bram.v:27$269_EN[31:0]$282 [24] $flatten\RAM.$0$memwr$\MEM$cores/bram/bram.v:27$269_EN[31:0]$282 [24] $flatten\RAM.$0$memwr$\MEM$cores/bram/bram.v:27$269_EN[31:0]$282 [24] $flatten\RAM.$0$memwr$\MEM$cores/bram/bram.v:27$269_EN[31:0]$282 [24] $flatten\RAM.$0$memwr$\MEM$cores/bram/bram.v:27$269_EN[31:0]$282 [24] $flatten\RAM.$0$memwr$\MEM$cores/bram/bram.v:27$269_EN[31:0]$282 [24] $flatten\RAM.$0$memwr$\MEM$cores/bram/bram.v:27$269_EN[31:0]$282 [24] 24'000000000000000000000000 }
    Consolidated identical input bits for $mux cell $flatten\RAM.$procmux$1199:
      Old ports: A=0, B=16711680, Y=$flatten\RAM.$0$memwr$\MEM$cores/bram/bram.v:26$268_EN[31:0]$279
      New ports: A=1'0, B=1'1, Y=$flatten\RAM.$0$memwr$\MEM$cores/bram/bram.v:26$268_EN[31:0]$279 [16]
      New connections: { $flatten\RAM.$0$memwr$\MEM$cores/bram/bram.v:26$268_EN[31:0]$279 [31:17] $flatten\RAM.$0$memwr$\MEM$cores/bram/bram.v:26$268_EN[31:0]$279 [15:0] } = { 8'00000000 $flatten\RAM.$0$memwr$\MEM$cores/bram/bram.v:26$268_EN[31:0]$279 [16] $flatten\RAM.$0$memwr$\MEM$cores/bram/bram.v:26$268_EN[31:0]$279 [16] $flatten\RAM.$0$memwr$\MEM$cores/bram/bram.v:26$268_EN[31:0]$279 [16] $flatten\RAM.$0$memwr$\MEM$cores/bram/bram.v:26$268_EN[31:0]$279 [16] $flatten\RAM.$0$memwr$\MEM$cores/bram/bram.v:26$268_EN[31:0]$279 [16] $flatten\RAM.$0$memwr$\MEM$cores/bram/bram.v:26$268_EN[31:0]$279 [16] $flatten\RAM.$0$memwr$\MEM$cores/bram/bram.v:26$268_EN[31:0]$279 [16] 16'0000000000000000 }
    Consolidated identical input bits for $mux cell $flatten\RAM.$procmux$1208:
      Old ports: A=0, B=65280, Y=$flatten\RAM.$0$memwr$\MEM$cores/bram/bram.v:25$267_EN[31:0]$276
      New ports: A=1'0, B=1'1, Y=$flatten\RAM.$0$memwr$\MEM$cores/bram/bram.v:25$267_EN[31:0]$276 [8]
      New connections: { $flatten\RAM.$0$memwr$\MEM$cores/bram/bram.v:25$267_EN[31:0]$276 [31:9] $flatten\RAM.$0$memwr$\MEM$cores/bram/bram.v:25$267_EN[31:0]$276 [7:0] } = { 16'0000000000000000 $flatten\RAM.$0$memwr$\MEM$cores/bram/bram.v:25$267_EN[31:0]$276 [8] $flatten\RAM.$0$memwr$\MEM$cores/bram/bram.v:25$267_EN[31:0]$276 [8] $flatten\RAM.$0$memwr$\MEM$cores/bram/bram.v:25$267_EN[31:0]$276 [8] $flatten\RAM.$0$memwr$\MEM$cores/bram/bram.v:25$267_EN[31:0]$276 [8] $flatten\RAM.$0$memwr$\MEM$cores/bram/bram.v:25$267_EN[31:0]$276 [8] $flatten\RAM.$0$memwr$\MEM$cores/bram/bram.v:25$267_EN[31:0]$276 [8] $flatten\RAM.$0$memwr$\MEM$cores/bram/bram.v:25$267_EN[31:0]$276 [8] 8'00000000 }
    Consolidated identical input bits for $mux cell $flatten\RAM.$procmux$1217:
      Old ports: A=0, B=255, Y=$flatten\RAM.$0$memwr$\MEM$cores/bram/bram.v:24$266_EN[31:0]$273
      New ports: A=1'0, B=1'1, Y=$flatten\RAM.$0$memwr$\MEM$cores/bram/bram.v:24$266_EN[31:0]$273 [0]
      New connections: $flatten\RAM.$0$memwr$\MEM$cores/bram/bram.v:24$266_EN[31:0]$273 [31:1] = { 24'000000000000000000000000 $flatten\RAM.$0$memwr$\MEM$cores/bram/bram.v:24$266_EN[31:0]$273 [0] $flatten\RAM.$0$memwr$\MEM$cores/bram/bram.v:24$266_EN[31:0]$273 [0] $flatten\RAM.$0$memwr$\MEM$cores/bram/bram.v:24$266_EN[31:0]$273 [0] $flatten\RAM.$0$memwr$\MEM$cores/bram/bram.v:24$266_EN[31:0]$273 [0] $flatten\RAM.$0$memwr$\MEM$cores/bram/bram.v:24$266_EN[31:0]$273 [0] $flatten\RAM.$0$memwr$\MEM$cores/bram/bram.v:24$266_EN[31:0]$273 [0] $flatten\RAM.$0$memwr$\MEM$cores/bram/bram.v:24$266_EN[31:0]$273 [0] }
    New ctrl vector for $pmux cell $flatten\bcd2bin0.\bcd2bin0.\control0.$procmux$653: $auto$opt_reduce.cc:134:opt_pmux$1495
    New ctrl vector for $pmux cell $flatten\bcd2bin0.\bcd2bin0.\control0.$procmux$670: $auto$opt_reduce.cc:134:opt_pmux$1497
    New ctrl vector for $pmux cell $flatten\bcd2bin0.\bcd2bin0.\control0.$procmux$677: $auto$opt_reduce.cc:134:opt_pmux$1499
    New ctrl vector for $pmux cell $flatten\bin2bcd0.\bin2bcd0.\control0.$procmux$653: $auto$opt_reduce.cc:134:opt_pmux$1501
    New ctrl vector for $pmux cell $flatten\bin2bcd0.\bin2bcd0.\control0.$procmux$670: $auto$opt_reduce.cc:134:opt_pmux$1503
    New ctrl vector for $pmux cell $flatten\bin2bcd0.\bin2bcd0.\control0.$procmux$677: $auto$opt_reduce.cc:134:opt_pmux$1505
    Consolidated identical input bits for $mux cell $flatten\CPU.$procmux$1134:
      Old ports: A=0, B=32'11111111111111111111111111111111, Y=$flatten\CPU.$procmux$1134_Y
      New ports: A=1'0, B=1'1, Y=$flatten\CPU.$procmux$1134_Y [0]
      New connections: $flatten\CPU.$procmux$1134_Y [31:1] = { $flatten\CPU.$procmux$1134_Y [0] $flatten\CPU.$procmux$1134_Y [0] $flatten\CPU.$procmux$1134_Y [0] $flatten\CPU.$procmux$1134_Y [0] $flatten\CPU.$procmux$1134_Y [0] $flatten\CPU.$procmux$1134_Y [0] $flatten\CPU.$procmux$1134_Y [0] $flatten\CPU.$procmux$1134_Y [0] $flatten\CPU.$procmux$1134_Y [0] $flatten\CPU.$procmux$1134_Y [0] $flatten\CPU.$procmux$1134_Y [0] $flatten\CPU.$procmux$1134_Y [0] $flatten\CPU.$procmux$1134_Y [0] $flatten\CPU.$procmux$1134_Y [0] $flatten\CPU.$procmux$1134_Y [0] $flatten\CPU.$procmux$1134_Y [0] $flatten\CPU.$procmux$1134_Y [0] $flatten\CPU.$procmux$1134_Y [0] $flatten\CPU.$procmux$1134_Y [0] $flatten\CPU.$procmux$1134_Y [0] $flatten\CPU.$procmux$1134_Y [0] $flatten\CPU.$procmux$1134_Y [0] $flatten\CPU.$procmux$1134_Y [0] $flatten\CPU.$procmux$1134_Y [0] $flatten\CPU.$procmux$1134_Y [0] $flatten\CPU.$procmux$1134_Y [0] $flatten\CPU.$procmux$1134_Y [0] $flatten\CPU.$procmux$1134_Y [0] $flatten\CPU.$procmux$1134_Y [0] $flatten\CPU.$procmux$1134_Y [0] $flatten\CPU.$procmux$1134_Y [0] }
    New ctrl vector for $pmux cell $flatten\mult1.\mult1.\mult_M0.$procmux$818: { $flatten\mult1.\mult1.\mult_M0.$procmux$796_CMP $auto$opt_reduce.cc:134:opt_pmux$1507 }
    New ctrl vector for $pmux cell $flatten\mult1.\mult1.\mult_M0.$procmux$829: { $flatten\mult1.\mult1.\mult_M0.$procmux$797_CMP $auto$opt_reduce.cc:134:opt_pmux$1509 }
    New ctrl vector for $pmux cell $flatten\mult1.\mult1.\mult_M0.$procmux$840: { $auto$opt_reduce.cc:134:opt_pmux$1511 $flatten\mult1.\mult1.\mult_M0.$procmux$795_CMP }
    New ctrl vector for $pmux cell $flatten\mult1.\mult1.\mult_M0.$procmux$851: { $flatten\mult1.\mult1.\mult_M0.$procmux$789_CMP $auto$opt_reduce.cc:134:opt_pmux$1513 }
  Optimizing cells in module \SOC.
    Consolidated identical input bits for $mux cell $flatten\CPU.$procmux$1160:
      Old ports: A=0, B=$flatten\CPU.$3$memwr$\registerFile$cores/cpu/femtorv32_quark_V2.v:185$299_EN[31:0]$395, Y=$flatten\CPU.$procmux$1160_Y
      New ports: A=1'0, B=$flatten\CPU.$procmux$1134_Y [0], Y=$flatten\CPU.$procmux$1160_Y [0]
      New connections: $flatten\CPU.$procmux$1160_Y [31:1] = { $flatten\CPU.$procmux$1160_Y [0] $flatten\CPU.$procmux$1160_Y [0] $flatten\CPU.$procmux$1160_Y [0] $flatten\CPU.$procmux$1160_Y [0] $flatten\CPU.$procmux$1160_Y [0] $flatten\CPU.$procmux$1160_Y [0] $flatten\CPU.$procmux$1160_Y [0] $flatten\CPU.$procmux$1160_Y [0] $flatten\CPU.$procmux$1160_Y [0] $flatten\CPU.$procmux$1160_Y [0] $flatten\CPU.$procmux$1160_Y [0] $flatten\CPU.$procmux$1160_Y [0] $flatten\CPU.$procmux$1160_Y [0] $flatten\CPU.$procmux$1160_Y [0] $flatten\CPU.$procmux$1160_Y [0] $flatten\CPU.$procmux$1160_Y [0] $flatten\CPU.$procmux$1160_Y [0] $flatten\CPU.$procmux$1160_Y [0] $flatten\CPU.$procmux$1160_Y [0] $flatten\CPU.$procmux$1160_Y [0] $flatten\CPU.$procmux$1160_Y [0] $flatten\CPU.$procmux$1160_Y [0] $flatten\CPU.$procmux$1160_Y [0] $flatten\CPU.$procmux$1160_Y [0] $flatten\CPU.$procmux$1160_Y [0] $flatten\CPU.$procmux$1160_Y [0] $flatten\CPU.$procmux$1160_Y [0] $flatten\CPU.$procmux$1160_Y [0] $flatten\CPU.$procmux$1160_Y [0] $flatten\CPU.$procmux$1160_Y [0] $flatten\CPU.$procmux$1160_Y [0] }
  Optimizing cells in module \SOC.
    Consolidated identical input bits for $mux cell $flatten\CPU.$procmux$1181:
      Old ports: A=0, B=$flatten\CPU.$2$memwr$\registerFile$cores/cpu/femtorv32_quark_V2.v:185$299_EN[31:0]$391, Y=$flatten\CPU.$0$memwr$\registerFile$cores/cpu/femtorv32_quark_V2.v:185$299_EN[31:0]$383
      New ports: A=1'0, B=$flatten\CPU.$procmux$1160_Y [0], Y=$flatten\CPU.$0$memwr$\registerFile$cores/cpu/femtorv32_quark_V2.v:185$299_EN[31:0]$383 [0]
      New connections: $flatten\CPU.$0$memwr$\registerFile$cores/cpu/femtorv32_quark_V2.v:185$299_EN[31:0]$383 [31:1] = { $flatten\CPU.$0$memwr$\registerFile$cores/cpu/femtorv32_quark_V2.v:185$299_EN[31:0]$383 [0] $flatten\CPU.$0$memwr$\registerFile$cores/cpu/femtorv32_quark_V2.v:185$299_EN[31:0]$383 [0] $flatten\CPU.$0$memwr$\registerFile$cores/cpu/femtorv32_quark_V2.v:185$299_EN[31:0]$383 [0] $flatten\CPU.$0$memwr$\registerFile$cores/cpu/femtorv32_quark_V2.v:185$299_EN[31:0]$383 [0] $flatten\CPU.$0$memwr$\registerFile$cores/cpu/femtorv32_quark_V2.v:185$299_EN[31:0]$383 [0] $flatten\CPU.$0$memwr$\registerFile$cores/cpu/femtorv32_quark_V2.v:185$299_EN[31:0]$383 [0] $flatten\CPU.$0$memwr$\registerFile$cores/cpu/femtorv32_quark_V2.v:185$299_EN[31:0]$383 [0] $flatten\CPU.$0$memwr$\registerFile$cores/cpu/femtorv32_quark_V2.v:185$299_EN[31:0]$383 [0] $flatten\CPU.$0$memwr$\registerFile$cores/cpu/femtorv32_quark_V2.v:185$299_EN[31:0]$383 [0] $flatten\CPU.$0$memwr$\registerFile$cores/cpu/femtorv32_quark_V2.v:185$299_EN[31:0]$383 [0] $flatten\CPU.$0$memwr$\registerFile$cores/cpu/femtorv32_quark_V2.v:185$299_EN[31:0]$383 [0] $flatten\CPU.$0$memwr$\registerFile$cores/cpu/femtorv32_quark_V2.v:185$299_EN[31:0]$383 [0] $flatten\CPU.$0$memwr$\registerFile$cores/cpu/femtorv32_quark_V2.v:185$299_EN[31:0]$383 [0] $flatten\CPU.$0$memwr$\registerFile$cores/cpu/femtorv32_quark_V2.v:185$299_EN[31:0]$383 [0] $flatten\CPU.$0$memwr$\registerFile$cores/cpu/femtorv32_quark_V2.v:185$299_EN[31:0]$383 [0] $flatten\CPU.$0$memwr$\registerFile$cores/cpu/femtorv32_quark_V2.v:185$299_EN[31:0]$383 [0] $flatten\CPU.$0$memwr$\registerFile$cores/cpu/femtorv32_quark_V2.v:185$299_EN[31:0]$383 [0] $flatten\CPU.$0$memwr$\registerFile$cores/cpu/femtorv32_quark_V2.v:185$299_EN[31:0]$383 [0] $flatten\CPU.$0$memwr$\registerFile$cores/cpu/femtorv32_quark_V2.v:185$299_EN[31:0]$383 [0] $flatten\CPU.$0$memwr$\registerFile$cores/cpu/femtorv32_quark_V2.v:185$299_EN[31:0]$383 [0] $flatten\CPU.$0$memwr$\registerFile$cores/cpu/femtorv32_quark_V2.v:185$299_EN[31:0]$383 [0] $flatten\CPU.$0$memwr$\registerFile$cores/cpu/femtorv32_quark_V2.v:185$299_EN[31:0]$383 [0] $flatten\CPU.$0$memwr$\registerFile$cores/cpu/femtorv32_quark_V2.v:185$299_EN[31:0]$383 [0] $flatten\CPU.$0$memwr$\registerFile$cores/cpu/femtorv32_quark_V2.v:185$299_EN[31:0]$383 [0] $flatten\CPU.$0$memwr$\registerFile$cores/cpu/femtorv32_quark_V2.v:185$299_EN[31:0]$383 [0] $flatten\CPU.$0$memwr$\registerFile$cores/cpu/femtorv32_quark_V2.v:185$299_EN[31:0]$383 [0] $flatten\CPU.$0$memwr$\registerFile$cores/cpu/femtorv32_quark_V2.v:185$299_EN[31:0]$383 [0] $flatten\CPU.$0$memwr$\registerFile$cores/cpu/femtorv32_quark_V2.v:185$299_EN[31:0]$383 [0] $flatten\CPU.$0$memwr$\registerFile$cores/cpu/femtorv32_quark_V2.v:185$299_EN[31:0]$383 [0] $flatten\CPU.$0$memwr$\registerFile$cores/cpu/femtorv32_quark_V2.v:185$299_EN[31:0]$383 [0] $flatten\CPU.$0$memwr$\registerFile$cores/cpu/femtorv32_quark_V2.v:185$299_EN[31:0]$383 [0] }
  Optimizing cells in module \SOC.
Performed a total of 18 changes.

32.12.5. Executing OPT_MERGE pass (detect identical cells).
Finding identical cells in module `\SOC'.
Removed a total of 15 cells.

32.12.6. Executing OPT_DFF pass (perform DFF optimizations).

32.12.7. Executing OPT_CLEAN pass (remove unused cells and wires).
Finding unused cells or wires in module \SOC..
Removed 0 unused cells and 132 unused wires.

32.12.8. Executing OPT_EXPR pass (perform const folding).
Optimizing module SOC.

32.12.9. Rerunning OPT passes. (Maybe there is more to do..)

32.12.10. Executing OPT_MUXTREE pass (detect dead branches in mux trees).
Running muxtree optimizer on module \SOC..
  Creating internal representation of mux trees.
  Evaluating internal representation of mux trees.
  Analyzing evaluation results.
    dead port 1/2 on $mux $flatten\bcd2bin0.\bcd2bin0.\control0.$procmux$653.
    dead port 2/2 on $mux $flatten\bcd2bin0.\bcd2bin0.\control0.$procmux$653.
    dead port 1/2 on $mux $flatten\bin2bcd0.\bin2bcd0.\control0.$procmux$653.
    dead port 2/2 on $mux $flatten\bin2bcd0.\bin2bcd0.\control0.$procmux$653.
Removed 4 multiplexer ports.

32.12.11. Executing OPT_REDUCE pass (consolidate $*mux and $reduce_* inputs).
  Optimizing cells in module \SOC.
Performed a total of 0 changes.

32.12.12. Executing OPT_MERGE pass (detect identical cells).
Finding identical cells in module `\SOC'.
Removed a total of 0 cells.

32.12.13. Executing OPT_DFF pass (perform DFF optimizations).

32.12.14. Executing OPT_CLEAN pass (remove unused cells and wires).
Finding unused cells or wires in module \SOC..
Removed 0 unused cells and 10 unused wires.

32.12.15. Executing OPT_EXPR pass (perform const folding).
Optimizing module SOC.

32.12.16. Rerunning OPT passes. (Maybe there is more to do..)

32.12.17. Executing OPT_MUXTREE pass (detect dead branches in mux trees).
Running muxtree optimizer on module \SOC..
  Creating internal representation of mux trees.
  Evaluating internal representation of mux trees.
  Analyzing evaluation results.
Removed 0 multiplexer ports.

32.12.18. Executing OPT_REDUCE pass (consolidate $*mux and $reduce_* inputs).
  Optimizing cells in module \SOC.
Performed a total of 0 changes.

32.12.19. Executing OPT_MERGE pass (detect identical cells).
Finding identical cells in module `\SOC'.
Removed a total of 0 cells.

32.12.20. Executing OPT_DFF pass (perform DFF optimizations).

32.12.21. Executing OPT_CLEAN pass (remove unused cells and wires).
Finding unused cells or wires in module \SOC..

32.12.22. Executing OPT_EXPR pass (perform const folding).
Optimizing module SOC.

32.12.23. Finished OPT passes. (There is nothing left to do.)

32.13. Executing FSM pass (extract and optimize FSM).

32.13.1. Executing FSM_DETECT pass (finding FSMs in design).
Found FSM state register SOC.bcd2bin0.bcd2bin0.control0.state.
Found FSM state register SOC.bin2bcd0.bin2bcd0.control0.state.
Not marking SOC.mult1.mult1.mult_M0.state as FSM state register:
    Register has an initialization value.

32.13.2. Executing FSM_EXTRACT pass (extracting FSM from design).
Extracting FSM `\bcd2bin0.bcd2bin0.control0.state' from module `\SOC'.
  found $dff cell for state register: $flatten\bcd2bin0.\bcd2bin0.\control0.$procdff$1424
  root of input selection tree: $flatten\bcd2bin0.\bcd2bin0.\control0.$0\state[2:0]
  found reset state: 3'000 (guessed from mux tree)
  found ctrl input: \resetn
  found state code: 3'000
  found ctrl input: $flatten\bcd2bin0.\bcd2bin0.\control0.$procmux$654_CMP
  found ctrl input: $flatten\bcd2bin0.\bcd2bin0.\control0.$procmux$655_CMP
  found ctrl input: $flatten\bcd2bin0.\bcd2bin0.\control0.$procmux$651_CMP
  found ctrl input: $flatten\bcd2bin0.\bcd2bin0.\control0.$procmux$657_CMP
  found ctrl input: $flatten\bcd2bin0.\bcd2bin0.\control0.$procmux$658_CMP
  found ctrl input: $flatten\bcd2bin0.\bcd2bin0.\control0.$procmux$705_CMP
  found ctrl input: $flatten\bcd2bin0.\bcd2bin0.\control0.$gt$cores/bin2bcd/ctrl_b2b.v:64$489_Y
  found state code: 3'101
  found state code: 3'010
  found state code: 3'011
  found ctrl input: \bcd2bin0.bcd2bin0.count0.z
  found state code: 3'100
  found state code: 3'001
  found ctrl input: \bcd2bin0.init
  found ctrl output: $flatten\bcd2bin0.\bcd2bin0.\control0.$procmux$705_CMP
  found ctrl output: $flatten\bcd2bin0.\bcd2bin0.\control0.$procmux$658_CMP
  found ctrl output: $flatten\bcd2bin0.\bcd2bin0.\control0.$procmux$657_CMP
  found ctrl output: $flatten\bcd2bin0.\bcd2bin0.\control0.$procmux$655_CMP
  found ctrl output: $flatten\bcd2bin0.\bcd2bin0.\control0.$procmux$654_CMP
  found ctrl output: $flatten\bcd2bin0.\bcd2bin0.\control0.$procmux$651_CMP
  ctrl inputs: { $flatten\bcd2bin0.\bcd2bin0.\control0.$gt$cores/bin2bcd/ctrl_b2b.v:64$489_Y \bcd2bin0.bcd2bin0.count0.z \bcd2bin0.init \resetn }
  ctrl outputs: { $flatten\bcd2bin0.\bcd2bin0.\control0.$0\state[2:0] $flatten\bcd2bin0.\bcd2bin0.\control0.$procmux$651_CMP $flatten\bcd2bin0.\bcd2bin0.\control0.$procmux$654_CMP $flatten\bcd2bin0.\bcd2bin0.\control0.$procmux$655_CMP $flatten\bcd2bin0.\bcd2bin0.\control0.$procmux$657_CMP $flatten\bcd2bin0.\bcd2bin0.\control0.$procmux$658_CMP $flatten\bcd2bin0.\bcd2bin0.\control0.$procmux$705_CMP }
  transition:      3'000 4'---0 ->      3'000 9'000000001
  transition:      3'000 4'--01 ->      3'000 9'000000001
  transition:      3'000 4'--11 ->      3'010 9'010000001
  transition:      3'100 4'---0 ->      3'000 9'000100000
  transition:      3'100 4'---1 ->      3'011 9'011100000
  transition:      3'010 4'---0 ->      3'000 9'000000010
  transition:      3'010 4'---1 ->      3'001 9'001000010
  transition:      3'001 4'---0 ->      3'000 9'000000100
  transition:      3'001 4'-0-1 ->      3'100 9'100000100
  transition:      3'001 4'-1-1 ->      3'101 9'101000100
  transition:      3'101 4'---0 ->      3'000 9'000010000
  transition:      3'101 4'0--1 ->      3'101 9'101010000
  transition:      3'101 4'1--1 ->      3'000 9'000010000
  transition:      3'011 4'---0 ->      3'000 9'000001000
  transition:      3'011 4'---1 ->      3'010 9'010001000
Extracting FSM `\bin2bcd0.bin2bcd0.control0.state' from module `\SOC'.
  found $dff cell for state register: $flatten\bin2bcd0.\bin2bcd0.\control0.$procdff$1424
  root of input selection tree: $flatten\bin2bcd0.\bin2bcd0.\control0.$0\state[2:0]
  found reset state: 3'000 (guessed from mux tree)
  found ctrl input: \resetn
  found state code: 3'000
  found ctrl input: $flatten\bin2bcd0.\bin2bcd0.\control0.$procmux$654_CMP
  found ctrl input: $flatten\bin2bcd0.\bin2bcd0.\control0.$procmux$655_CMP
  found ctrl input: $flatten\bin2bcd0.\bin2bcd0.\control0.$procmux$651_CMP
  found ctrl input: $flatten\bin2bcd0.\bin2bcd0.\control0.$procmux$657_CMP
  found ctrl input: $flatten\bin2bcd0.\bin2bcd0.\control0.$procmux$658_CMP
  found ctrl input: $flatten\bin2bcd0.\bin2bcd0.\control0.$procmux$705_CMP
  found ctrl input: $flatten\bin2bcd0.\bin2bcd0.\control0.$gt$cores/bin2bcd/ctrl_b2b.v:64$489_Y
  found state code: 3'101
  found state code: 3'010
  found state code: 3'011
  found ctrl input: \bin2bcd0.bin2bcd0.count0.z
  found state code: 3'100
  found state code: 3'001
  found ctrl input: \bin2bcd0.init
  found ctrl output: $flatten\bin2bcd0.\bin2bcd0.\control0.$procmux$705_CMP
  found ctrl output: $flatten\bin2bcd0.\bin2bcd0.\control0.$procmux$658_CMP
  found ctrl output: $flatten\bin2bcd0.\bin2bcd0.\control0.$procmux$657_CMP
  found ctrl output: $flatten\bin2bcd0.\bin2bcd0.\control0.$procmux$655_CMP
  found ctrl output: $flatten\bin2bcd0.\bin2bcd0.\control0.$procmux$654_CMP
  found ctrl output: $flatten\bin2bcd0.\bin2bcd0.\control0.$procmux$651_CMP
  ctrl inputs: { $flatten\bin2bcd0.\bin2bcd0.\control0.$gt$cores/bin2bcd/ctrl_b2b.v:64$489_Y \bin2bcd0.bin2bcd0.count0.z \bin2bcd0.init \resetn }
  ctrl outputs: { $flatten\bin2bcd0.\bin2bcd0.\control0.$0\state[2:0] $flatten\bin2bcd0.\bin2bcd0.\control0.$procmux$651_CMP $flatten\bin2bcd0.\bin2bcd0.\control0.$procmux$654_CMP $flatten\bin2bcd0.\bin2bcd0.\control0.$procmux$655_CMP $flatten\bin2bcd0.\bin2bcd0.\control0.$procmux$657_CMP $flatten\bin2bcd0.\bin2bcd0.\control0.$procmux$658_CMP $flatten\bin2bcd0.\bin2bcd0.\control0.$procmux$705_CMP }
  transition:      3'000 4'---0 ->      3'000 9'000000001
  transition:      3'000 4'--01 ->      3'000 9'000000001
  transition:      3'000 4'--11 ->      3'010 9'010000001
  transition:      3'100 4'---0 ->      3'000 9'000100000
  transition:      3'100 4'---1 ->      3'011 9'011100000
  transition:      3'010 4'---0 ->      3'000 9'000000010
  transition:      3'010 4'---1 ->      3'001 9'001000010
  transition:      3'001 4'---0 ->      3'000 9'000000100
  transition:      3'001 4'-0-1 ->      3'100 9'100000100
  transition:      3'001 4'-1-1 ->      3'101 9'101000100
  transition:      3'101 4'---0 ->      3'000 9'000010000
  transition:      3'101 4'0--1 ->      3'101 9'101010000
  transition:      3'101 4'1--1 ->      3'000 9'000010000
  transition:      3'011 4'---0 ->      3'000 9'000001000
  transition:      3'011 4'---1 ->      3'010 9'010001000

32.13.3. Executing FSM_OPT pass (simple optimizations of FSMs).
Optimizing FSM `$fsm$\bin2bcd0.bin2bcd0.control0.state$1522' from module `\SOC'.
Optimizing FSM `$fsm$\bcd2bin0.bcd2bin0.control0.state$1514' from module `\SOC'.

32.13.4. Executing OPT_CLEAN pass (remove unused cells and wires).
Finding unused cells or wires in module \SOC..
Removed 24 unused cells and 24 unused wires.

32.13.5. Executing FSM_OPT pass (simple optimizations of FSMs).
Optimizing FSM `$fsm$\bcd2bin0.bcd2bin0.control0.state$1514' from module `\SOC'.
  Removing unused output signal $flatten\bcd2bin0.\bcd2bin0.\control0.$0\state[2:0] [0].
  Removing unused output signal $flatten\bcd2bin0.\bcd2bin0.\control0.$0\state[2:0] [1].
  Removing unused output signal $flatten\bcd2bin0.\bcd2bin0.\control0.$0\state[2:0] [2].
Optimizing FSM `$fsm$\bin2bcd0.bin2bcd0.control0.state$1522' from module `\SOC'.
  Removing unused output signal $flatten\bin2bcd0.\bin2bcd0.\control0.$0\state[2:0] [0].
  Removing unused output signal $flatten\bin2bcd0.\bin2bcd0.\control0.$0\state[2:0] [1].
  Removing unused output signal $flatten\bin2bcd0.\bin2bcd0.\control0.$0\state[2:0] [2].

32.13.6. Executing FSM_RECODE pass (re-assigning FSM state encoding).
Recoding FSM `$fsm$\bcd2bin0.bcd2bin0.control0.state$1514' from module `\SOC' using `auto' encoding:
  mapping auto encoding to `one-hot` for this FSM.
  000 -> -----1
  100 -> ----1-
  010 -> ---1--
  001 -> --1---
  101 -> -1----
  011 -> 1-----
Recoding FSM `$fsm$\bin2bcd0.bin2bcd0.control0.state$1522' from module `\SOC' using `auto' encoding:
  mapping auto encoding to `one-hot` for this FSM.
  000 -> -----1
  100 -> ----1-
  010 -> ---1--
  001 -> --1---
  101 -> -1----
  011 -> 1-----

32.13.7. Executing FSM_INFO pass (dumping all available information on FSM cells).

FSM `$fsm$\bcd2bin0.bcd2bin0.control0.state$1514' from module `SOC':
-------------------------------------

  Information on FSM $fsm$\bcd2bin0.bcd2bin0.control0.state$1514 (\bcd2bin0.bcd2bin0.control0.state):

  Number of input signals:    4
  Number of output signals:   6
  Number of state bits:       6

  Input signals:
    0: \resetn
    1: \bcd2bin0.init
    2: \bcd2bin0.bcd2bin0.count0.z
    3: $flatten\bcd2bin0.\bcd2bin0.\control0.$gt$cores/bin2bcd/ctrl_b2b.v:64$489_Y

  Output signals:
    0: $flatten\bcd2bin0.\bcd2bin0.\control0.$procmux$705_CMP
    1: $flatten\bcd2bin0.\bcd2bin0.\control0.$procmux$658_CMP
    2: $flatten\bcd2bin0.\bcd2bin0.\control0.$procmux$657_CMP
    3: $flatten\bcd2bin0.\bcd2bin0.\control0.$procmux$655_CMP
    4: $flatten\bcd2bin0.\bcd2bin0.\control0.$procmux$654_CMP
    5: $flatten\bcd2bin0.\bcd2bin0.\control0.$procmux$651_CMP

  State encoding:
    0:   6'-----1  <RESET STATE>
    1:   6'----1-
    2:   6'---1--
    3:   6'--1---
    4:   6'-1----
    5:   6'1-----

  Transition Table (state_in, ctrl_in, state_out, ctrl_out):
      0:     0 4'---0   ->     0 6'000001
      1:     0 4'--01   ->     0 6'000001
      2:     0 4'--11   ->     2 6'000001
      3:     1 4'---0   ->     0 6'100000
      4:     1 4'---1   ->     5 6'100000
      5:     2 4'---0   ->     0 6'000010
      6:     2 4'---1   ->     3 6'000010
      7:     3 4'---0   ->     0 6'000100
      8:     3 4'-0-1   ->     1 6'000100
      9:     3 4'-1-1   ->     4 6'000100
     10:     4 4'---0   ->     0 6'010000
     11:     4 4'1--1   ->     0 6'010000
     12:     4 4'0--1   ->     4 6'010000
     13:     5 4'---0   ->     0 6'001000
     14:     5 4'---1   ->     2 6'001000

-------------------------------------

FSM `$fsm$\bin2bcd0.bin2bcd0.control0.state$1522' from module `SOC':
-------------------------------------

  Information on FSM $fsm$\bin2bcd0.bin2bcd0.control0.state$1522 (\bin2bcd0.bin2bcd0.control0.state):

  Number of input signals:    4
  Number of output signals:   6
  Number of state bits:       6

  Input signals:
    0: \resetn
    1: \bin2bcd0.init
    2: \bin2bcd0.bin2bcd0.count0.z
    3: $flatten\bin2bcd0.\bin2bcd0.\control0.$gt$cores/bin2bcd/ctrl_b2b.v:64$489_Y

  Output signals:
    0: $flatten\bin2bcd0.\bin2bcd0.\control0.$procmux$705_CMP
    1: $flatten\bin2bcd0.\bin2bcd0.\control0.$procmux$658_CMP
    2: $flatten\bin2bcd0.\bin2bcd0.\control0.$procmux$657_CMP
    3: $flatten\bin2bcd0.\bin2bcd0.\control0.$procmux$655_CMP
    4: $flatten\bin2bcd0.\bin2bcd0.\control0.$procmux$654_CMP
    5: $flatten\bin2bcd0.\bin2bcd0.\control0.$procmux$651_CMP

  State encoding:
    0:   6'-----1  <RESET STATE>
    1:   6'----1-
    2:   6'---1--
    3:   6'--1---
    4:   6'-1----
    5:   6'1-----

  Transition Table (state_in, ctrl_in, state_out, ctrl_out):
      0:     0 4'---0   ->     0 6'000001
      1:     0 4'--01   ->     0 6'000001
      2:     0 4'--11   ->     2 6'000001
      3:     1 4'---0   ->     0 6'100000
      4:     1 4'---1   ->     5 6'100000
      5:     2 4'---0   ->     0 6'000010
      6:     2 4'---1   ->     3 6'000010
      7:     3 4'---0   ->     0 6'000100
      8:     3 4'-0-1   ->     1 6'000100
      9:     3 4'-1-1   ->     4 6'000100
     10:     4 4'---0   ->     0 6'010000
     11:     4 4'1--1   ->     0 6'010000
     12:     4 4'0--1   ->     4 6'010000
     13:     5 4'---0   ->     0 6'001000
     14:     5 4'---1   ->     2 6'001000

-------------------------------------

32.13.8. Executing FSM_MAP pass (mapping FSMs to basic logic).
Mapping FSM `$fsm$\bcd2bin0.bcd2bin0.control0.state$1514' from module `\SOC'.
Mapping FSM `$fsm$\bin2bcd0.bin2bcd0.control0.state$1522' from module `\SOC'.

32.14. Executing OPT pass (performing simple optimizations).

32.14.1. Executing OPT_EXPR pass (perform const folding).
Optimizing module SOC.

32.14.2. Executing OPT_MERGE pass (detect identical cells).
Finding identical cells in module `\SOC'.
Removed a total of 1 cells.

32.14.3. Executing OPT_MUXTREE pass (detect dead branches in mux trees).
Running muxtree optimizer on module \SOC..
  Creating internal representation of mux trees.
  Evaluating internal representation of mux trees.
  Analyzing evaluation results.
Removed 0 multiplexer ports.

32.14.4. Executing OPT_REDUCE pass (consolidate $*mux and $reduce_* inputs).
  Optimizing cells in module \SOC.
Performed a total of 0 changes.

32.14.5. Executing OPT_MERGE pass (detect identical cells).
Finding identical cells in module `\SOC'.
Removed a total of 0 cells.

32.14.6. Executing OPT_DFF pass (perform DFF optimizations).
Adding SRST signal on $flatten\per_uart.\uart0.$procdff$1448 ($dff) from module SOC (D = $flatten\per_uart.\uart0.$sub$cores/uart/uart.v:39$454_Y [15:0], Q = \per_uart.uart0.enable16_counter, rval = 16'0000000000011010).
Adding EN signal on $flatten\per_uart.\uart0.$procdff$1445 ($dff) from module SOC (D = { \per_uart.uart0.uart_rxd2 \per_uart.uart0.rxd_reg [7:1] }, Q = \per_uart.uart0.rxd_reg).
Adding SRST signal on $flatten\per_uart.\uart0.$procdff$1444 ($dff) from module SOC (D = $flatten\per_uart.\uart0.$procmux$961_Y, Q = \per_uart.uart0.rx_bitcount, rval = 4'0000).
Adding EN signal on $auto$ff.cc:266:slice$1632 ($sdff) from module SOC (D = $flatten\per_uart.\uart0.$procmux$959_Y, Q = \per_uart.uart0.rx_bitcount).
Adding SRST signal on $flatten\per_uart.\uart0.$procdff$1443 ($dff) from module SOC (D = $flatten\per_uart.\uart0.$procmux$971_Y, Q = \per_uart.uart0.rx_count16, rval = 4'0000).
Adding EN signal on $auto$ff.cc:266:slice$1640 ($sdff) from module SOC (D = $flatten\per_uart.\uart0.$procmux$969_Y, Q = \per_uart.uart0.rx_count16).
Adding SRST signal on $flatten\per_uart.\uart0.$procdff$1442 ($dff) from module SOC (D = $flatten\per_uart.\uart0.$procmux$991_Y, Q = \per_uart.uart0.rx_busy, rval = 1'0).
Adding EN signal on $auto$ff.cc:266:slice$1646 ($sdff) from module SOC (D = $flatten\per_uart.\uart0.$procmux$989_Y, Q = \per_uart.uart0.rx_busy).
Adding SRST signal on $flatten\per_uart.\uart0.$procdff$1441 ($dff) from module SOC (D = $flatten\per_uart.\uart0.$procmux$1012_Y, Q = \per_uart.uart0.rx_avail, rval = 1'0).
Adding SRST signal on $flatten\per_uart.\uart0.$procdff$1440 ($dff) from module SOC (D = $flatten\per_uart.\uart0.$procmux$1033_Y, Q = \per_uart.uart0.rx_error, rval = 1'0).
Adding EN signal on $flatten\per_uart.\uart0.$procdff$1439 ($dff) from module SOC (D = \per_uart.uart0.rxd_reg, Q = \per_uart.uart0.rx_data).
Adding EN signal on $flatten\per_uart.\uart0.$procdff$1438 ($dff) from module SOC (D = $flatten\per_uart.\uart0.$procmux$874_Y, Q = \per_uart.uart0.txd_reg).
Adding SRST signal on $flatten\per_uart.\uart0.$procdff$1437 ($dff) from module SOC (D = $flatten\per_uart.\uart0.$procmux$881_Y, Q = \per_uart.uart0.tx_count16, rval = 4'0000).
Adding EN signal on $auto$ff.cc:266:slice$1656 ($sdff) from module SOC (D = $flatten\per_uart.\uart0.$procmux$881_Y, Q = \per_uart.uart0.tx_count16).
Adding EN signal on $flatten\per_uart.\uart0.$procdff$1436 ($dff) from module SOC (D = $flatten\per_uart.\uart0.$procmux$899_Y, Q = \per_uart.uart0.tx_bitcount).
Adding SRST signal on $flatten\per_uart.\uart0.$procdff$1435 ($dff) from module SOC (D = $flatten\per_uart.\uart0.$procmux$915_Y, Q = \per_uart.uart0.uart_txd, rval = 1'1).
Adding EN signal on $auto$ff.cc:266:slice$1661 ($sdff) from module SOC (D = $flatten\per_uart.\uart0.$procmux$911_Y, Q = \per_uart.uart0.uart_txd).
Adding SRST signal on $flatten\per_uart.\uart0.$procdff$1434 ($dff) from module SOC (D = $flatten\per_uart.\uart0.$procmux$933_Y, Q = \per_uart.uart0.tx_busy, rval = 1'0).
Adding EN signal on $flatten\per_uart.$procdff$1477 ($dff) from module SOC (D = { \CPU.rs2 [7:3] \CPU.rs2 [1:0] }, Q = { \per_uart.uart_ctrl [7:3] \per_uart.uart_ctrl [1:0] }).
Adding EN signal on $flatten\per_uart.$procdff$1476 ($dff) from module SOC (D = \CPU.rs2 [7:0], Q = \per_uart.d_in_uart).
Adding EN signal on $flatten\mult1.\mult1.\shR_M0.$procdff$1425 ($dff) from module SOC (D = $flatten\mult1.\mult1.\shR_M0.$0\s_B[15:0], Q = \mult1.mult1.shR_M0.s_B).
Adding SRST signal on $flatten\mult1.\mult1.\shL_M1.$procdff$1426 ($dff) from module SOC (D = $flatten\mult1.\mult1.\shL_M1.$procmux$740_Y [31:16], Q = \mult1.mult1.shL_M1.s_A [31:16], rval = 16'0000000000000000).
Adding EN signal on $flatten\mult1.\mult1.\shL_M1.$procdff$1426 ($dff) from module SOC (D = $flatten\mult1.\mult1.\shL_M1.$0\s_A[31:0] [15:0], Q = \mult1.mult1.shL_M1.s_A [15:0]).
Adding EN signal on $auto$ff.cc:266:slice$1674 ($sdff) from module SOC (D = \mult1.mult1.shL_M1.s_A [30:15], Q = \mult1.mult1.shL_M1.s_A [31:16]).
Adding EN signal on $flatten\mult1.\mult1.\mult_M0.$procdff$1433 ($dff) from module SOC (D = $flatten\mult1.\mult1.\mult_M0.$procmux$818_Y, Q = \mult1.mult1.mult_M0.add).
Adding EN signal on $flatten\mult1.\mult1.\mult_M0.$procdff$1432 ($dff) from module SOC (D = $flatten\mult1.\mult1.\mult_M0.$procmux$829_Y, Q = \mult1.mult1.mult_M0.sh).
Adding SRST signal on $flatten\mult1.\mult1.\mult_M0.$procdff$1431 ($dff) from module SOC (D = $flatten\mult1.\mult1.\mult_M0.$2\state[2:0], Q = \mult1.mult1.mult_M0.state, rval = 3'000).
Adding EN signal on $flatten\mult1.\mult1.\mult_M0.$procdff$1430 ($dff) from module SOC (D = $flatten\mult1.\mult1.\mult_M0.$2\count[4:0], Q = \mult1.mult1.mult_M0.count).
Adding EN signal on $flatten\mult1.\mult1.\mult_M0.$procdff$1429 ($dff) from module SOC (D = $flatten\mult1.\mult1.\mult_M0.$procmux$840_Y, Q = \mult1.mult1.mult_M0.done).
Adding EN signal on $flatten\mult1.\mult1.\mult_M0.$procdff$1428 ($dff) from module SOC (D = $flatten\mult1.\mult1.\mult_M0.$procmux$851_Y, Q = \mult1.mult1.mult_M0.reset).
Adding SRST signal on $flatten\mult1.\mult1.\acc_M0.$procdff$1427 ($dff) from module SOC (D = $flatten\mult1.\mult1.\acc_M0.$procmux$749_Y, Q = \mult1.mult1.acc_M0.pp, rval = 0).
Adding EN signal on $auto$ff.cc:266:slice$1706 ($sdff) from module SOC (D = $flatten\mult1.\mult1.\acc_M0.$add$cores/multiplicador_M/acc_M.v:16$481_Y, Q = \mult1.mult1.acc_M0.pp).
Adding SRST signal on $flatten\mult1.$procdff$1487 ($dff) from module SOC (D = $flatten\mult1.$2\init[0:0], Q = \mult1.init, rval = 1'0).
Adding EN signal on $auto$ff.cc:266:slice$1708 ($sdff) from module SOC (D = \CPU.rs2 [0], Q = \mult1.init).
Adding SRST signal on $flatten\mult1.$procdff$1486 ($dff) from module SOC (D = $flatten\mult1.$2\B[15:0], Q = \mult1.B, rval = 16'0000000000000000).
Adding EN signal on $auto$ff.cc:266:slice$1712 ($sdff) from module SOC (D = { \RAM.mem_wdata [15:8] \CPU.rs2 [7:0] }, Q = \mult1.B).
Adding SRST signal on $flatten\mult1.$procdff$1485 ($dff) from module SOC (D = $flatten\mult1.$2\A[15:0], Q = \mult1.A, rval = 16'0000000000000000).
Adding EN signal on $auto$ff.cc:266:slice$1716 ($sdff) from module SOC (D = { \RAM.mem_wdata [15:8] \CPU.rs2 [7:0] }, Q = \mult1.A).
Adding SRST signal on $flatten\mult1.$procdff$1484 ($dff) from module SOC (D = $flatten\mult1.$2\d_out[31:0], Q = \mult1.d_out, rval = 0).
Adding EN signal on $auto$ff.cc:266:slice$1720 ($sdff) from module SOC (D = $flatten\mult1.$3\d_out[31:0], Q = \mult1.d_out).
Adding SRST signal on $flatten\bin2bcd0.\bin2bcd0.\reg0.$procdff$1420 ($dff) from module SOC (D = $flatten\bin2bcd0.\bin2bcd0.\reg0.$procmux$633_Y, Q = \bin2bcd0.bin2bcd0.reg0.cont, rval = 5'00000).
Adding EN signal on $auto$ff.cc:266:slice$1726 ($sdff) from module SOC (D = { \bin2bcd0.bin2bcd0.comp4.Result [3] \bin2bcd0.bin2bcd0.comp3.Result [3] \bin2bcd0.bin2bcd0.comp2.Result [3] \bin2bcd0.bin2bcd0.comp1.Result [3] \bin2bcd0.bin2bcd0.comp0.Result [3] }, Q = \bin2bcd0.bin2bcd0.reg0.cont).
Adding SRST signal on $flatten\bin2bcd0.\bin2bcd0.\lsr40.$procdff$1418 ($dff) from module SOC (D = { $flatten\bin2bcd0.\bin2bcd0.\lsr40.$procmux$573_Y $flatten\bin2bcd0.\bin2bcd0.\lsr40.$procmux$565_Y $flatten\bin2bcd0.\bin2bcd0.\lsr40.$procmux$557_Y $flatten\bin2bcd0.\bin2bcd0.\lsr40.$procmux$541_Y $flatten\bin2bcd0.\bin2bcd0.\lsr40.$procmux$549_Y }, Q = \bin2bcd0.bin2bcd0.lsr40.data [35:16], rval = 20'00000000000000000000).
Adding EN signal on $flatten\bin2bcd0.\bin2bcd0.\lsr40.$procdff$1418 ($dff) from module SOC (D = $flatten\bin2bcd0.\bin2bcd0.\lsr40.$0\data[35:0] [15:0], Q = \bin2bcd0.bin2bcd0.lsr40.data [15:0]).
Adding EN signal on $auto$ff.cc:266:slice$1728 ($sdff) from module SOC (D = $flatten\bin2bcd0.\bin2bcd0.\lsr40.$procmux$549_Y, Q = \bin2bcd0.bin2bcd0.lsr40.data [19:16]).
Adding EN signal on $auto$ff.cc:266:slice$1728 ($sdff) from module SOC (D = $flatten\bin2bcd0.\bin2bcd0.\lsr40.$procmux$541_Y, Q = \bin2bcd0.bin2bcd0.lsr40.data [23:20]).
Adding EN signal on $auto$ff.cc:266:slice$1728 ($sdff) from module SOC (D = $flatten\bin2bcd0.\bin2bcd0.\lsr40.$procmux$557_Y, Q = \bin2bcd0.bin2bcd0.lsr40.data [27:24]).
Adding EN signal on $auto$ff.cc:266:slice$1728 ($sdff) from module SOC (D = $flatten\bin2bcd0.\bin2bcd0.\lsr40.$procmux$565_Y, Q = \bin2bcd0.bin2bcd0.lsr40.data [31:28]).
Adding EN signal on $auto$ff.cc:266:slice$1728 ($sdff) from module SOC (D = $flatten\bin2bcd0.\bin2bcd0.\lsr40.$procmux$573_Y, Q = \bin2bcd0.bin2bcd0.lsr40.data [35:32]).
Adding SRST signal on $flatten\bin2bcd0.\bin2bcd0.\count0.$procdff$1422 ($dff) from module SOC (D = $flatten\bin2bcd0.\bin2bcd0.\count0.$procmux$642_Y, Q = \bin2bcd0.bin2bcd0.count0.cont, rval = 5'10000).
Adding EN signal on $auto$ff.cc:266:slice$1748 ($sdff) from module SOC (D = $flatten\bin2bcd0.\bin2bcd0.\count0.$sub$cores/bin2bcd/count.v:16$493_Y [4:0], Q = \bin2bcd0.bin2bcd0.count0.cont).
Adding SRST signal on $flatten\bin2bcd0.\bin2bcd0.\control0.$procdff$1423 ($dff) from module SOC (D = $flatten\bin2bcd0.\bin2bcd0.\control0.$2\count[5:0], Q = \bin2bcd0.bin2bcd0.control0.count, rval = 6'000000).
Adding EN signal on $auto$ff.cc:266:slice$1750 ($sdff) from module SOC (D = $flatten\bin2bcd0.\bin2bcd0.\control0.$2\count[5:0], Q = \bin2bcd0.bin2bcd0.control0.count).
Adding SRST signal on $flatten\bin2bcd0.$procdff$1480 ($dff) from module SOC (D = $flatten\bin2bcd0.$2\init[0:0], Q = \bin2bcd0.init, rval = 1'0).
Adding EN signal on $auto$ff.cc:266:slice$1754 ($sdff) from module SOC (D = \CPU.rs2 [0], Q = \bin2bcd0.init).
Adding SRST signal on $flatten\bin2bcd0.$procdff$1479 ($dff) from module SOC (D = $flatten\bin2bcd0.$2\A[15:0], Q = \bin2bcd0.A, rval = 16'0000000000000000).
Adding EN signal on $auto$ff.cc:266:slice$1758 ($sdff) from module SOC (D = { \RAM.mem_wdata [15:8] \CPU.rs2 [7:0] }, Q = \bin2bcd0.A).
Adding SRST signal on $flatten\bin2bcd0.$procdff$1478 ($dff) from module SOC (D = $flatten\bin2bcd0.$2\d_out[31:0], Q = \bin2bcd0.d_out, rval = 0).
Adding EN signal on $auto$ff.cc:266:slice$1762 ($sdff) from module SOC (D = $flatten\bin2bcd0.$3\d_out[31:0], Q = \bin2bcd0.d_out).
Adding SRST signal on $flatten\bcd2bin0.\bcd2bin0.\rsr40.$procdff$1419 ($dff) from module SOC (D = $flatten\bcd2bin0.\bcd2bin0.\rsr40.$procmux$625_Y, Q = \bcd2bin0.bcd2bin0.rsr40.data [15:0], rval = 16'0000000000000000).
Adding EN signal on $flatten\bcd2bin0.\bcd2bin0.\rsr40.$procdff$1419 ($dff) from module SOC (D = $flatten\bcd2bin0.\bcd2bin0.\rsr40.$0\data[35:0] [19:16], Q = \bcd2bin0.bcd2bin0.rsr40.data [19:16]).
Adding EN signal on $flatten\bcd2bin0.\bcd2bin0.\rsr40.$procdff$1419 ($dff) from module SOC (D = $flatten\bcd2bin0.\bcd2bin0.\rsr40.$0\data[35:0] [23:20], Q = \bcd2bin0.bcd2bin0.rsr40.data [23:20]).
Adding EN signal on $flatten\bcd2bin0.\bcd2bin0.\rsr40.$procdff$1419 ($dff) from module SOC (D = $flatten\bcd2bin0.\bcd2bin0.\rsr40.$0\data[35:0] [27:24], Q = \bcd2bin0.bcd2bin0.rsr40.data [27:24]).
Adding EN signal on $flatten\bcd2bin0.\bcd2bin0.\rsr40.$procdff$1419 ($dff) from module SOC (D = $flatten\bcd2bin0.\bcd2bin0.\rsr40.$0\data[35:0] [31:28], Q = \bcd2bin0.bcd2bin0.rsr40.data [31:28]).
Adding EN signal on $flatten\bcd2bin0.\bcd2bin0.\rsr40.$procdff$1419 ($dff) from module SOC (D = $flatten\bcd2bin0.\bcd2bin0.\rsr40.$0\data[35:0] [35:32], Q = \bcd2bin0.bcd2bin0.rsr40.data [35:32]).
Adding EN signal on $auto$ff.cc:266:slice$1768 ($sdff) from module SOC (D = \bcd2bin0.bcd2bin0.rsr40.data [16:1], Q = \bcd2bin0.bcd2bin0.rsr40.data [15:0]).
Adding SRST signal on $flatten\bcd2bin0.\bcd2bin0.\reg0.$procdff$1420 ($dff) from module SOC (D = $flatten\bcd2bin0.\bcd2bin0.\reg0.$procmux$633_Y, Q = \bcd2bin0.bcd2bin0.reg0.cont, rval = 5'00000).
Adding EN signal on $auto$ff.cc:266:slice$1786 ($sdff) from module SOC (D = { \bcd2bin0.bcd2bin0.comp4.Result [3] \bcd2bin0.bcd2bin0.comp3.Result [3] \bcd2bin0.bcd2bin0.comp2.Result [3] \bcd2bin0.bcd2bin0.comp1.Result [3] \bcd2bin0.bcd2bin0.comp0.Result [3] }, Q = \bcd2bin0.bcd2bin0.reg0.cont).
Adding SRST signal on $flatten\bcd2bin0.\bcd2bin0.\count0.$procdff$1422 ($dff) from module SOC (D = $flatten\bcd2bin0.\bcd2bin0.\count0.$procmux$642_Y, Q = \bcd2bin0.bcd2bin0.count0.cont, rval = 5'10000).
Adding EN signal on $auto$ff.cc:266:slice$1788 ($sdff) from module SOC (D = $flatten\bcd2bin0.\bcd2bin0.\count0.$sub$cores/bin2bcd/count.v:16$493_Y [4:0], Q = \bcd2bin0.bcd2bin0.count0.cont).
Adding SRST signal on $flatten\bcd2bin0.\bcd2bin0.\control0.$procdff$1423 ($dff) from module SOC (D = $flatten\bcd2bin0.\bcd2bin0.\control0.$2\count[5:0], Q = \bcd2bin0.bcd2bin0.control0.count, rval = 6'000000).
Adding EN signal on $auto$ff.cc:266:slice$1790 ($sdff) from module SOC (D = $flatten\bcd2bin0.\bcd2bin0.\control0.$2\count[5:0], Q = \bcd2bin0.bcd2bin0.control0.count).
Adding SRST signal on $flatten\bcd2bin0.$procdff$1483 ($dff) from module SOC (D = $flatten\bcd2bin0.$2\init[0:0], Q = \bcd2bin0.init, rval = 1'0).
Adding EN signal on $auto$ff.cc:266:slice$1794 ($sdff) from module SOC (D = \CPU.rs2 [0], Q = \bcd2bin0.init).
Adding SRST signal on $flatten\bcd2bin0.$procdff$1482 ($dff) from module SOC (D = $flatten\bcd2bin0.$2\A[19:0], Q = \bcd2bin0.A, rval = 20'00000000000000000000).
Adding EN signal on $auto$ff.cc:266:slice$1798 ($sdff) from module SOC (D = { \RAM.mem_wdata [19:8] \CPU.rs2 [7:0] }, Q = \bcd2bin0.A).
Adding SRST signal on $flatten\bcd2bin0.$procdff$1481 ($dff) from module SOC (D = $flatten\bcd2bin0.$2\d_out[31:0], Q = \bcd2bin0.d_out, rval = 0).
Adding EN signal on $auto$ff.cc:266:slice$1802 ($sdff) from module SOC (D = $flatten\bcd2bin0.$3\d_out[31:0], Q = \bcd2bin0.d_out).
Adding EN signal on $flatten\RAM.$procdff$1461 ($dff) from module SOC (D = $flatten\RAM.$memrd$\MEM$cores/bram/bram.v:22$283_DATA, Q = \RAM.mem_rdata).
Adding EN signal on $flatten\CPU.$procdff$1456 ($dff) from module SOC (D = $flatten\CPU.$0\aluShamt[4:0], Q = \CPU.aluShamt).
Adding EN signal on $flatten\CPU.$procdff$1455 ($dff) from module SOC (D = $flatten\CPU.$0\aluReg[31:0], Q = \CPU.aluReg).
Adding SRST signal on $flatten\CPU.$procdff$1454 ($dff) from module SOC (D = $flatten\CPU.$procmux$1070_Y, Q = \CPU.rs2, rval = 0).
Adding EN signal on $auto$ff.cc:266:slice$1825 ($sdff) from module SOC (D = $flatten\CPU.$memrd$\registerFile$cores/cpu/femtorv32_quark_V2.v:264$437_DATA, Q = \CPU.rs2).
Adding SRST signal on $flatten\CPU.$procdff$1453 ($dff) from module SOC (D = $flatten\CPU.$procmux$1080_Y, Q = \CPU.rs1, rval = 0).
Adding EN signal on $auto$ff.cc:266:slice$1827 ($sdff) from module SOC (D = $flatten\CPU.$memrd$\registerFile$cores/cpu/femtorv32_quark_V2.v:263$436_DATA, Q = \CPU.rs1).
Adding SRST signal on $flatten\CPU.$procdff$1452 ($dff) from module SOC (D = $flatten\CPU.$procmux$1088_Y, Q = \CPU.state, rval = 4'1000).
Adding EN signal on $auto$ff.cc:266:slice$1829 ($sdff) from module SOC (D = $flatten\CPU.$procmux$1088_Y [0], Q = \CPU.state [0]).
Adding EN signal on $flatten\CPU.$procdff$1451 ($dff) from module SOC (D = \CPU.mem_rdata [31:2], Q = \CPU.instr).
Adding SRST signal on $flatten\CPU.$procdff$1450 ($dff) from module SOC (D = $flatten\CPU.$procmux$1109_Y, Q = \CPU.PC, rval = 24'000000000000000000000000).
Adding EN signal on $auto$ff.cc:266:slice$1837 ($sdff) from module SOC (D = $flatten\CPU.$ternary$cores/cpu/femtorv32_quark_V2.v:271$439_Y, Q = \CPU.PC).
Adding SRST signal on $flatten\CPU.$procdff$1449 ($dff) from module SOC (D = $flatten\CPU.$add$cores/cpu/femtorv32_quark_V2.v:294$448_Y, Q = \CPU.cycles, rval = 0).

32.14.7. Executing OPT_CLEAN pass (remove unused cells and wires).
Finding unused cells or wires in module \SOC..
Removed 94 unused cells and 113 unused wires.

32.14.8. Executing OPT_EXPR pass (perform const folding).
Optimizing module SOC.

32.14.9. Rerunning OPT passes. (Maybe there is more to do..)

32.14.10. Executing OPT_MUXTREE pass (detect dead branches in mux trees).
Running muxtree optimizer on module \SOC..
  Creating internal representation of mux trees.
  Evaluating internal representation of mux trees.
  Analyzing evaluation results.
Removed 0 multiplexer ports.

32.14.11. Executing OPT_REDUCE pass (consolidate $*mux and $reduce_* inputs).
  Optimizing cells in module \SOC.
Performed a total of 0 changes.

32.14.12. Executing OPT_MERGE pass (detect identical cells).
Finding identical cells in module `\SOC'.
Removed a total of 6 cells.

32.14.13. Executing OPT_DFF pass (perform DFF optimizations).

32.14.14. Executing OPT_CLEAN pass (remove unused cells and wires).
Finding unused cells or wires in module \SOC..
Removed 0 unused cells and 6 unused wires.

32.14.15. Executing OPT_EXPR pass (perform const folding).
Optimizing module SOC.

32.14.16. Rerunning OPT passes. (Maybe there is more to do..)

32.14.17. Executing OPT_MUXTREE pass (detect dead branches in mux trees).
Running muxtree optimizer on module \SOC..
  Creating internal representation of mux trees.
  Evaluating internal representation of mux trees.
  Analyzing evaluation results.
Removed 0 multiplexer ports.

32.14.18. Executing OPT_REDUCE pass (consolidate $*mux and $reduce_* inputs).
  Optimizing cells in module \SOC.
Performed a total of 0 changes.

32.14.19. Executing OPT_MERGE pass (detect identical cells).
Finding identical cells in module `\SOC'.
Removed a total of 0 cells.

32.14.20. Executing OPT_DFF pass (perform DFF optimizations).

32.14.21. Executing OPT_CLEAN pass (remove unused cells and wires).
Finding unused cells or wires in module \SOC..

32.14.22. Executing OPT_EXPR pass (perform const folding).
Optimizing module SOC.

32.14.23. Finished OPT passes. (There is nothing left to do.)

32.15. Executing WREDUCE pass (reducing word size of cells).
Removed top 27 address bits (of 32) from memory init port SOC.$flatten\CPU.$auto$proc_memwr.cc:45:proc_memwr$1488 (CPU.registerFile).
Removed top 27 address bits (of 32) from memory init port SOC.$flatten\CPU.$meminit$\registerFile$cores/cpu/femtorv32_quark_V2.v:301$449 (CPU.registerFile).
Removed top 19 address bits (of 30) from memory init port SOC.$flatten\RAM.$auto$proc_memwr.cc:45:proc_memwr$1490 (RAM.MEM).
Removed top 19 address bits (of 30) from memory init port SOC.$flatten\RAM.$auto$proc_memwr.cc:45:proc_memwr$1491 (RAM.MEM).
Removed top 19 address bits (of 30) from memory init port SOC.$flatten\RAM.$auto$proc_memwr.cc:45:proc_memwr$1492 (RAM.MEM).
Removed top 19 address bits (of 30) from memory init port SOC.$flatten\RAM.$auto$proc_memwr.cc:45:proc_memwr$1493 (RAM.MEM).
Removed top 21 address bits (of 32) from memory init port SOC.$flatten\RAM.$meminit$\MEM$cores/bram/bram.v:0$296 (RAM.MEM).
Removed top 19 address bits (of 30) from memory read port SOC.$flatten\RAM.$memrd$\MEM$cores/bram/bram.v:22$283 (RAM.MEM).
Removed top 6 bits (of 8) from port B of cell SOC.$procmux$1395_CMP0 ($eq).
Removed top 5 bits (of 8) from port B of cell SOC.$procmux$1396_CMP0 ($eq).
Removed top 4 bits (of 8) from port B of cell SOC.$procmux$1397_CMP0 ($eq).
Removed top 3 bits (of 8) from port B of cell SOC.$procmux$1398_CMP0 ($eq).
Removed top 2 bits (of 8) from port B of cell SOC.$procmux$1399_CMP0 ($eq).
Removed top 1 bits (of 8) from port B of cell SOC.$procmux$1404_CMP0 ($eq).
Removed top 1 bits (of 8) from port B of cell SOC.$procmux$1405_CMP0 ($eq).
Removed top 1 bits (of 8) from port B of cell SOC.$procmux$1406_CMP0 ($eq).
Removed top 1 bits (of 8) from port B of cell SOC.$procmux$1407_CMP0 ($eq).
Removed top 1 bits (of 8) from port B of cell SOC.$procmux$1408_CMP0 ($eq).
Removed top 1 bits (of 8) from port B of cell SOC.$procmux$1409_CMP0 ($eq).
Removed top 1 bits (of 8) from port B of cell SOC.$procmux$1410_CMP0 ($eq).
Removed top 1 bits (of 2) from port B of cell SOC.$auto$fsm_map.cc:77:implement_pattern_cache$1582 ($eq).
Removed top 31 bits (of 32) from port B of cell SOC.$flatten\CPU.$add$cores/cpu/femtorv32_quark_V2.v:294$448 ($add).
Removed top 28 bits (of 32) from mux cell SOC.$flatten\CPU.$ternary$cores/cpu/femtorv32_quark_V2.v:274$440 ($mux).
Removed top 2 bits (of 4) from mux cell SOC.$flatten\CPU.$ternary$cores/cpu/femtorv32_quark_V2.v:224$418 ($mux).
Removed top 31 bits (of 32) from port B of cell SOC.$flatten\CPU.$sub$cores/cpu/femtorv32_quark_V2.v:206$399 ($sub).
Removed top 27 bits (of 32) from port Y of cell SOC.$flatten\CPU.$sub$cores/cpu/femtorv32_quark_V2.v:206$399 ($sub).
Removed top 8 bits (of 32) from mux cell SOC.$flatten\CPU.$ternary$cores/cpu/femtorv32_quark_V2.v:176$375 ($mux).
Removed top 8 bits (of 32) from mux cell SOC.$flatten\CPU.$ternary$cores/cpu/femtorv32_quark_V2.v:175$372 ($mux).
Removed top 29 bits (of 32) from port B of cell SOC.$flatten\CPU.$add$cores/cpu/femtorv32_quark_V2.v:165$362 ($add).
Removed top 8 bits (of 32) from port Y of cell SOC.$flatten\CPU.$add$cores/cpu/femtorv32_quark_V2.v:165$362 ($add).
Removed top 31 bits (of 32) from mux cell SOC.$flatten\CPU.$ternary$cores/cpu/femtorv32_quark_V2.v:154$346 ($mux).
Removed top 31 bits (of 32) from mux cell SOC.$flatten\CPU.$ternary$cores/cpu/femtorv32_quark_V2.v:153$344 ($mux).
Removed top 1 bits (of 2) from port B of cell SOC.$flatten\CPU.$eq$cores/cpu/femtorv32_quark_V2.v:135$330 ($eq).
Removed top 19 bits (of 24) from mux cell SOC.$flatten\CPU.$ternary$cores/cpu/femtorv32_quark_V2.v:124$323 ($mux).
Removed top 32 bits (of 33) from port B of cell SOC.$flatten\CPU.$add$cores/cpu/femtorv32_quark_V2.v:115$319 ($add).
Removed top 1 bits (of 33) from port B of cell SOC.$flatten\CPU.$add$cores/cpu/femtorv32_quark_V2.v:115$318 ($add).
Removed top 1 bits (of 5) from port B of cell SOC.$flatten\CPU.$eq$cores/cpu/femtorv32_quark_V2.v:86$307 ($eq).
Removed top 1 bits (of 5) from port B of cell SOC.$flatten\CPU.$eq$cores/cpu/femtorv32_quark_V2.v:85$306 ($eq).
Removed top 1 bits (of 5) from port B of cell SOC.$flatten\CPU.$eq$cores/cpu/femtorv32_quark_V2.v:84$305 ($eq).
Removed top 2 bits (of 5) from port B of cell SOC.$flatten\CPU.$eq$cores/cpu/femtorv32_quark_V2.v:83$304 ($eq).
Removed top 2 bits (of 5) from port B of cell SOC.$flatten\CPU.$eq$cores/cpu/femtorv32_quark_V2.v:82$303 ($eq).
Removed top 7 bits (of 8) from port A of cell SOC.$flatten\CPU.$shl$cores/cpu/femtorv32_quark_V2.v:69$301 ($shl).
Removed top 19 bits (of 30) from mux cell SOC.$flatten\RAM.$procmux$1223 ($mux).
Removed top 19 bits (of 30) from mux cell SOC.$flatten\RAM.$procmux$1214 ($mux).
Removed top 19 bits (of 30) from mux cell SOC.$flatten\RAM.$procmux$1205 ($mux).
Removed top 19 bits (of 30) from mux cell SOC.$flatten\RAM.$procmux$1196 ($mux).
Removed top 31 bits (of 32) from port B of cell SOC.$flatten\per_uart.\uart0.$sub$cores/uart/uart.v:39$454 ($sub).
Removed top 16 bits (of 32) from port Y of cell SOC.$flatten\per_uart.\uart0.$sub$cores/uart/uart.v:39$454 ($sub).
Removed top 31 bits (of 32) from port B of cell SOC.$flatten\per_uart.\uart0.$add$cores/uart/uart.v:88$460 ($add).
Removed top 28 bits (of 32) from port Y of cell SOC.$flatten\per_uart.\uart0.$add$cores/uart/uart.v:88$460 ($add).
Removed top 31 bits (of 32) from port B of cell SOC.$flatten\per_uart.\uart0.$add$cores/uart/uart.v:91$462 ($add).
Removed top 28 bits (of 32) from port Y of cell SOC.$flatten\per_uart.\uart0.$add$cores/uart/uart.v:91$462 ($add).
Removed top 31 bits (of 32) from port B of cell SOC.$flatten\per_uart.\uart0.$add$cores/uart/uart.v:137$468 ($add).
Removed top 28 bits (of 32) from port Y of cell SOC.$flatten\per_uart.\uart0.$add$cores/uart/uart.v:137$468 ($add).
Removed top 31 bits (of 32) from port B of cell SOC.$flatten\per_uart.\uart0.$add$cores/uart/uart.v:140$471 ($add).
Removed top 28 bits (of 32) from port Y of cell SOC.$flatten\per_uart.\uart0.$add$cores/uart/uart.v:140$471 ($add).
Removed top 1 bits (of 2) from port B of cell SOC.$flatten\per_uart.$procmux$1230_CMP0 ($eq).
Removed top 22 bits (of 32) from mux cell SOC.$flatten\per_uart.$procmux$1228 ($pmux).
Removed top 5 bits (of 8) from mux cell SOC.$flatten\per_uart.$ternary$cores/uart/perip_uart.v:40$261 ($mux).
Removed top 1 bits (of 2) from mux cell SOC.$flatten\per_uart.$ternary$cores/uart/perip_uart.v:31$255 ($mux).
Removed top 1 bits (of 2) from port B of cell SOC.$auto$fsm_map.cc:77:implement_pattern_cache$1537 ($eq).
Removed top 1 bits (of 2) from port B of cell SOC.$auto$opt_dff.cc:195:make_patterns_logic$1637 ($ne).
Removed top 1 bits (of 2) from port B of cell SOC.$auto$opt_dff.cc:195:make_patterns_logic$1635 ($ne).
Removed top 31 bits (of 32) from port B of cell SOC.$flatten\bin2bcd0.\bin2bcd0.\count0.$sub$cores/bin2bcd/count.v:16$493 ($sub).
Removed top 27 bits (of 32) from port Y of cell SOC.$flatten\bin2bcd0.\bin2bcd0.\count0.$sub$cores/bin2bcd/count.v:16$493 ($sub).
Removed top 31 bits (of 32) from port B of cell SOC.$flatten\bin2bcd0.\bin2bcd0.\control0.$add$cores/bin2bcd/ctrl_b2b.v:63$488 ($add).
Removed top 26 bits (of 32) from port Y of cell SOC.$flatten\bin2bcd0.\bin2bcd0.\control0.$add$cores/bin2bcd/ctrl_b2b.v:63$488 ($add).
Removed top 31 bits (of 32) from mux cell SOC.$flatten\bin2bcd0.\bin2bcd0.\count0.$ternary$cores/bin2bcd/count.v:20$495 ($mux).
Removed top 1 bits (of 2) from port B of cell SOC.$auto$fsm_map.cc:77:implement_pattern_cache$1567 ($eq).
Removed top 27 bits (of 32) from port B of cell SOC.$flatten\bin2bcd0.\bin2bcd0.\control0.$gt$cores/bin2bcd/ctrl_b2b.v:64$489 ($gt).
Removed top 1 bits (of 5) from port B of cell SOC.$flatten\bin2bcd0.$procmux$1239_CMP0 ($eq).
Removed top 1 bits (of 2) from port B of cell SOC.$auto$fsm_map.cc:77:implement_pattern_cache$1612 ($eq).
Removed top 1 bits (of 2) from port B of cell SOC.$auto$fsm_map.cc:77:implement_pattern_cache$1546 ($eq).
Removed top 1 bits (of 2) from port B of cell SOC.$auto$fsm_map.cc:77:implement_pattern_cache$1591 ($eq).
Removed top 1 bits (of 4) from mux cell SOC.$flatten\bcd2bin0.\bcd2bin0.\mux0.$procmux$631 ($mux).
Removed top 31 bits (of 32) from port B of cell SOC.$flatten\bcd2bin0.\bcd2bin0.\count0.$sub$cores/bin2bcd/count.v:16$493 ($sub).
Removed top 27 bits (of 32) from port Y of cell SOC.$flatten\bcd2bin0.\bcd2bin0.\count0.$sub$cores/bin2bcd/count.v:16$493 ($sub).
Removed top 31 bits (of 32) from port B of cell SOC.$flatten\bcd2bin0.\bcd2bin0.\control0.$add$cores/bin2bcd/ctrl_b2b.v:63$488 ($add).
Removed top 26 bits (of 32) from port Y of cell SOC.$flatten\bcd2bin0.\bcd2bin0.\control0.$add$cores/bin2bcd/ctrl_b2b.v:63$488 ($add).
Removed top 31 bits (of 32) from mux cell SOC.$flatten\bcd2bin0.\bcd2bin0.\count0.$ternary$cores/bin2bcd/count.v:20$495 ($mux).
Removed top 1 bits (of 4) from port B of cell SOC.$auto$opt_dff.cc:195:make_patterns_logic$1811 ($ne).
Removed top 27 bits (of 32) from port B of cell SOC.$flatten\bcd2bin0.\bcd2bin0.\control0.$gt$cores/bin2bcd/ctrl_b2b.v:64$489 ($gt).
Removed top 2 bits (of 5) from port B of cell SOC.$flatten\bcd2bin0.$procmux$1327_CMP0 ($eq).
Removed top 1 bits (of 5) from port B of cell SOC.$flatten\bcd2bin0.$procmux$1326_CMP0 ($eq).
Removed top 2 bits (of 3) from port B of cell SOC.$auto$opt_dff.cc:195:make_patterns_logic$1813 ($ne).
Removed top 1 bits (of 5) from port B of cell SOC.$flatten\bcd2bin0.$procmux$1288_CMP0 ($eq).
Removed top 31 bits (of 32) from port B of cell SOC.$flatten\mult1.\mult1.\mult_M0.$add$cores/multiplicador_M/control_mult_M.v:91$476 ($add).
Removed top 27 bits (of 32) from port Y of cell SOC.$flatten\mult1.\mult1.\mult_M0.$add$cores/multiplicador_M/control_mult_M.v:91$476 ($add).
Removed top 16 bits (of 32) from mux cell SOC.$flatten\mult1.\mult1.\shL_M1.$procmux$743 ($mux).
Removed top 1 bits (of 3) from port B of cell SOC.$flatten\mult1.\mult1.\mult_M0.$procmux$797_CMP0 ($eq).
Removed top 2 bits (of 3) from mux cell SOC.$flatten\mult1.\mult1.\mult_M0.$procmux$786 ($mux).
Removed top 2 bits (of 3) from port B of cell SOC.$flatten\mult1.\mult1.\mult_M0.$procmux$775_CMP0 ($eq).
Removed top 1 bits (of 3) from port B of cell SOC.$flatten\mult1.\mult1.\mult_M0.$procmux$762_CMP0 ($eq).
Removed top 27 bits (of 32) from port B of cell SOC.$flatten\mult1.\mult1.\mult_M0.$gt$cores/multiplicador_M/control_mult_M.v:92$477 ($gt).
Removed top 1 bits (of 5) from port B of cell SOC.$flatten\mult1.$procmux$1385_CMP0 ($eq).
Removed top 1 bits (of 5) from port B of cell SOC.$flatten\mult1.$procmux$1337_CMP0 ($eq).
Removed top 5 bits (of 7) from FF cell SOC.$auto$ff.cc:266:slice$1668 ($dffe).
Removed top 16 bits (of 32) from mux cell SOC.$flatten\mult1.\mult1.\shL_M1.$procmux$740 ($mux).
Removed top 27 bits (of 32) from wire SOC.$flatten\CPU.$sub$cores/cpu/femtorv32_quark_V2.v:206$399_Y.
Removed top 31 bits (of 32) from wire SOC.$flatten\CPU.$ternary$cores/cpu/femtorv32_quark_V2.v:153$344_Y.
Removed top 31 bits (of 32) from wire SOC.$flatten\CPU.$ternary$cores/cpu/femtorv32_quark_V2.v:154$346_Y.
Removed top 8 bits (of 32) from wire SOC.$flatten\CPU.$ternary$cores/cpu/femtorv32_quark_V2.v:175$372_Y.
Removed top 8 bits (of 32) from wire SOC.$flatten\CPU.$ternary$cores/cpu/femtorv32_quark_V2.v:176$375_Y.
Removed top 2 bits (of 4) from wire SOC.$flatten\CPU.$ternary$cores/cpu/femtorv32_quark_V2.v:224$418_Y.
Removed top 28 bits (of 32) from wire SOC.$flatten\CPU.$ternary$cores/cpu/femtorv32_quark_V2.v:274$440_Y.
Removed top 19 bits (of 30) from wire SOC.$flatten\RAM.$0$memwr$\MEM$cores/bram/bram.v:24$266_ADDR[29:0]$271.
Removed top 24 bits (of 32) from wire SOC.$flatten\RAM.$0$memwr$\MEM$cores/bram/bram.v:24$266_EN[31:0]$273.
Removed top 19 bits (of 30) from wire SOC.$flatten\RAM.$0$memwr$\MEM$cores/bram/bram.v:25$267_ADDR[29:0]$274.
Removed top 1 bits (of 32) from wire SOC.$flatten\RAM.$0$memwr$\MEM$cores/bram/bram.v:25$267_DATA[31:0]$275.
Removed top 16 bits (of 32) from wire SOC.$flatten\RAM.$0$memwr$\MEM$cores/bram/bram.v:25$267_EN[31:0]$276.
Removed top 19 bits (of 30) from wire SOC.$flatten\RAM.$0$memwr$\MEM$cores/bram/bram.v:26$268_ADDR[29:0]$277.
Removed top 8 bits (of 32) from wire SOC.$flatten\RAM.$0$memwr$\MEM$cores/bram/bram.v:26$268_EN[31:0]$279.
Removed top 19 bits (of 30) from wire SOC.$flatten\RAM.$0$memwr$\MEM$cores/bram/bram.v:27$269_ADDR[29:0]$280.
Removed top 26 bits (of 32) from wire SOC.$flatten\bcd2bin0.\bcd2bin0.\control0.$add$cores/bin2bcd/ctrl_b2b.v:63$488_Y.
Removed top 27 bits (of 32) from wire SOC.$flatten\bcd2bin0.\bcd2bin0.\count0.$sub$cores/bin2bcd/count.v:16$493_Y.
Removed top 26 bits (of 32) from wire SOC.$flatten\bin2bcd0.\bin2bcd0.\control0.$add$cores/bin2bcd/ctrl_b2b.v:63$488_Y.
Removed top 27 bits (of 32) from wire SOC.$flatten\bin2bcd0.\bin2bcd0.\count0.$sub$cores/bin2bcd/count.v:16$493_Y.
Removed top 20 bits (of 36) from wire SOC.$flatten\bin2bcd0.\bin2bcd0.\lsr40.$0\data[35:0].
Removed top 2 bits (of 3) from wire SOC.$flatten\mult1.\mult1.\mult_M0.$3\state[2:0].
Removed top 27 bits (of 32) from wire SOC.$flatten\mult1.\mult1.\mult_M0.$add$cores/multiplicador_M/control_mult_M.v:91$476_Y.
Removed top 16 bits (of 32) from wire SOC.$flatten\mult1.\mult1.\shL_M1.$0\s_A[31:0].
Removed top 17 bits (of 32) from wire SOC.$flatten\mult1.\mult1.\shL_M1.$procmux$740_Y.
Removed top 22 bits (of 32) from wire SOC.$flatten\per_uart.$0\d_out[31:0].
Removed top 5 bits (of 8) from wire SOC.$flatten\per_uart.$0\uart_ctrl[7:0].
Removed top 1 bits (of 2) from wire SOC.$flatten\per_uart.$ternary$cores/uart/perip_uart.v:31$255_Y.
Removed top 28 bits (of 32) from wire SOC.$flatten\per_uart.\uart0.$add$cores/uart/uart.v:137$468_Y.
Removed top 28 bits (of 32) from wire SOC.$flatten\per_uart.\uart0.$add$cores/uart/uart.v:140$471_Y.
Removed top 25 bits (of 32) from wire SOC.RAM_rdata.
Removed top 30 bits (of 32) from wire SOC.mem_addr.

32.16. Executing PEEPOPT pass (run peephole optimizers).

32.17. Executing OPT_CLEAN pass (remove unused cells and wires).
Finding unused cells or wires in module \SOC..
Removed 0 unused cells and 35 unused wires.

32.18. Executing SHARE pass (SAT-based resource sharing).

32.19. Executing TECHMAP pass (map to technology primitives).

32.19.1. Executing Verilog-2005 frontend: /home/miguelangel-garcia/miniconda3/envs/digital/bin/../share/yosys/cmp2lut.v
Parsing Verilog input from `/home/miguelangel-garcia/miniconda3/envs/digital/bin/../share/yosys/cmp2lut.v' to AST representation.
Generating RTLIL representation for module `\_90_lut_cmp_'.
Successfully finished Verilog frontend.

32.19.2. Continuing TECHMAP pass.
No more expansions possible.

32.20. Executing OPT_EXPR pass (perform const folding).
Optimizing module SOC.

32.21. Executing OPT_CLEAN pass (remove unused cells and wires).
Finding unused cells or wires in module \SOC..

32.22. Executing TECHMAP pass (map to technology primitives).

32.22.1. Executing Verilog-2005 frontend: /home/miguelangel-garcia/miniconda3/envs/digital/bin/../share/yosys/mul2dsp.v
Parsing Verilog input from `/home/miguelangel-garcia/miniconda3/envs/digital/bin/../share/yosys/mul2dsp.v' to AST representation.
Generating RTLIL representation for module `\_80_mul'.
Generating RTLIL representation for module `\_90_soft_mul'.
Successfully finished Verilog frontend.

32.22.2. Executing Verilog-2005 frontend: /home/miguelangel-garcia/miniconda3/envs/digital/bin/../share/yosys/ecp5/dsp_map.v
Parsing Verilog input from `/home/miguelangel-garcia/miniconda3/envs/digital/bin/../share/yosys/ecp5/dsp_map.v' to AST representation.
Generating RTLIL representation for module `\$__MUL18X18'.
Successfully finished Verilog frontend.

32.22.3. Continuing TECHMAP pass.
No more expansions possible.

32.23. Executing ALUMACC pass (create $alu and $macc cells).
Extracting $alu and $macc cells in module SOC:
  creating $macc model for $flatten\CPU.$add$cores/cpu/femtorv32_quark_V2.v:110$316 ($add).
  creating $macc model for $flatten\CPU.$add$cores/cpu/femtorv32_quark_V2.v:115$318 ($add).
  creating $macc model for $flatten\CPU.$add$cores/cpu/femtorv32_quark_V2.v:115$319 ($add).
  creating $macc model for $flatten\CPU.$add$cores/cpu/femtorv32_quark_V2.v:123$324 ($add).
  creating $macc model for $flatten\CPU.$add$cores/cpu/femtorv32_quark_V2.v:161$361 ($add).
  creating $macc model for $flatten\CPU.$add$cores/cpu/femtorv32_quark_V2.v:165$362 ($add).
  creating $macc model for $flatten\CPU.$add$cores/cpu/femtorv32_quark_V2.v:294$448 ($add).
  creating $macc model for $flatten\CPU.$sub$cores/cpu/femtorv32_quark_V2.v:206$399 ($sub).
  creating $macc model for $flatten\bcd2bin0.\bcd2bin0.\comp0.$add$cores/bin2bcd/add_sub_c2.v:8$501 ($add).
  creating $macc model for $flatten\bcd2bin0.\bcd2bin0.\comp1.$add$cores/bin2bcd/add_sub_c2.v:8$501 ($add).
  creating $macc model for $flatten\bcd2bin0.\bcd2bin0.\comp2.$add$cores/bin2bcd/add_sub_c2.v:8$501 ($add).
  creating $macc model for $flatten\bcd2bin0.\bcd2bin0.\comp3.$add$cores/bin2bcd/add_sub_c2.v:8$501 ($add).
  creating $macc model for $flatten\bcd2bin0.\bcd2bin0.\comp4.$add$cores/bin2bcd/add_sub_c2.v:8$501 ($add).
  creating $macc model for $flatten\bcd2bin0.\bcd2bin0.\control0.$add$cores/bin2bcd/ctrl_b2b.v:63$488 ($add).
  creating $macc model for $flatten\bcd2bin0.\bcd2bin0.\count0.$sub$cores/bin2bcd/count.v:16$493 ($sub).
  creating $macc model for $flatten\bin2bcd0.\bin2bcd0.\comp0.$add$cores/bin2bcd/add_sub_c2.v:8$501 ($add).
  creating $macc model for $flatten\bin2bcd0.\bin2bcd0.\comp1.$add$cores/bin2bcd/add_sub_c2.v:8$501 ($add).
  creating $macc model for $flatten\bin2bcd0.\bin2bcd0.\comp2.$add$cores/bin2bcd/add_sub_c2.v:8$501 ($add).
  creating $macc model for $flatten\bin2bcd0.\bin2bcd0.\comp3.$add$cores/bin2bcd/add_sub_c2.v:8$501 ($add).
  creating $macc model for $flatten\bin2bcd0.\bin2bcd0.\comp4.$add$cores/bin2bcd/add_sub_c2.v:8$501 ($add).
  creating $macc model for $flatten\bin2bcd0.\bin2bcd0.\control0.$add$cores/bin2bcd/ctrl_b2b.v:63$488 ($add).
  creating $macc model for $flatten\bin2bcd0.\bin2bcd0.\count0.$sub$cores/bin2bcd/count.v:16$493 ($sub).
  creating $macc model for $flatten\mult1.\mult1.\acc_M0.$add$cores/multiplicador_M/acc_M.v:16$481 ($add).
  creating $macc model for $flatten\mult1.\mult1.\mult_M0.$add$cores/multiplicador_M/control_mult_M.v:91$476 ($add).
  creating $macc model for $flatten\per_uart.\uart0.$add$cores/uart/uart.v:137$468 ($add).
  creating $macc model for $flatten\per_uart.\uart0.$add$cores/uart/uart.v:140$471 ($add).
  creating $macc model for $flatten\per_uart.\uart0.$add$cores/uart/uart.v:88$460 ($add).
  creating $macc model for $flatten\per_uart.\uart0.$add$cores/uart/uart.v:91$462 ($add).
  creating $macc model for $flatten\per_uart.\uart0.$sub$cores/uart/uart.v:39$454 ($sub).
  merging $macc model for $flatten\CPU.$add$cores/cpu/femtorv32_quark_V2.v:115$318 into $flatten\CPU.$add$cores/cpu/femtorv32_quark_V2.v:115$319.
  creating $alu model for $macc $flatten\per_uart.\uart0.$add$cores/uart/uart.v:91$462.
  creating $alu model for $macc $flatten\per_uart.\uart0.$add$cores/uart/uart.v:88$460.
  creating $alu model for $macc $flatten\per_uart.\uart0.$add$cores/uart/uart.v:140$471.
  creating $alu model for $macc $flatten\per_uart.\uart0.$add$cores/uart/uart.v:137$468.
  creating $alu model for $macc $flatten\mult1.\mult1.\mult_M0.$add$cores/multiplicador_M/control_mult_M.v:91$476.
  creating $alu model for $macc $flatten\mult1.\mult1.\acc_M0.$add$cores/multiplicador_M/acc_M.v:16$481.
  creating $alu model for $macc $flatten\bin2bcd0.\bin2bcd0.\count0.$sub$cores/bin2bcd/count.v:16$493.
  creating $alu model for $macc $flatten\bin2bcd0.\bin2bcd0.\control0.$add$cores/bin2bcd/ctrl_b2b.v:63$488.
  creating $alu model for $macc $flatten\bin2bcd0.\bin2bcd0.\comp4.$add$cores/bin2bcd/add_sub_c2.v:8$501.
  creating $alu model for $macc $flatten\bin2bcd0.\bin2bcd0.\comp3.$add$cores/bin2bcd/add_sub_c2.v:8$501.
  creating $alu model for $macc $flatten\bin2bcd0.\bin2bcd0.\comp2.$add$cores/bin2bcd/add_sub_c2.v:8$501.
  creating $alu model for $macc $flatten\bin2bcd0.\bin2bcd0.\comp1.$add$cores/bin2bcd/add_sub_c2.v:8$501.
  creating $alu model for $macc $flatten\bin2bcd0.\bin2bcd0.\comp0.$add$cores/bin2bcd/add_sub_c2.v:8$501.
  creating $alu model for $macc $flatten\bcd2bin0.\bcd2bin0.\count0.$sub$cores/bin2bcd/count.v:16$493.
  creating $alu model for $macc $flatten\bcd2bin0.\bcd2bin0.\control0.$add$cores/bin2bcd/ctrl_b2b.v:63$488.
  creating $alu model for $macc $flatten\bcd2bin0.\bcd2bin0.\comp4.$add$cores/bin2bcd/add_sub_c2.v:8$501.
  creating $alu model for $macc $flatten\bcd2bin0.\bcd2bin0.\comp3.$add$cores/bin2bcd/add_sub_c2.v:8$501.
  creating $alu model for $macc $flatten\bcd2bin0.\bcd2bin0.\comp2.$add$cores/bin2bcd/add_sub_c2.v:8$501.
  creating $alu model for $macc $flatten\bcd2bin0.\bcd2bin0.\comp1.$add$cores/bin2bcd/add_sub_c2.v:8$501.
  creating $alu model for $macc $flatten\bcd2bin0.\bcd2bin0.\comp0.$add$cores/bin2bcd/add_sub_c2.v:8$501.
  creating $alu model for $macc $flatten\CPU.$sub$cores/cpu/femtorv32_quark_V2.v:206$399.
  creating $alu model for $macc $flatten\CPU.$add$cores/cpu/femtorv32_quark_V2.v:294$448.
  creating $alu model for $macc $flatten\CPU.$add$cores/cpu/femtorv32_quark_V2.v:165$362.
  creating $alu model for $macc $flatten\CPU.$add$cores/cpu/femtorv32_quark_V2.v:161$361.
  creating $alu model for $macc $flatten\CPU.$add$cores/cpu/femtorv32_quark_V2.v:123$324.
  creating $alu model for $macc $flatten\CPU.$add$cores/cpu/femtorv32_quark_V2.v:115$319.
  creating $alu model for $macc $flatten\per_uart.\uart0.$sub$cores/uart/uart.v:39$454.
  creating $alu model for $macc $flatten\CPU.$add$cores/cpu/femtorv32_quark_V2.v:110$316.
  creating $alu model for $flatten\bcd2bin0.\bcd2bin0.\control0.$gt$cores/bin2bcd/ctrl_b2b.v:64$489 ($gt): new $alu
  creating $alu model for $flatten\bin2bcd0.\bin2bcd0.\control0.$gt$cores/bin2bcd/ctrl_b2b.v:64$489 ($gt): new $alu
  creating $alu model for $flatten\mult1.\mult1.\mult_M0.$gt$cores/multiplicador_M/control_mult_M.v:92$477 ($gt): new $alu
  creating $alu cell for $flatten\mult1.\mult1.\mult_M0.$gt$cores/multiplicador_M/control_mult_M.v:92$477: $auto$alumacc.cc:485:replace_alu$1875
  creating $alu cell for $flatten\bin2bcd0.\bin2bcd0.\control0.$gt$cores/bin2bcd/ctrl_b2b.v:64$489: $auto$alumacc.cc:485:replace_alu$1880
  creating $alu cell for $flatten\bcd2bin0.\bcd2bin0.\control0.$gt$cores/bin2bcd/ctrl_b2b.v:64$489: $auto$alumacc.cc:485:replace_alu$1885
  creating $alu cell for $flatten\CPU.$add$cores/cpu/femtorv32_quark_V2.v:110$316: $auto$alumacc.cc:485:replace_alu$1890
  creating $alu cell for $flatten\per_uart.\uart0.$sub$cores/uart/uart.v:39$454: $auto$alumacc.cc:485:replace_alu$1893
  creating $alu cell for $flatten\CPU.$add$cores/cpu/femtorv32_quark_V2.v:115$319: $auto$alumacc.cc:485:replace_alu$1896
  creating $alu cell for $flatten\CPU.$add$cores/cpu/femtorv32_quark_V2.v:123$324: $auto$alumacc.cc:485:replace_alu$1899
  creating $alu cell for $flatten\CPU.$add$cores/cpu/femtorv32_quark_V2.v:161$361: $auto$alumacc.cc:485:replace_alu$1902
  creating $alu cell for $flatten\CPU.$add$cores/cpu/femtorv32_quark_V2.v:165$362: $auto$alumacc.cc:485:replace_alu$1905
  creating $alu cell for $flatten\CPU.$add$cores/cpu/femtorv32_quark_V2.v:294$448: $auto$alumacc.cc:485:replace_alu$1908
  creating $alu cell for $flatten\CPU.$sub$cores/cpu/femtorv32_quark_V2.v:206$399: $auto$alumacc.cc:485:replace_alu$1911
  creating $alu cell for $flatten\bcd2bin0.\bcd2bin0.\comp0.$add$cores/bin2bcd/add_sub_c2.v:8$501: $auto$alumacc.cc:485:replace_alu$1914
  creating $alu cell for $flatten\bcd2bin0.\bcd2bin0.\comp1.$add$cores/bin2bcd/add_sub_c2.v:8$501: $auto$alumacc.cc:485:replace_alu$1917
  creating $alu cell for $flatten\bcd2bin0.\bcd2bin0.\comp2.$add$cores/bin2bcd/add_sub_c2.v:8$501: $auto$alumacc.cc:485:replace_alu$1920
  creating $alu cell for $flatten\bcd2bin0.\bcd2bin0.\comp3.$add$cores/bin2bcd/add_sub_c2.v:8$501: $auto$alumacc.cc:485:replace_alu$1923
  creating $alu cell for $flatten\bcd2bin0.\bcd2bin0.\comp4.$add$cores/bin2bcd/add_sub_c2.v:8$501: $auto$alumacc.cc:485:replace_alu$1926
  creating $alu cell for $flatten\bcd2bin0.\bcd2bin0.\control0.$add$cores/bin2bcd/ctrl_b2b.v:63$488: $auto$alumacc.cc:485:replace_alu$1929
  creating $alu cell for $flatten\bcd2bin0.\bcd2bin0.\count0.$sub$cores/bin2bcd/count.v:16$493: $auto$alumacc.cc:485:replace_alu$1932
  creating $alu cell for $flatten\bin2bcd0.\bin2bcd0.\comp0.$add$cores/bin2bcd/add_sub_c2.v:8$501: $auto$alumacc.cc:485:replace_alu$1935
  creating $alu cell for $flatten\bin2bcd0.\bin2bcd0.\comp1.$add$cores/bin2bcd/add_sub_c2.v:8$501: $auto$alumacc.cc:485:replace_alu$1938
  creating $alu cell for $flatten\bin2bcd0.\bin2bcd0.\comp2.$add$cores/bin2bcd/add_sub_c2.v:8$501: $auto$alumacc.cc:485:replace_alu$1941
  creating $alu cell for $flatten\bin2bcd0.\bin2bcd0.\comp3.$add$cores/bin2bcd/add_sub_c2.v:8$501: $auto$alumacc.cc:485:replace_alu$1944
  creating $alu cell for $flatten\bin2bcd0.\bin2bcd0.\comp4.$add$cores/bin2bcd/add_sub_c2.v:8$501: $auto$alumacc.cc:485:replace_alu$1947
  creating $alu cell for $flatten\bin2bcd0.\bin2bcd0.\control0.$add$cores/bin2bcd/ctrl_b2b.v:63$488: $auto$alumacc.cc:485:replace_alu$1950
  creating $alu cell for $flatten\bin2bcd0.\bin2bcd0.\count0.$sub$cores/bin2bcd/count.v:16$493: $auto$alumacc.cc:485:replace_alu$1953
  creating $alu cell for $flatten\mult1.\mult1.\acc_M0.$add$cores/multiplicador_M/acc_M.v:16$481: $auto$alumacc.cc:485:replace_alu$1956
  creating $alu cell for $flatten\mult1.\mult1.\mult_M0.$add$cores/multiplicador_M/control_mult_M.v:91$476: $auto$alumacc.cc:485:replace_alu$1959
  creating $alu cell for $flatten\per_uart.\uart0.$add$cores/uart/uart.v:137$468: $auto$alumacc.cc:485:replace_alu$1962
  creating $alu cell for $flatten\per_uart.\uart0.$add$cores/uart/uart.v:140$471: $auto$alumacc.cc:485:replace_alu$1965
  creating $alu cell for $flatten\per_uart.\uart0.$add$cores/uart/uart.v:88$460: $auto$alumacc.cc:485:replace_alu$1968
  creating $alu cell for $flatten\per_uart.\uart0.$add$cores/uart/uart.v:91$462: $auto$alumacc.cc:485:replace_alu$1971
  created 31 $alu and 0 $macc cells.

32.24. Executing OPT pass (performing simple optimizations).

32.24.1. Executing OPT_EXPR pass (perform const folding).
Optimizing module SOC.

32.24.2. Executing OPT_MERGE pass (detect identical cells).
Finding identical cells in module `\SOC'.
Removed a total of 0 cells.

32.24.3. Executing OPT_MUXTREE pass (detect dead branches in mux trees).
Running muxtree optimizer on module \SOC..
  Creating internal representation of mux trees.
  Evaluating internal representation of mux trees.
  Analyzing evaluation results.
Removed 0 multiplexer ports.

32.24.4. Executing OPT_REDUCE pass (consolidate $*mux and $reduce_* inputs).
  Optimizing cells in module \SOC.
Performed a total of 0 changes.

32.24.5. Executing OPT_MERGE pass (detect identical cells).
Finding identical cells in module `\SOC'.
Removed a total of 0 cells.

32.24.6. Executing OPT_DFF pass (perform DFF optimizations).
Setting constant 0-bit at position 10 on $flatten\per_uart.$procdff$1474 ($dff) from module SOC.
Setting constant 0-bit at position 11 on $flatten\per_uart.$procdff$1474 ($dff) from module SOC.
Setting constant 0-bit at position 12 on $flatten\per_uart.$procdff$1474 ($dff) from module SOC.
Setting constant 0-bit at position 13 on $flatten\per_uart.$procdff$1474 ($dff) from module SOC.
Setting constant 0-bit at position 14 on $flatten\per_uart.$procdff$1474 ($dff) from module SOC.
Setting constant 0-bit at position 15 on $flatten\per_uart.$procdff$1474 ($dff) from module SOC.
Setting constant 0-bit at position 16 on $flatten\per_uart.$procdff$1474 ($dff) from module SOC.
Setting constant 0-bit at position 17 on $flatten\per_uart.$procdff$1474 ($dff) from module SOC.
Setting constant 0-bit at position 18 on $flatten\per_uart.$procdff$1474 ($dff) from module SOC.
Setting constant 0-bit at position 19 on $flatten\per_uart.$procdff$1474 ($dff) from module SOC.
Setting constant 0-bit at position 20 on $flatten\per_uart.$procdff$1474 ($dff) from module SOC.
Setting constant 0-bit at position 21 on $flatten\per_uart.$procdff$1474 ($dff) from module SOC.
Setting constant 0-bit at position 22 on $flatten\per_uart.$procdff$1474 ($dff) from module SOC.
Setting constant 0-bit at position 23 on $flatten\per_uart.$procdff$1474 ($dff) from module SOC.
Setting constant 0-bit at position 24 on $flatten\per_uart.$procdff$1474 ($dff) from module SOC.
Setting constant 0-bit at position 25 on $flatten\per_uart.$procdff$1474 ($dff) from module SOC.
Setting constant 0-bit at position 26 on $flatten\per_uart.$procdff$1474 ($dff) from module SOC.
Setting constant 0-bit at position 27 on $flatten\per_uart.$procdff$1474 ($dff) from module SOC.
Setting constant 0-bit at position 28 on $flatten\per_uart.$procdff$1474 ($dff) from module SOC.
Setting constant 0-bit at position 29 on $flatten\per_uart.$procdff$1474 ($dff) from module SOC.
Setting constant 0-bit at position 30 on $flatten\per_uart.$procdff$1474 ($dff) from module SOC.
Setting constant 0-bit at position 31 on $flatten\per_uart.$procdff$1474 ($dff) from module SOC.

32.24.7. Executing OPT_CLEAN pass (remove unused cells and wires).
Finding unused cells or wires in module \SOC..
Removed 2 unused cells and 5 unused wires.

32.24.8. Executing OPT_EXPR pass (perform const folding).
Optimizing module SOC.

32.24.9. Rerunning OPT passes. (Maybe there is more to do..)

32.24.10. Executing OPT_MUXTREE pass (detect dead branches in mux trees).
Running muxtree optimizer on module \SOC..
  Creating internal representation of mux trees.
  Evaluating internal representation of mux trees.
  Analyzing evaluation results.
Removed 0 multiplexer ports.

32.24.11. Executing OPT_REDUCE pass (consolidate $*mux and $reduce_* inputs).
  Optimizing cells in module \SOC.
Performed a total of 0 changes.

32.24.12. Executing OPT_MERGE pass (detect identical cells).
Finding identical cells in module `\SOC'.
Removed a total of 0 cells.

32.24.13. Executing OPT_DFF pass (perform DFF optimizations).

32.24.14. Executing OPT_CLEAN pass (remove unused cells and wires).
Finding unused cells or wires in module \SOC..

32.24.15. Executing OPT_EXPR pass (perform const folding).
Optimizing module SOC.

32.24.16. Finished OPT passes. (There is nothing left to do.)

32.25. Executing MEMORY pass.

32.25.1. Executing OPT_MEM pass (optimize memories).
Performed a total of 96 transformations.

32.25.2. Executing OPT_MEM_PRIORITY pass (removing unnecessary memory write priority relations).
Performed a total of 6 transformations.

32.25.3. Executing OPT_MEM_FEEDBACK pass (finding memory read-to-write feedback paths).
  Analyzing SOC.CPU.registerFile write port 0.
  Analyzing SOC.CPU.registerFile write port 1.
  Analyzing SOC.RAM.MEM write port 0.
  Analyzing SOC.RAM.MEM write port 1.
  Analyzing SOC.RAM.MEM write port 2.
  Analyzing SOC.RAM.MEM write port 3.

32.25.4. Executing MEMORY_BMUX2ROM pass (converting muxes to ROMs).

32.25.5. Executing MEMORY_DFF pass (merging $dff cells to $memrd).
Checking read port `\CPU.registerFile'[0] in module `\SOC': merging output FF to cell.
    Write port 0: don't care on collision.
    Write port 1: non-transparent.
Checking read port `\CPU.registerFile'[1] in module `\SOC': merging output FF to cell.
    Write port 0: don't care on collision.
    Write port 1: non-transparent.
Checking read port `\RAM.MEM'[0] in module `\SOC': merging output FF to cell.
    Write port 0: non-transparent.
    Write port 1: non-transparent.
    Write port 2: non-transparent.
    Write port 3: non-transparent.

32.25.6. Executing OPT_CLEAN pass (remove unused cells and wires).
Finding unused cells or wires in module \SOC..
Removed 3 unused cells and 99 unused wires.

32.25.7. Executing MEMORY_SHARE pass (consolidating $memrd/$memwr cells).
Consolidating read ports of memory SOC.CPU.registerFile by address:
Consolidating write ports of memory SOC.CPU.registerFile by address:
Consolidating write ports of memory SOC.RAM.MEM by address:
  Merging ports 0, 1 (address \RAM.mem_addr [12:2]).
  Merging ports 0, 2 (address \RAM.mem_addr [12:2]).
  Merging ports 0, 3 (address \RAM.mem_addr [12:2]).
Consolidating write ports of memory SOC.CPU.registerFile using sat-based resource sharing:
  Checking group clocked with posedge \clk, width 32: ports 0, 1.
  Common input cone for all EN signals: 11 cells.
  Size of unconstrained SAT problem: 87 variables, 205 clauses
  Merging port 1 into port 0.

32.25.8. Executing OPT_MEM_WIDEN pass (optimize memories where all ports are wide).
Performed a total of 0 transformations.

32.25.9. Executing OPT_CLEAN pass (remove unused cells and wires).
Finding unused cells or wires in module \SOC..
Removed 4 unused cells and 4 unused wires.

32.25.10. Executing MEMORY_COLLECT pass (generating $mem cells).

32.26. Executing OPT_CLEAN pass (remove unused cells and wires).
Finding unused cells or wires in module \SOC..

32.27. Executing MEMORY_LIBMAP pass (mapping memories to cells).
mapping memory SOC.CPU.registerFile via $__TRELLIS_DPR16X4_
Extracted data FF from read port 0 of SOC.CPU.registerFile: $\CPU.registerFile$rdreg[0]
Extracted data FF from read port 1 of SOC.CPU.registerFile: $\CPU.registerFile$rdreg[1]
mapping memory SOC.RAM.MEM via $__ECP5_DP16KD_

32.28. Executing TECHMAP pass (map to technology primitives).

32.28.1. Executing Verilog-2005 frontend: /home/miguelangel-garcia/miniconda3/envs/digital/bin/../share/yosys/ecp5/lutrams_map.v
Parsing Verilog input from `/home/miguelangel-garcia/miniconda3/envs/digital/bin/../share/yosys/ecp5/lutrams_map.v' to AST representation.
Generating RTLIL representation for module `\$__TRELLIS_DPR16X4_'.
Successfully finished Verilog frontend.

32.28.2. Executing Verilog-2005 frontend: /home/miguelangel-garcia/miniconda3/envs/digital/bin/../share/yosys/ecp5/brams_map.v
Parsing Verilog input from `/home/miguelangel-garcia/miniconda3/envs/digital/bin/../share/yosys/ecp5/brams_map.v' to AST representation.
Generating RTLIL representation for module `\$__ECP5_DP16KD_'.
Generating RTLIL representation for module `\$__ECP5_PDPW16KD_'.
Successfully finished Verilog frontend.

32.28.3. Continuing TECHMAP pass.
Using template $paramod$514fc941ac1ae997c717a8e6a1180ed8e0cf8fa9\$__TRELLIS_DPR16X4_ for cells of type $__TRELLIS_DPR16X4_.
Using template $paramod$04778961cc1285a5efea28f98f28381eb2862208\$__TRELLIS_DPR16X4_ for cells of type $__TRELLIS_DPR16X4_.
Using template $paramod$0f42539d3b7bc3bb62b949a2b8db75341a9edb96\$__ECP5_DP16KD_ for cells of type $__ECP5_DP16KD_.
Using template $paramod$f7196caa6ad36382431416078f88cd65db37a92f\$__ECP5_DP16KD_ for cells of type $__ECP5_DP16KD_.
Using template $paramod$50df39b60a63e06203d4a3aed1abf04c00a7d341\$__ECP5_DP16KD_ for cells of type $__ECP5_DP16KD_.
Using template $paramod$3f5600b4acd8fcbdf9a953065fc16390a414bb4e\$__ECP5_DP16KD_ for cells of type $__ECP5_DP16KD_.
No more expansions possible.

32.29. Executing OPT pass (performing simple optimizations).

32.29.1. Executing OPT_EXPR pass (perform const folding).
Optimizing module SOC.

32.29.2. Executing OPT_MERGE pass (detect identical cells).
Finding identical cells in module `\SOC'.
Removed a total of 2 cells.

32.29.3. Executing OPT_DFF pass (perform DFF optimizations).
Adding EN signal on $auto$ff.cc:266:slice$1838 ($sdffe) from module SOC (D = $flatten\CPU.$ternary$cores/cpu/femtorv32_quark_V2.v:271$439_Y [1:0], Q = \CPU.PC [1:0]).
Adding SRST signal on $auto$ff.cc:266:slice$1691 ($dffe) from module SOC (D = $auto$wreduce.cc:461:run$1861 [4:0], Q = \mult1.mult1.mult_M0.count, rval = 5'00000).

32.29.4. Executing OPT_CLEAN pass (remove unused cells and wires).
Finding unused cells or wires in module \SOC..
Removed 3 unused cells and 374 unused wires.

32.29.5. Rerunning OPT passes. (Removed registers in this run.)

32.29.6. Executing OPT_EXPR pass (perform const folding).
Optimizing module SOC.

32.29.7. Executing OPT_MERGE pass (detect identical cells).
Finding identical cells in module `\SOC'.
Removed a total of 0 cells.

32.29.8. Executing OPT_DFF pass (perform DFF optimizations).
Adding SRST signal on $auto$ff.cc:266:slice$1730 ($dffe) from module SOC (D = \bin2bcd0.A [0], Q = \bin2bcd0.bin2bcd0.lsr40.data [0], rval = 1'0).
Adding SRST signal on $auto$ff.cc:266:slice$1676 ($dffe) from module SOC (D = \mult1.A [0], Q = \mult1.mult1.shL_M1.s_A [0], rval = 1'0).
Adding SRST signal on $auto$ff.cc:266:slice$1671 ($dffe) from module SOC (D = \mult1.B [15], Q = \mult1.mult1.shR_M0.s_B [15], rval = 1'0).

32.29.9. Executing OPT_CLEAN pass (remove unused cells and wires).
Finding unused cells or wires in module \SOC..
Removed 2 unused cells and 2 unused wires.

32.29.10. Rerunning OPT passes. (Removed registers in this run.)

32.29.11. Executing OPT_EXPR pass (perform const folding).
Optimizing module SOC.

32.29.12. Executing OPT_MERGE pass (detect identical cells).
Finding identical cells in module `\SOC'.
Removed a total of 0 cells.

32.29.13. Executing OPT_DFF pass (perform DFF optimizations).

32.29.14. Executing OPT_CLEAN pass (remove unused cells and wires).
Finding unused cells or wires in module \SOC..

32.29.15. Finished fast OPT passes.

32.30. Executing MEMORY_MAP pass (converting memories to logic and flip-flops).

32.31. Executing OPT pass (performing simple optimizations).

32.31.1. Executing OPT_EXPR pass (perform const folding).
Optimizing module SOC.

32.31.2. Executing OPT_MERGE pass (detect identical cells).
Finding identical cells in module `\SOC'.
Removed a total of 0 cells.

32.31.3. Executing OPT_MUXTREE pass (detect dead branches in mux trees).
Running muxtree optimizer on module \SOC..
  Creating internal representation of mux trees.
  Evaluating internal representation of mux trees.
      Replacing known input bits on port B of cell $auto$memory_share.cc:453:consolidate_wr_using_sat$2085: $auto$rtlil.cc:2416:ReduceOr$2079 -> 1'1
  Analyzing evaluation results.
Removed 0 multiplexer ports.

32.31.4. Executing OPT_REDUCE pass (consolidate $*mux and $reduce_* inputs).
  Optimizing cells in module \SOC.
    Consolidated identical input bits for $mux cell $flatten\CPU.$procmux$1086:
      Old ports: A=4'0001, B=4'100x, Y=$flatten\CPU.$procmux$1086_Y
      New ports: A=2'01, B=2'1x, Y={ $flatten\CPU.$procmux$1086_Y [3] $flatten\CPU.$procmux$1086_Y [0] }
      New connections: $flatten\CPU.$procmux$1086_Y [2:1] = 2'00
    Consolidated identical input bits for $mux cell $flatten\CPU.$ternary$cores/cpu/femtorv32_quark_V2.v:162$359:
      Old ports: A={ \CPU.instr [29] \CPU.instr [29] \CPU.instr [29] \CPU.instr [29] \CPU.instr [29] \CPU.instr [29] \CPU.instr [29] \CPU.instr [29] \CPU.instr [29] \CPU.instr [29] \CPU.instr [29] \CPU.instr [29] \CPU.instr [5] \CPU.instr [28:23] \CPU.instr [9:6] 1'0 }, B={ \CPU.instr [21:10] 12'000000000000 }, Y=$flatten\CPU.$ternary$cores/cpu/femtorv32_quark_V2.v:162$359_Y
      New ports: A={ \CPU.instr [29] \CPU.instr [29] \CPU.instr [29] \CPU.instr [29] \CPU.instr [29] \CPU.instr [29] \CPU.instr [29] \CPU.instr [29] \CPU.instr [29] \CPU.instr [29] \CPU.instr [29] \CPU.instr [29] \CPU.instr [5] \CPU.instr [28:23] \CPU.instr [9:6] }, B={ \CPU.instr [21:10] 11'00000000000 }, Y=$flatten\CPU.$ternary$cores/cpu/femtorv32_quark_V2.v:162$359_Y [23:1]
      New connections: $flatten\CPU.$ternary$cores/cpu/femtorv32_quark_V2.v:162$359_Y [0] = 1'0
    Consolidated identical input bits for $mux cell $flatten\CPU.$ternary$cores/cpu/femtorv32_quark_V2.v:173$368:
      Old ports: A=0, B={ \CPU.instr [29:10] 12'000000000000 }, Y=$flatten\CPU.$ternary$cores/cpu/femtorv32_quark_V2.v:173$368_Y
      New ports: A=20'00000000000000000000, B=\CPU.instr [29:10], Y=$flatten\CPU.$ternary$cores/cpu/femtorv32_quark_V2.v:173$368_Y [31:12]
      New connections: $flatten\CPU.$ternary$cores/cpu/femtorv32_quark_V2.v:173$368_Y [11:0] = 12'000000000000
    Consolidated identical input bits for $mux cell $flatten\CPU.$ternary$cores/cpu/femtorv32_quark_V2.v:223$417:
      Old ports: A=4'0100, B=4'1000, Y=$flatten\CPU.$ternary$cores/cpu/femtorv32_quark_V2.v:223$417_Y
      New ports: A=2'01, B=2'10, Y=$flatten\CPU.$ternary$cores/cpu/femtorv32_quark_V2.v:223$417_Y [3:2]
      New connections: $flatten\CPU.$ternary$cores/cpu/femtorv32_quark_V2.v:223$417_Y [1:0] = 2'00
    Consolidated identical input bits for $mux cell $flatten\CPU.$ternary$cores/cpu/femtorv32_quark_V2.v:227$420:
      Old ports: A=4'0011, B=4'1100, Y=$flatten\CPU.$ternary$cores/cpu/femtorv32_quark_V2.v:227$420_Y
      New ports: A=2'01, B=2'10, Y={ $flatten\CPU.$ternary$cores/cpu/femtorv32_quark_V2.v:227$420_Y [2] $flatten\CPU.$ternary$cores/cpu/femtorv32_quark_V2.v:227$420_Y [0] }
      New connections: { $flatten\CPU.$ternary$cores/cpu/femtorv32_quark_V2.v:227$420_Y [3] $flatten\CPU.$ternary$cores/cpu/femtorv32_quark_V2.v:227$420_Y [1] } = { $flatten\CPU.$ternary$cores/cpu/femtorv32_quark_V2.v:227$420_Y [2] $flatten\CPU.$ternary$cores/cpu/femtorv32_quark_V2.v:227$420_Y [0] }
    Consolidated identical input bits for $mux cell $flatten\CPU.$ternary$cores/cpu/femtorv32_quark_V2.v:274$440:
      Old ports: A=4'0001, B=4'1000, Y=$auto$wreduce.cc:461:run$1846 [3:0]
      New ports: A=2'01, B=2'10, Y={ $auto$wreduce.cc:461:run$1846 [3] $auto$wreduce.cc:461:run$1846 [0] }
      New connections: $auto$wreduce.cc:461:run$1846 [2:1] = 2'00
    Consolidated identical input bits for $mux cell $flatten\bcd2bin0.$procmux$1286:
      Old ports: A={ 16'0000000000000000 \bcd2bin0.bcd2bin0.rsr40.data [15:0] }, B={ 31'0000000000000000000000000000000 \bcd2bin0.bcd2bin0.control0.state [4] }, Y=$flatten\bcd2bin0.$3\d_out[31:0]
      New ports: A=\bcd2bin0.bcd2bin0.rsr40.data [15:0], B={ 15'000000000000000 \bcd2bin0.bcd2bin0.control0.state [4] }, Y=$flatten\bcd2bin0.$3\d_out[31:0] [15:0]
      New connections: $flatten\bcd2bin0.$3\d_out[31:0] [31:16] = 16'0000000000000000
    Consolidated identical input bits for $pmux cell $flatten\bcd2bin0.$procmux$1323:
      Old ports: A=5'00000, B=20'00001001000100010000, Y=$flatten\bcd2bin0.$2\s[4:0]
      New ports: A=4'0000, B=16'0001001001001000, Y={ $flatten\bcd2bin0.$2\s[4:0] [4:2] $flatten\bcd2bin0.$2\s[4:0] [0] }
      New connections: $flatten\bcd2bin0.$2\s[4:0] [1] = 1'0
    Consolidated identical input bits for $mux cell $flatten\bcd2bin0.\bcd2bin0.\mux0.$procmux$631:
      Old ports: A=3'101, B=3'011, Y=\bcd2bin0.bcd2bin0.comp0.in_B [2:0]
      New ports: A=2'10, B=2'01, Y=\bcd2bin0.bcd2bin0.comp0.in_B [2:1]
      New connections: \bcd2bin0.bcd2bin0.comp0.in_B [0] = 1'1
    Consolidated identical input bits for $mux cell $flatten\bin2bcd0.$procmux$1237:
      Old ports: A={ 12'000000000000 \bin2bcd0.bin2bcd0.lsr40.data [35:16] }, B={ 31'0000000000000000000000000000000 \bin2bcd0.bin2bcd0.control0.state [4] }, Y=$flatten\bin2bcd0.$3\d_out[31:0]
      New ports: A=\bin2bcd0.bin2bcd0.lsr40.data [35:16], B={ 19'0000000000000000000 \bin2bcd0.bin2bcd0.control0.state [4] }, Y=$flatten\bin2bcd0.$3\d_out[31:0] [19:0]
      New connections: $flatten\bin2bcd0.$3\d_out[31:0] [31:20] = 12'000000000000
    Consolidated identical input bits for $mux cell $flatten\bin2bcd0.\bin2bcd0.\mux0.$procmux$631:
      Old ports: A=4'0011, B=4'1011, Y=\bin2bcd0.bin2bcd0.comp0.in_B
      New ports: A=1'0, B=1'1, Y=\bin2bcd0.bin2bcd0.comp0.in_B [3]
      New connections: \bin2bcd0.bin2bcd0.comp0.in_B [2:0] = 3'011
    Consolidated identical input bits for $mux cell $flatten\mult1.\mult1.\mult_M0.$procmux$759:
      Old ports: A=3'011, B=3'100, Y=$flatten\mult1.\mult1.\mult_M0.$5\state[2:0]
      New ports: A=2'01, B=2'10, Y={ $flatten\mult1.\mult1.\mult_M0.$5\state[2:0] [2] $flatten\mult1.\mult1.\mult_M0.$5\state[2:0] [0] }
      New connections: $flatten\mult1.\mult1.\mult_M0.$5\state[2:0] [1] = $flatten\mult1.\mult1.\mult_M0.$5\state[2:0] [0]
    Consolidated identical input bits for $mux cell $flatten\mult1.\mult1.\mult_M0.$procmux$772:
      Old ports: A=3'010, B=3'101, Y=$flatten\mult1.\mult1.\mult_M0.$4\state[2:0]
      New ports: A=2'10, B=2'01, Y=$flatten\mult1.\mult1.\mult_M0.$4\state[2:0] [1:0]
      New connections: $flatten\mult1.\mult1.\mult_M0.$4\state[2:0] [2] = $flatten\mult1.\mult1.\mult_M0.$4\state[2:0] [0]
    Consolidated identical input bits for $mux cell $flatten\mult1.\mult1.\mult_M0.$ternary$cores/multiplicador_M/control_mult_M.v:92$478:
      Old ports: A=3'000, B=3'101, Y=$flatten\mult1.\mult1.\mult_M0.$ternary$cores/multiplicador_M/control_mult_M.v:92$478_Y
      New ports: A=1'0, B=1'1, Y=$flatten\mult1.\mult1.\mult_M0.$ternary$cores/multiplicador_M/control_mult_M.v:92$478_Y [0]
      New connections: $flatten\mult1.\mult1.\mult_M0.$ternary$cores/multiplicador_M/control_mult_M.v:92$478_Y [2:1] = { $flatten\mult1.\mult1.\mult_M0.$ternary$cores/multiplicador_M/control_mult_M.v:92$478_Y [0] 1'0 }
    Consolidated identical input bits for $mux cell $flatten\per_uart.$ternary$cores/uart/perip_uart.v:32$256:
      Old ports: A=2'00, B=2'10, Y=$flatten\per_uart.$ternary$cores/uart/perip_uart.v:32$256_Y
      New ports: A=1'0, B=1'1, Y=$flatten\per_uart.$ternary$cores/uart/perip_uart.v:32$256_Y [1]
      New connections: $flatten\per_uart.$ternary$cores/uart/perip_uart.v:32$256_Y [0] = 1'0
  Optimizing cells in module \SOC.
    Consolidated identical input bits for $mux cell $flatten\CPU.$ternary$cores/cpu/femtorv32_quark_V2.v:161$360:
      Old ports: A=$flatten\CPU.$ternary$cores/cpu/femtorv32_quark_V2.v:162$359_Y, B={ \CPU.instr [29] \CPU.instr [29] \CPU.instr [29] \CPU.instr [29] \CPU.instr [17:10] \CPU.instr [18] \CPU.instr [28:19] 1'0 }, Y=$flatten\CPU.$ternary$cores/cpu/femtorv32_quark_V2.v:161$360_Y
      New ports: A=$flatten\CPU.$ternary$cores/cpu/femtorv32_quark_V2.v:162$359_Y [23:1], B={ \CPU.instr [29] \CPU.instr [29] \CPU.instr [29] \CPU.instr [29] \CPU.instr [17:10] \CPU.instr [18] \CPU.instr [28:19] }, Y=$flatten\CPU.$ternary$cores/cpu/femtorv32_quark_V2.v:161$360_Y [23:1]
      New connections: $flatten\CPU.$ternary$cores/cpu/femtorv32_quark_V2.v:161$360_Y [0] = 1'0
    Consolidated identical input bits for $mux cell $flatten\CPU.$ternary$cores/cpu/femtorv32_quark_V2.v:226$421:
      Old ports: A=4'1111, B=$flatten\CPU.$ternary$cores/cpu/femtorv32_quark_V2.v:227$420_Y, Y=$flatten\CPU.$ternary$cores/cpu/femtorv32_quark_V2.v:226$421_Y
      New ports: A=2'11, B={ $flatten\CPU.$ternary$cores/cpu/femtorv32_quark_V2.v:227$420_Y [2] $flatten\CPU.$ternary$cores/cpu/femtorv32_quark_V2.v:227$420_Y [0] }, Y={ $flatten\CPU.$ternary$cores/cpu/femtorv32_quark_V2.v:226$421_Y [2] $flatten\CPU.$ternary$cores/cpu/femtorv32_quark_V2.v:226$421_Y [0] }
      New connections: { $flatten\CPU.$ternary$cores/cpu/femtorv32_quark_V2.v:226$421_Y [3] $flatten\CPU.$ternary$cores/cpu/femtorv32_quark_V2.v:226$421_Y [1] } = { $flatten\CPU.$ternary$cores/cpu/femtorv32_quark_V2.v:226$421_Y [2] $flatten\CPU.$ternary$cores/cpu/femtorv32_quark_V2.v:226$421_Y [0] }
    Consolidated identical input bits for $mux cell $flatten\bcd2bin0.$procmux$1331:
      Old ports: A=5'00000, B=$flatten\bcd2bin0.$2\s[4:0], Y=\bcd2bin0.s
      New ports: A=4'0000, B={ $flatten\bcd2bin0.$2\s[4:0] [4:2] $flatten\bcd2bin0.$2\s[4:0] [0] }, Y={ \bcd2bin0.s [4:2] \bcd2bin0.s [0] }
      New connections: \bcd2bin0.s [1] = 1'0
    Consolidated identical input bits for $mux cell $flatten\bin2bcd0.$procmux$1282:
      Old ports: A=5'00000, B=$flatten\bcd2bin0.$2\s[4:0], Y=\bin2bcd0.s
      New ports: A=4'0000, B={ $flatten\bcd2bin0.$2\s[4:0] [4:2] $flatten\bcd2bin0.$2\s[4:0] [0] }, Y={ \bin2bcd0.s [4:2] \bin2bcd0.s [0] }
      New connections: \bin2bcd0.s [1] = 1'0
  Optimizing cells in module \SOC.
Performed a total of 21 changes.

32.31.5. Executing OPT_MERGE pass (detect identical cells).
Finding identical cells in module `\SOC'.
Removed a total of 1 cells.

32.31.6. Executing OPT_DFF pass (perform DFF optimizations).

32.31.7. Executing OPT_CLEAN pass (remove unused cells and wires).
Finding unused cells or wires in module \SOC..
Removed 0 unused cells and 1 unused wires.

32.31.8. Executing OPT_EXPR pass (perform const folding).
Optimizing module SOC.

32.31.9. Rerunning OPT passes. (Maybe there is more to do..)

32.31.10. Executing OPT_MUXTREE pass (detect dead branches in mux trees).
Running muxtree optimizer on module \SOC..
  Creating internal representation of mux trees.
  Evaluating internal representation of mux trees.
  Analyzing evaluation results.
Removed 0 multiplexer ports.

32.31.11. Executing OPT_REDUCE pass (consolidate $*mux and $reduce_* inputs).
  Optimizing cells in module \SOC.
Performed a total of 0 changes.

32.31.12. Executing OPT_MERGE pass (detect identical cells).
Finding identical cells in module `\SOC'.
Removed a total of 0 cells.

32.31.13. Executing OPT_DFF pass (perform DFF optimizations).
Adding EN signal on $auto$ff.cc:266:slice$2590 ($sdffe) from module SOC (D = $flatten\CPU.$ternary$cores/cpu/femtorv32_quark_V2.v:271$439_Y [0], Q = \CPU.PC [0]).
Setting constant 0-bit at position 20 on $auto$ff.cc:266:slice$1763 ($sdffe) from module SOC.
Setting constant 0-bit at position 21 on $auto$ff.cc:266:slice$1763 ($sdffe) from module SOC.
Setting constant 0-bit at position 22 on $auto$ff.cc:266:slice$1763 ($sdffe) from module SOC.
Setting constant 0-bit at position 23 on $auto$ff.cc:266:slice$1763 ($sdffe) from module SOC.
Setting constant 0-bit at position 24 on $auto$ff.cc:266:slice$1763 ($sdffe) from module SOC.
Setting constant 0-bit at position 25 on $auto$ff.cc:266:slice$1763 ($sdffe) from module SOC.
Setting constant 0-bit at position 26 on $auto$ff.cc:266:slice$1763 ($sdffe) from module SOC.
Setting constant 0-bit at position 27 on $auto$ff.cc:266:slice$1763 ($sdffe) from module SOC.
Setting constant 0-bit at position 28 on $auto$ff.cc:266:slice$1763 ($sdffe) from module SOC.
Setting constant 0-bit at position 29 on $auto$ff.cc:266:slice$1763 ($sdffe) from module SOC.
Setting constant 0-bit at position 30 on $auto$ff.cc:266:slice$1763 ($sdffe) from module SOC.
Setting constant 0-bit at position 31 on $auto$ff.cc:266:slice$1763 ($sdffe) from module SOC.
Setting constant 0-bit at position 16 on $auto$ff.cc:266:slice$1803 ($sdffe) from module SOC.
Setting constant 0-bit at position 17 on $auto$ff.cc:266:slice$1803 ($sdffe) from module SOC.
Setting constant 0-bit at position 18 on $auto$ff.cc:266:slice$1803 ($sdffe) from module SOC.
Setting constant 0-bit at position 19 on $auto$ff.cc:266:slice$1803 ($sdffe) from module SOC.
Setting constant 0-bit at position 20 on $auto$ff.cc:266:slice$1803 ($sdffe) from module SOC.
Setting constant 0-bit at position 21 on $auto$ff.cc:266:slice$1803 ($sdffe) from module SOC.
Setting constant 0-bit at position 22 on $auto$ff.cc:266:slice$1803 ($sdffe) from module SOC.
Setting constant 0-bit at position 23 on $auto$ff.cc:266:slice$1803 ($sdffe) from module SOC.
Setting constant 0-bit at position 24 on $auto$ff.cc:266:slice$1803 ($sdffe) from module SOC.
Setting constant 0-bit at position 25 on $auto$ff.cc:266:slice$1803 ($sdffe) from module SOC.
Setting constant 0-bit at position 26 on $auto$ff.cc:266:slice$1803 ($sdffe) from module SOC.
Setting constant 0-bit at position 27 on $auto$ff.cc:266:slice$1803 ($sdffe) from module SOC.
Setting constant 0-bit at position 28 on $auto$ff.cc:266:slice$1803 ($sdffe) from module SOC.
Setting constant 0-bit at position 29 on $auto$ff.cc:266:slice$1803 ($sdffe) from module SOC.
Setting constant 0-bit at position 30 on $auto$ff.cc:266:slice$1803 ($sdffe) from module SOC.
Setting constant 0-bit at position 31 on $auto$ff.cc:266:slice$1803 ($sdffe) from module SOC.

32.31.14. Executing OPT_CLEAN pass (remove unused cells and wires).
Finding unused cells or wires in module \SOC..
Removed 0 unused cells and 1 unused wires.

32.31.15. Executing OPT_EXPR pass (perform const folding).
Optimizing module SOC.

32.31.16. Rerunning OPT passes. (Maybe there is more to do..)

32.31.17. Executing OPT_MUXTREE pass (detect dead branches in mux trees).
Running muxtree optimizer on module \SOC..
  Creating internal representation of mux trees.
  Evaluating internal representation of mux trees.
  Analyzing evaluation results.
Removed 0 multiplexer ports.

32.31.18. Executing OPT_REDUCE pass (consolidate $*mux and $reduce_* inputs).
  Optimizing cells in module \SOC.
    New input vector for $reduce_and cell $auto$opt_dff.cc:220:make_patterns_logic$2610: { $auto$opt_dff.cc:194:make_patterns_logic$2591 \CPU.state [2] $auto$opt_dff.cc:194:make_patterns_logic$2607 }
    Consolidated identical input bits for $mux cell $flatten\CPU.$ternary$cores/cpu/femtorv32_quark_V2.v:272$438:
      Old ports: A={ \CPU.PCplus4 [23:2] 2'x }, B={ \CPU.PCplusImm [23:1] 1'x }, Y=$flatten\CPU.$ternary$cores/cpu/femtorv32_quark_V2.v:272$438_Y
      New ports: A={ \CPU.PCplus4 [23:2] 1'x }, B=\CPU.PCplusImm [23:1], Y=$flatten\CPU.$ternary$cores/cpu/femtorv32_quark_V2.v:272$438_Y [23:1]
      New connections: $flatten\CPU.$ternary$cores/cpu/femtorv32_quark_V2.v:272$438_Y [0] = 1'x
  Optimizing cells in module \SOC.
Performed a total of 2 changes.

32.31.19. Executing OPT_MERGE pass (detect identical cells).
Finding identical cells in module `\SOC'.
Removed a total of 0 cells.

32.31.20. Executing OPT_DFF pass (perform DFF optimizations).

32.31.21. Executing OPT_CLEAN pass (remove unused cells and wires).
Finding unused cells or wires in module \SOC..

32.31.22. Executing OPT_EXPR pass (perform const folding).
Optimizing module SOC.

32.31.23. Rerunning OPT passes. (Maybe there is more to do..)

32.31.24. Executing OPT_MUXTREE pass (detect dead branches in mux trees).
Running muxtree optimizer on module \SOC..
  Creating internal representation of mux trees.
  Evaluating internal representation of mux trees.
  Analyzing evaluation results.
Removed 0 multiplexer ports.

32.31.25. Executing OPT_REDUCE pass (consolidate $*mux and $reduce_* inputs).
  Optimizing cells in module \SOC.
Performed a total of 0 changes.

32.31.26. Executing OPT_MERGE pass (detect identical cells).
Finding identical cells in module `\SOC'.
Removed a total of 0 cells.

32.31.27. Executing OPT_DFF pass (perform DFF optimizations).

32.31.28. Executing OPT_CLEAN pass (remove unused cells and wires).
Finding unused cells or wires in module \SOC..

32.31.29. Executing OPT_EXPR pass (perform const folding).
Optimizing module SOC.

32.31.30. Finished OPT passes. (There is nothing left to do.)

32.32. Executing TECHMAP pass (map to technology primitives).

32.32.1. Executing Verilog-2005 frontend: /home/miguelangel-garcia/miniconda3/envs/digital/bin/../share/yosys/techmap.v
Parsing Verilog input from `/home/miguelangel-garcia/miniconda3/envs/digital/bin/../share/yosys/techmap.v' to AST representation.
Generating RTLIL representation for module `\_90_simplemap_bool_ops'.
Generating RTLIL representation for module `\_90_simplemap_reduce_ops'.
Generating RTLIL representation for module `\_90_simplemap_logic_ops'.
Generating RTLIL representation for module `\_90_simplemap_compare_ops'.
Generating RTLIL representation for module `\_90_simplemap_various'.
Generating RTLIL representation for module `\_90_simplemap_registers'.
Generating RTLIL representation for module `\_90_shift_ops_shr_shl_sshl_sshr'.
Generating RTLIL representation for module `\_90_shift_shiftx'.
Generating RTLIL representation for module `\_90_fa'.
Generating RTLIL representation for module `\_90_lcu'.
Generating RTLIL representation for module `\_90_alu'.
Generating RTLIL representation for module `\_90_macc'.
Generating RTLIL representation for module `\_90_alumacc'.
Generating RTLIL representation for module `\$__div_mod_u'.
Generating RTLIL representation for module `\$__div_mod_trunc'.
Generating RTLIL representation for module `\_90_div'.
Generating RTLIL representation for module `\_90_mod'.
Generating RTLIL representation for module `\$__div_mod_floor'.
Generating RTLIL representation for module `\_90_divfloor'.
Generating RTLIL representation for module `\_90_modfloor'.
Generating RTLIL representation for module `\_90_pow'.
Generating RTLIL representation for module `\_90_pmux'.
Generating RTLIL representation for module `\_90_demux'.
Generating RTLIL representation for module `\_90_lut'.
Successfully finished Verilog frontend.

32.32.2. Executing Verilog-2005 frontend: /home/miguelangel-garcia/miniconda3/envs/digital/bin/../share/yosys/ecp5/arith_map.v
Parsing Verilog input from `/home/miguelangel-garcia/miniconda3/envs/digital/bin/../share/yosys/ecp5/arith_map.v' to AST representation.
Generating RTLIL representation for module `\_80_ecp5_alu'.
Successfully finished Verilog frontend.

32.32.3. Continuing TECHMAP pass.
Using extmapper simplemap for cells of type $reduce_or.
Using extmapper simplemap for cells of type $and.
Using extmapper simplemap for cells of type $eq.
Using template $paramod$b098bc6f249c0ac91c4d6e19d54b23c285914115\_90_pmux for cells of type $pmux.
Using extmapper simplemap for cells of type $ne.
Using template $paramod$d7387fdb214042e5ef2d69a3f74948694b4bb65e\_90_pmux for cells of type $pmux.
Using extmapper simplemap for cells of type $not.
Using template $paramod$672a140277c71df8314410f22acc08d55222c3c7\_80_ecp5_alu for cells of type $alu.
Using template $paramod$740b056ede97228d3eae64ea2fdc81f0a33e0fe7\_90_alu for cells of type $alu.
Using extmapper simplemap for cells of type $or.
Using extmapper simplemap for cells of type $sdffe.
Using extmapper simplemap for cells of type $sdff.
Using extmapper simplemap for cells of type $sdffce.
Using extmapper simplemap for cells of type $mux.
Using extmapper simplemap for cells of type $reduce_and.
Using extmapper simplemap for cells of type $dffe.
Using template $paramod$c2e415ef15bc3ccd2723772353a6b450d3d76206\_90_pmux for cells of type $pmux.
Using template $paramod$dc04b7d98e503a7bab16fce2df70e6e2c5ca34d6\_80_ecp5_alu for cells of type $alu.
Using extmapper simplemap for cells of type $logic_not.
Using extmapper simplemap for cells of type $reduce_bool.
Using template $paramod$6a42b6fefed750f8a1c58eab59479d960557103c\_80_ecp5_alu for cells of type $alu.
Using template $paramod$080e6a70eb8bfa1ccf22d9718e795074645029a4\_80_ecp5_alu for cells of type $alu.
Using extmapper simplemap for cells of type $xor.
Using template $paramod$448756c9a9dfaa49080ce4b90c6cc182883e181f\_80_ecp5_alu for cells of type $alu.
Using template $paramod$e82d3fc1811c5751348a3964470632b35a435fc7\_80_ecp5_alu for cells of type $alu.
Using template $paramod$a1665ef28c749ebcdbe9aecd466e644647b56463\_80_ecp5_alu for cells of type $alu.
Using template $paramod$constmap:1b6115d36d46c0296d0024e3e3623593810ba834$paramod$3b3a66a7766bf28794ddcd35314b025da1fe57c8\_90_shift_ops_shr_shl_sshl_sshr for cells of type $shl.
Using template $paramod$824a2ca00d29d886599434cf8ea60471635f2955\_90_demux for cells of type $demux.
Using template $paramod$789c344356a154d2afc7b832b41d1067dbc946ba\_80_ecp5_alu for cells of type $alu.
Using template $paramod$32a7b7b86c07519b7537abc18e96f0331f97914d\_90_alu for cells of type $alu.
Using extmapper simplemap for cells of type $dff.
Using extmapper simplemap for cells of type $logic_and.
Using template $paramod$521ce43182eecb9f60c72393a788160d2c356bf5\_90_pmux for cells of type $pmux.
Using template $paramod$5fa769bd6f6ca230a24c9bbc0e120f15bcfea838\_90_pmux for cells of type $pmux.
Using template $paramod$32efbfac1c4dc57230cf86180788fdfd12e3b511\_80_ecp5_alu for cells of type $alu.
Using template $paramod$fbc7873bff55778c0b3173955b7e4bce1d9d6834\_80_ecp5_alu for cells of type $alu.
Using template $paramod$e04283ca12514baf3d204c6994bec8f178dd89f8\_80_ecp5_alu for cells of type $alu.
Using template $paramod$20d3ee62d72123142eb855d7ddafd835e31ba009\_90_pmux for cells of type $pmux.
Using template $paramod$57f63e8a3282e053be0430389b09fa050ac7dca0\_90_pmux for cells of type $pmux.
Using template $paramod$77db613179eb70c5e4e5c5aca72d602a7c6017b6\_90_pmux for cells of type $pmux.
Using extmapper simplemap for cells of type $pos.
Using extmapper simplemap for cells of type $logic_or.
Using template $paramod\_90_lcu\WIDTH=32'00000000000000000000000000000100 for cells of type $lcu.
No more expansions possible.

32.33. Executing OPT pass (performing simple optimizations).

32.33.1. Executing OPT_EXPR pass (perform const folding).
Optimizing module SOC.

32.33.2. Executing OPT_MERGE pass (detect identical cells).
Finding identical cells in module `\SOC'.
Removed a total of 257 cells.

32.33.3. Executing OPT_DFF pass (perform DFF optimizations).
Adding EN signal on $auto$ff.cc:266:slice$5599 ($_DFF_P_) from module SOC (D = \CPU.rs2 [2], Q = \per_uart.uart_ctrl [2]).

32.33.4. Executing OPT_CLEAN pass (remove unused cells and wires).
Finding unused cells or wires in module \SOC..
Removed 677 unused cells and 2028 unused wires.

32.33.5. Rerunning OPT passes. (Removed registers in this run.)

32.33.6. Executing OPT_EXPR pass (perform const folding).
Optimizing module SOC.

32.33.7. Executing OPT_MERGE pass (detect identical cells).
Finding identical cells in module `\SOC'.
Removed a total of 0 cells.

32.33.8. Executing OPT_DFF pass (perform DFF optimizations).
Adding SRST signal on $auto$ff.cc:266:slice$6678 ($_SDFF_PN0_) from module SOC (D = $flatten\mult1.\mult1.\mult_M0.$procmux$794.Y_B [2], Q = \mult1.mult1.mult_M0.state [2], rval = 1'0).
Adding SRST signal on $auto$ff.cc:266:slice$6677 ($_SDFF_PN0_) from module SOC (D = $flatten\mult1.\mult1.\mult_M0.$procmux$794.Y_B [1], Q = \mult1.mult1.mult_M0.state [1], rval = 1'0).
Adding SRST signal on $auto$ff.cc:266:slice$6676 ($_SDFF_PN0_) from module SOC (D = $flatten\mult1.\mult1.\mult_M0.$procmux$794.Y_B [0], Q = \mult1.mult1.mult_M0.state [0], rval = 1'0).
Adding SRST signal on $auto$ff.cc:266:slice$5197 ($_DFF_P_) from module SOC (D = $flatten\per_uart.$procmux$1228.B_AND_S [9], Q = \per_uart.d_out [9], rval = 1'0).
Adding SRST signal on $auto$ff.cc:266:slice$5196 ($_DFF_P_) from module SOC (D = $flatten\per_uart.$procmux$1228.B_AND_S [8], Q = \per_uart.d_out [8], rval = 1'0).
Adding SRST signal on $auto$ff.cc:266:slice$5195 ($_DFF_P_) from module SOC (D = $flatten\per_uart.$procmux$1228.Y_B [7], Q = \per_uart.d_out [7], rval = 1'0).
Adding SRST signal on $auto$ff.cc:266:slice$5194 ($_DFF_P_) from module SOC (D = $flatten\per_uart.$procmux$1228.B_AND_S [16], Q = \per_uart.d_out [6], rval = 1'0).
Adding SRST signal on $auto$ff.cc:266:slice$5193 ($_DFF_P_) from module SOC (D = $flatten\per_uart.$procmux$1228.B_AND_S [15], Q = \per_uart.d_out [5], rval = 1'0).
Adding SRST signal on $auto$ff.cc:266:slice$5192 ($_DFF_P_) from module SOC (D = $flatten\per_uart.$procmux$1228.B_AND_S [14], Q = \per_uart.d_out [4], rval = 1'0).
Adding SRST signal on $auto$ff.cc:266:slice$5191 ($_DFF_P_) from module SOC (D = $flatten\per_uart.$procmux$1228.B_AND_S [13], Q = \per_uart.d_out [3], rval = 1'0).
Adding SRST signal on $auto$ff.cc:266:slice$5190 ($_DFF_P_) from module SOC (D = $flatten\per_uart.$procmux$1228.B_AND_S [12], Q = \per_uart.d_out [2], rval = 1'0).
Adding SRST signal on $auto$ff.cc:266:slice$5189 ($_DFF_P_) from module SOC (D = $flatten\per_uart.$procmux$1228.B_AND_S [11], Q = \per_uart.d_out [1], rval = 1'0).
Adding SRST signal on $auto$ff.cc:266:slice$5188 ($_DFF_P_) from module SOC (D = $flatten\per_uart.$procmux$1228.B_AND_S [10], Q = \per_uart.d_out [0], rval = 1'0).
Adding SRST signal on $auto$ff.cc:266:slice$3198 ($_SDFF_PN0_) from module SOC (D = \CPU.state [1], Q = \CPU.state [2], rval = 1'0).

32.33.9. Executing OPT_CLEAN pass (remove unused cells and wires).
Finding unused cells or wires in module \SOC..
Removed 14 unused cells and 6 unused wires.

32.33.10. Rerunning OPT passes. (Removed registers in this run.)

32.33.11. Executing OPT_EXPR pass (perform const folding).
Optimizing module SOC.

32.33.12. Executing OPT_MERGE pass (detect identical cells).
Finding identical cells in module `\SOC'.
Removed a total of 2 cells.

32.33.13. Executing OPT_DFF pass (perform DFF optimizations).

32.33.14. Executing OPT_CLEAN pass (remove unused cells and wires).
Finding unused cells or wires in module \SOC..
Removed 0 unused cells and 2 unused wires.

32.33.15. Finished fast OPT passes.

32.34. Executing OPT_CLEAN pass (remove unused cells and wires).
Finding unused cells or wires in module \SOC..

32.35. Executing DFFLEGALIZE pass (convert FFs to types supported by the target).

32.36. Executing TECHMAP pass (map to technology primitives).

32.36.1. Executing Verilog-2005 frontend: /home/miguelangel-garcia/miniconda3/envs/digital/bin/../share/yosys/ecp5/cells_map.v
Parsing Verilog input from `/home/miguelangel-garcia/miniconda3/envs/digital/bin/../share/yosys/ecp5/cells_map.v' to AST representation.
Generating RTLIL representation for module `\$_DFF_N_'.
Generating RTLIL representation for module `\$_DFF_P_'.
Generating RTLIL representation for module `\$_DFFE_NN_'.
Generating RTLIL representation for module `\$_DFFE_PN_'.
Generating RTLIL representation for module `\$_DFFE_NP_'.
Generating RTLIL representation for module `\$_DFFE_PP_'.
Generating RTLIL representation for module `\$_DFF_NP0_'.
Generating RTLIL representation for module `\$_DFF_NP1_'.
Generating RTLIL representation for module `\$_DFF_PP0_'.
Generating RTLIL representation for module `\$_DFF_PP1_'.
Generating RTLIL representation for module `\$_SDFF_NP0_'.
Generating RTLIL representation for module `\$_SDFF_NP1_'.
Generating RTLIL representation for module `\$_SDFF_PP0_'.
Generating RTLIL representation for module `\$_SDFF_PP1_'.
Generating RTLIL representation for module `\$_DFFE_NP0P_'.
Generating RTLIL representation for module `\$_DFFE_NP1P_'.
Generating RTLIL representation for module `\$_DFFE_PP0P_'.
Generating RTLIL representation for module `\$_DFFE_PP1P_'.
Generating RTLIL representation for module `\$_DFFE_NP0N_'.
Generating RTLIL representation for module `\$_DFFE_NP1N_'.
Generating RTLIL representation for module `\$_DFFE_PP0N_'.
Generating RTLIL representation for module `\$_DFFE_PP1N_'.
Generating RTLIL representation for module `\$_SDFFE_NP0P_'.
Generating RTLIL representation for module `\$_SDFFE_NP1P_'.
Generating RTLIL representation for module `\$_SDFFE_PP0P_'.
Generating RTLIL representation for module `\$_SDFFE_PP1P_'.
Generating RTLIL representation for module `\$_SDFFE_NP0N_'.
Generating RTLIL representation for module `\$_SDFFE_NP1N_'.
Generating RTLIL representation for module `\$_SDFFE_PP0N_'.
Generating RTLIL representation for module `\$_SDFFE_PP1N_'.
Generating RTLIL representation for module `\$_ALDFF_NP_'.
Generating RTLIL representation for module `\$_ALDFF_PP_'.
Generating RTLIL representation for module `\$_ALDFFE_NPN_'.
Generating RTLIL representation for module `\$_ALDFFE_NPP_'.
Generating RTLIL representation for module `\$_ALDFFE_PPN_'.
Generating RTLIL representation for module `\$_ALDFFE_PPP_'.
Generating RTLIL representation for module `\FD1P3AX'.
Generating RTLIL representation for module `\FD1P3AY'.
Generating RTLIL representation for module `\FD1P3BX'.
Generating RTLIL representation for module `\FD1P3DX'.
Generating RTLIL representation for module `\FD1P3IX'.
Generating RTLIL representation for module `\FD1P3JX'.
Generating RTLIL representation for module `\FD1S3AX'.
Generating RTLIL representation for module `\FD1S3AY'.
Generating RTLIL representation for module `\FD1S3BX'.
Generating RTLIL representation for module `\FD1S3DX'.
Generating RTLIL representation for module `\FD1S3IX'.
Generating RTLIL representation for module `\FD1S3JX'.
Generating RTLIL representation for module `\IFS1P3BX'.
Generating RTLIL representation for module `\IFS1P3DX'.
Generating RTLIL representation for module `\IFS1P3IX'.
Generating RTLIL representation for module `\IFS1P3JX'.
Generating RTLIL representation for module `\OFS1P3BX'.
Generating RTLIL representation for module `\OFS1P3DX'.
Generating RTLIL representation for module `\OFS1P3IX'.
Generating RTLIL representation for module `\OFS1P3JX'.
Generating RTLIL representation for module `\IB'.
Generating RTLIL representation for module `\IBPU'.
Generating RTLIL representation for module `\IBPD'.
Generating RTLIL representation for module `\OB'.
Generating RTLIL representation for module `\OBZ'.
Generating RTLIL representation for module `\OBZPU'.
Generating RTLIL representation for module `\OBZPD'.
Generating RTLIL representation for module `\OBCO'.
Generating RTLIL representation for module `\BB'.
Generating RTLIL representation for module `\BBPU'.
Generating RTLIL representation for module `\BBPD'.
Generating RTLIL representation for module `\ILVDS'.
Generating RTLIL representation for module `\OLVDS'.
Successfully finished Verilog frontend.

32.36.2. Continuing TECHMAP pass.
Using template \$_SDFF_PP0_ for cells of type $_SDFF_PP0_.
Using template \$_SDFFE_PP0P_ for cells of type $_SDFFE_PP0P_.
Using template $paramod\$_DFFE_NP_\_TECHMAP_WIREINIT_Q_=1'x for cells of type $_DFFE_NP_.
Using template $paramod\$_DFF_P_\_TECHMAP_WIREINIT_Q_=1'x for cells of type $_DFF_P_.
Using template $paramod\$_DFFE_PP_\_TECHMAP_WIREINIT_Q_=1'x for cells of type $_DFFE_PP_.
Using template $paramod\$_DFFE_PP_\_TECHMAP_WIREINIT_Q_=1'0 for cells of type $_DFFE_PP_.
Using template \$_SDFFE_NP0P_ for cells of type $_SDFFE_NP0P_.
Using template \$_SDFF_PP1_ for cells of type $_SDFF_PP1_.
Using template \$_SDFFE_PP1P_ for cells of type $_SDFFE_PP1P_.
Using template \$_SDFFE_PP0N_ for cells of type $_SDFFE_PP0N_.
Using template $paramod\$_DFF_N_\_TECHMAP_WIREINIT_Q_=1'x for cells of type $_DFF_N_.
Using template $paramod\$_DFF_N_\_TECHMAP_WIREINIT_Q_=1'1 for cells of type $_DFF_N_.
Using template $paramod\$_DFF_N_\_TECHMAP_WIREINIT_Q_=1'0 for cells of type $_DFF_N_.
No more expansions possible.

32.37. Executing OPT_EXPR pass (perform const folding).
Optimizing module SOC.

32.38. Executing SIMPLEMAP pass (map simple cells to gate primitives).

32.39. Executing LATTICE_GSR pass (implement FF init values).
Handling GSR in SOC.

32.40. Executing ATTRMVCP pass (move or copy attributes).

32.41. Executing OPT_CLEAN pass (remove unused cells and wires).
Finding unused cells or wires in module \SOC..
Removed 0 unused cells and 3594 unused wires.

32.42. Executing TECHMAP pass (map to technology primitives).

32.42.1. Executing Verilog-2005 frontend: /home/miguelangel-garcia/miniconda3/envs/digital/bin/../share/yosys/ecp5/latches_map.v
Parsing Verilog input from `/home/miguelangel-garcia/miniconda3/envs/digital/bin/../share/yosys/ecp5/latches_map.v' to AST representation.
Generating RTLIL representation for module `\$_DLATCH_N_'.
Generating RTLIL representation for module `\$_DLATCH_P_'.
Successfully finished Verilog frontend.

32.42.2. Continuing TECHMAP pass.
No more expansions possible.

32.43. Executing ABC pass (technology mapping using ABC).

32.43.1. Extracting gate netlist of module `\SOC' to `<abc-temp-dir>/input.blif'..
Extracted 2849 gates and 3775 wires to a netlist network with 924 inputs and 1010 outputs.

32.43.1.1. Executing ABC.
Running ABC command: "<yosys-exe-dir>/yosys-abc" -s -f <abc-temp-dir>/abc.script 2>&1
ABC: ABC command line: "source <abc-temp-dir>/abc.script".
ABC: 
ABC: + read_blif <abc-temp-dir>/input.blif 
ABC: + read_lut <abc-temp-dir>/lutdefs.txt 
ABC: + strash 
ABC: + &get -n 
ABC: + &fraig -x 
ABC: + &put 
ABC: + scorr 
ABC: Warning: The network is combinational (run "fraig" or "fraig_sweep").
ABC: + dc2 
ABC: + dretime 
ABC: + strash 
ABC: + dch -f 
ABC: + if 
ABC: + mfs2 
ABC: + dress <abc-temp-dir>/input.blif 
ABC: Total number of equiv classes                =     868.
ABC: Participating nodes from both networks       =    2624.
ABC: Participating nodes from the first network   =    1259. (  88.41 % of nodes)
ABC: Participating nodes from the second network  =    1365. (  95.86 % of nodes)
ABC: Node pairs (any polarity)                    =    1259. (  88.41 % of names can be moved)
ABC: Node pairs (same polarity)                   =    1138. (  79.92 % of names can be moved)
ABC: Total runtime =     0.10 sec
ABC: + write_blif <abc-temp-dir>/output.blif 

32.43.1.2. Re-integrating ABC results.
ABC RESULTS:              $lut cells:     1423
ABC RESULTS:        internal signals:     1841
ABC RESULTS:           input signals:      924
ABC RESULTS:          output signals:     1010
Removing temp directory.
Removed 0 unused cells and 2100 unused wires.

32.44. Executing TECHMAP pass (map to technology primitives).

32.44.1. Executing Verilog-2005 frontend: /home/miguelangel-garcia/miniconda3/envs/digital/bin/../share/yosys/ecp5/cells_map.v
Parsing Verilog input from `/home/miguelangel-garcia/miniconda3/envs/digital/bin/../share/yosys/ecp5/cells_map.v' to AST representation.
Generating RTLIL representation for module `\$_DFF_N_'.
Generating RTLIL representation for module `\$_DFF_P_'.
Generating RTLIL representation for module `\$_DFFE_NN_'.
Generating RTLIL representation for module `\$_DFFE_PN_'.
Generating RTLIL representation for module `\$_DFFE_NP_'.
Generating RTLIL representation for module `\$_DFFE_PP_'.
Generating RTLIL representation for module `\$_DFF_NP0_'.
Generating RTLIL representation for module `\$_DFF_NP1_'.
Generating RTLIL representation for module `\$_DFF_PP0_'.
Generating RTLIL representation for module `\$_DFF_PP1_'.
Generating RTLIL representation for module `\$_SDFF_NP0_'.
Generating RTLIL representation for module `\$_SDFF_NP1_'.
Generating RTLIL representation for module `\$_SDFF_PP0_'.
Generating RTLIL representation for module `\$_SDFF_PP1_'.
Generating RTLIL representation for module `\$_DFFE_NP0P_'.
Generating RTLIL representation for module `\$_DFFE_NP1P_'.
Generating RTLIL representation for module `\$_DFFE_PP0P_'.
Generating RTLIL representation for module `\$_DFFE_PP1P_'.
Generating RTLIL representation for module `\$_DFFE_NP0N_'.
Generating RTLIL representation for module `\$_DFFE_NP1N_'.
Generating RTLIL representation for module `\$_DFFE_PP0N_'.
Generating RTLIL representation for module `\$_DFFE_PP1N_'.
Generating RTLIL representation for module `\$_SDFFE_NP0P_'.
Generating RTLIL representation for module `\$_SDFFE_NP1P_'.
Generating RTLIL representation for module `\$_SDFFE_PP0P_'.
Generating RTLIL representation for module `\$_SDFFE_PP1P_'.
Generating RTLIL representation for module `\$_SDFFE_NP0N_'.
Generating RTLIL representation for module `\$_SDFFE_NP1N_'.
Generating RTLIL representation for module `\$_SDFFE_PP0N_'.
Generating RTLIL representation for module `\$_SDFFE_PP1N_'.
Generating RTLIL representation for module `\$_ALDFF_NP_'.
Generating RTLIL representation for module `\$_ALDFF_PP_'.
Generating RTLIL representation for module `\$_ALDFFE_NPN_'.
Generating RTLIL representation for module `\$_ALDFFE_NPP_'.
Generating RTLIL representation for module `\$_ALDFFE_PPN_'.
Generating RTLIL representation for module `\$_ALDFFE_PPP_'.
Generating RTLIL representation for module `\FD1P3AX'.
Generating RTLIL representation for module `\FD1P3AY'.
Generating RTLIL representation for module `\FD1P3BX'.
Generating RTLIL representation for module `\FD1P3DX'.
Generating RTLIL representation for module `\FD1P3IX'.
Generating RTLIL representation for module `\FD1P3JX'.
Generating RTLIL representation for module `\FD1S3AX'.
Generating RTLIL representation for module `\FD1S3AY'.
Generating RTLIL representation for module `\FD1S3BX'.
Generating RTLIL representation for module `\FD1S3DX'.
Generating RTLIL representation for module `\FD1S3IX'.
Generating RTLIL representation for module `\FD1S3JX'.
Generating RTLIL representation for module `\IFS1P3BX'.
Generating RTLIL representation for module `\IFS1P3DX'.
Generating RTLIL representation for module `\IFS1P3IX'.
Generating RTLIL representation for module `\IFS1P3JX'.
Generating RTLIL representation for module `\OFS1P3BX'.
Generating RTLIL representation for module `\OFS1P3DX'.
Generating RTLIL representation for module `\OFS1P3IX'.
Generating RTLIL representation for module `\OFS1P3JX'.
Generating RTLIL representation for module `\IB'.
Generating RTLIL representation for module `\IBPU'.
Generating RTLIL representation for module `\IBPD'.
Generating RTLIL representation for module `\OB'.
Generating RTLIL representation for module `\OBZ'.
Generating RTLIL representation for module `\OBZPU'.
Generating RTLIL representation for module `\OBZPD'.
Generating RTLIL representation for module `\OBCO'.
Generating RTLIL representation for module `\BB'.
Generating RTLIL representation for module `\BBPU'.
Generating RTLIL representation for module `\BBPD'.
Generating RTLIL representation for module `\ILVDS'.
Generating RTLIL representation for module `\OLVDS'.
Generating RTLIL representation for module `\$lut'.
Successfully finished Verilog frontend.

32.44.2. Continuing TECHMAP pass.
Using template $paramod\$lut\WIDTH=32'00000000000000000000000000000010\LUT=4'0001 for cells of type $lut.
Using template $paramod\$lut\WIDTH=32'00000000000000000000000000000011\LUT=8'10101100 for cells of type $lut.
Using template $paramod$6e238df02989b317f10820a22773676e71120644\$lut for cells of type $lut.
Using template $paramod$272652f6c6fbe9a75eff76e45cc7e2788835518b\$lut for cells of type $lut.
Using template $paramod$4426ba12ccc3d0cb9276205fadeed96da596c448\$lut for cells of type $lut.
Using template $paramod$f9c112f5fe2c17715d8c265f1ad593784a1e8114\$lut for cells of type $lut.
Using template $paramod\$lut\WIDTH=32'00000000000000000000000000000010\LUT=4'0100 for cells of type $lut.
Using template $paramod$83742432610aaf62d589083aaaa3768096793be8\$lut for cells of type $lut.
Using template $paramod$8c081497b4b1dcbc2fee3c48519e30b91f0aa6a5\$lut for cells of type $lut.
Using template $paramod$200337237619ba4c0bed9a492562f1d1b57fb569\$lut for cells of type $lut.
Using template $paramod$56c6fc98268f6966dd23dcb4af9b8f5298fa7ead\$lut for cells of type $lut.
Using template $paramod$12ef31446fd6f1fa9ed73d48ce76ac19cf9ea31d\$lut for cells of type $lut.
Using template $paramod$6d6beead1425af15cf78b27fd9b11b41b5d4bce8\$lut for cells of type $lut.
Using template $paramod\$lut\WIDTH=32'00000000000000000000000000000011\LUT=8'01000000 for cells of type $lut.
Using template $paramod\$lut\WIDTH=32'00000000000000000000000000000011\LUT=8'00000111 for cells of type $lut.
Using template $paramod\$lut\WIDTH=32'00000000000000000000000000000001\LUT=2'01 for cells of type $lut.
Using template $paramod\$lut\WIDTH=32'00000000000000000000000000000011\LUT=8'10000000 for cells of type $lut.
Using template $paramod$bb59fc9d73f3ced261e3a74efef030fd29d37b76\$lut for cells of type $lut.
Using template $paramod\$lut\WIDTH=32'00000000000000000000000000000010\LUT=4'1110 for cells of type $lut.
Using template $paramod$658b9ed803f0d3d335616d3858b53e0a2522f1e8\$lut for cells of type $lut.
Using template $paramod$b637cf4714c2e93484bb499728e176a6ab69c910\$lut for cells of type $lut.
Using template $paramod$84ac55be891f582bcf1f19b229e18ec63880989a\$lut for cells of type $lut.
Using template $paramod$a3cdc1eb771a2c6a16f64da161e11100ac409d2b\$lut for cells of type $lut.
Using template $paramod$6d23198eb2b8f79a41c7626605a61009695893b1\$lut for cells of type $lut.
Using template $paramod$53116dd00de48a756800052c09bf2f4d346349cf\$lut for cells of type $lut.
Using template $paramod$7bb6a37e65823eeb4b38c370fec30ab082759a14\$lut for cells of type $lut.
Using template $paramod$ae9b8abdb4f811ce37985dd5106af9cd21223954\$lut for cells of type $lut.
Using template $paramod$46b1b94814844f8ee8215118e9c4db5e025aa95e\$lut for cells of type $lut.
Using template $paramod$2f31a62f5ae11d7e940bdc323e6c771c378139c0\$lut for cells of type $lut.
Using template $paramod\$lut\WIDTH=32'00000000000000000000000000000011\LUT=8'10110000 for cells of type $lut.
Using template $paramod$b431bfd938e35871dd0b7668e1503c7e8b9d491c\$lut for cells of type $lut.
Using template $paramod$608f40069c27841a5b3bdf03643a34bdc8974072\$lut for cells of type $lut.
Using template $paramod$82465a09fa1fb625cf05c680e7f5642ba36c85a0\$lut for cells of type $lut.
Using template $paramod\$lut\WIDTH=32'00000000000000000000000000000010\LUT=4'0111 for cells of type $lut.
Using template $paramod$c35ad3063d5038410210ddc72c1fd5fed46413b4\$lut for cells of type $lut.
Using template $paramod\$lut\WIDTH=32'00000000000000000000000000000010\LUT=4'1000 for cells of type $lut.
Using template $paramod\$lut\WIDTH=32'00000000000000000000000000000011\LUT=8'00010111 for cells of type $lut.
Using template $paramod$571404c0889eaf57f492cb5e37f8acb5df5852f9\$lut for cells of type $lut.
Using template $paramod$251994398653c4cf8de320f1e306e535d5d2d624\$lut for cells of type $lut.
Using template $paramod$7179edb14a6086310c7ad292f6ef883cbad9c1de\$lut for cells of type $lut.
Using template $paramod$7d146c471930affc60c2ae9b9a9540c885a70e4c\$lut for cells of type $lut.
Using template $paramod$126c776b0f5e5eef0fff11eb6abcf95b4d1189d2\$lut for cells of type $lut.
Using template $paramod$af763bca85949884aefa417266a961f9c91132de\$lut for cells of type $lut.
Using template $paramod\$lut\WIDTH=32'00000000000000000000000000000011\LUT=8'10001111 for cells of type $lut.
Using template $paramod$b4f15f202f50520dbc381cd0880ac94f830f05a8\$lut for cells of type $lut.
Using template $paramod\$lut\WIDTH=32'00000000000000000000000000000011\LUT=8'10111111 for cells of type $lut.
Using template $paramod$fccccf8bb2add7667329c686feec7546eb9a3ae3\$lut for cells of type $lut.
Using template $paramod$a89930f6c30c6fc1e666ec00e8f526e8fe6dc301\$lut for cells of type $lut.
Using template $paramod$59630c7267b74f415359d2a280d3fd8a87aafada\$lut for cells of type $lut.
Using template $paramod\$lut\WIDTH=32'00000000000000000000000000000011\LUT=8'01110000 for cells of type $lut.
Using template $paramod$a15fd389a2f54cb7b94707b25934d226e68d9e2e\$lut for cells of type $lut.
Using template $paramod$d4c8e628ae8f00f98a8416d2ac96f674d757eea6\$lut for cells of type $lut.
Using template $paramod$1bf62ab10e48d71d6497bccacf5c70420c470fe9\$lut for cells of type $lut.
Using template $paramod$bd3b0c017c4e1e0fc1bb96628ef563ac7e728f68\$lut for cells of type $lut.
Using template $paramod$0558052ca4274539615e63872546968ea1f31b6b\$lut for cells of type $lut.
Using template $paramod\$lut\WIDTH=32'00000000000000000000000000000011\LUT=8'11001010 for cells of type $lut.
Using template $paramod\$lut\WIDTH=32'00000000000000000000000000000011\LUT=8'10100011 for cells of type $lut.
Using template $paramod\$lut\WIDTH=32'00000000000000000000000000000011\LUT=8'11100001 for cells of type $lut.
Using template $paramod$8c6bca38d5385b1a85bf3dca15e96b632bbb0f4b\$lut for cells of type $lut.
Using template $paramod\$lut\WIDTH=32'00000000000000000000000000000011\LUT=8'11000101 for cells of type $lut.
Using template $paramod$fc6c74ee9a386e83a87c1dc5c3bfcbca861cef2a\$lut for cells of type $lut.
Using template $paramod\$lut\WIDTH=32'00000000000000000000000000000011\LUT=8'00000001 for cells of type $lut.
Using template $paramod$c1a19a87ccbbb03d43a72335db63f692ddf82cc1\$lut for cells of type $lut.
Using template $paramod$35d201d5d13b0689930fb454a340191997b0e867\$lut for cells of type $lut.
Using template $paramod$0623e17b239149821fdbe2294e3bbba8e938900a\$lut for cells of type $lut.
Using template $paramod$e89ac58f360f774aaa6ec82384df6d4f7265bb69\$lut for cells of type $lut.
Using template $paramod$e5759512db67494ff77fbdfc66dff4006376568f\$lut for cells of type $lut.
Using template $paramod$5e5b65277496168e99efacbe904f73087ccc5acd\$lut for cells of type $lut.
Using template $paramod$7e575e6912131a171366ad063a210a1b02a67637\$lut for cells of type $lut.
Using template $paramod$c9feeab30a55c28e348e95d2143036216aa309a7\$lut for cells of type $lut.
Using template $paramod$aa5d0405d3f1daad4f8bbcbdf3dbb43e29b6578f\$lut for cells of type $lut.
Using template $paramod$f198207b021a06b4075c339cb4c3c5b0ba349fd9\$lut for cells of type $lut.
Using template $paramod$c5b694ec89d7629b942ccf6a9be1d39e24f8edec\$lut for cells of type $lut.
Using template $paramod$e9c77024ca501b890c641f9c0b10e27242db8730\$lut for cells of type $lut.
Using template $paramod$058ec1d977af397e3e5c99e444ad492c1791644f\$lut for cells of type $lut.
Using template $paramod$4da2782c2e024b3eded45331a6607870b9d0254f\$lut for cells of type $lut.
Using template $paramod$d53578aacfd93124244778d88be0e90eb09c1b1b\$lut for cells of type $lut.
Using template $paramod$a09c3b1f59bfdfcef88ea2365fdcf67a91ca7977\$lut for cells of type $lut.
Using template $paramod\$lut\WIDTH=32'00000000000000000000000000000011\LUT=8'11101111 for cells of type $lut.
Using template $paramod$da2ec4d1c2f5b1a66d8b04da8a678eeacdd36667\$lut for cells of type $lut.
Using template $paramod$099bd0f2c6226b684ce7b4b3e29448d74bfa1b6c\$lut for cells of type $lut.
Using template $paramod$14a61523861469cf50a0a46a7b33dc58fd939411\$lut for cells of type $lut.
Using template $paramod$377b5e21b65224f44465108d03da42174ddd2ce2\$lut for cells of type $lut.
Using template $paramod$b934346d6655628611675df0bccd45d15ca62e00\$lut for cells of type $lut.
Using template $paramod\$lut\WIDTH=32'00000000000000000000000000000011\LUT=8'00110101 for cells of type $lut.
Using template $paramod\$lut\WIDTH=32'00000000000000000000000000000011\LUT=8'11110100 for cells of type $lut.
Using template $paramod\$lut\WIDTH=32'00000000000000000000000000000011\LUT=8'00001110 for cells of type $lut.
Using template $paramod$5c32c59025c0b98f20e63f249d83e7ebb4b085e3\$lut for cells of type $lut.
Using template $paramod$c657a46572d888efa7720ca005ab64840377740a\$lut for cells of type $lut.
Using template $paramod\$lut\WIDTH=32'00000000000000000000000000000011\LUT=8'11010000 for cells of type $lut.
Using template $paramod\$lut\WIDTH=32'00000000000000000000000000000010\LUT=4'1011 for cells of type $lut.
Using template $paramod\$lut\WIDTH=32'00000000000000000000000000000011\LUT=8'00010000 for cells of type $lut.
Using template $paramod\$lut\WIDTH=32'00000000000000000000000000000011\LUT=8'11111000 for cells of type $lut.
Using template $paramod$eba7de026ff587370e320127e266317dae097a89\$lut for cells of type $lut.
Using template $paramod$9bdc414229f06e785dc8fd97a243faa9336e164a\$lut for cells of type $lut.
Using template $paramod\$lut\WIDTH=32'00000000000000000000000000000011\LUT=8'00001101 for cells of type $lut.
Using template $paramod$71d951b20e73043168c1656217d126e617052faa\$lut for cells of type $lut.
Using template $paramod$5037893c2f0202cbda412b45a61ab57b51500aee\$lut for cells of type $lut.
Using template $paramod$965f8f2fa1a796a6c51222eabb50fbd26e97d98b\$lut for cells of type $lut.
Using template $paramod$59c595af41d4a5cce2d588c3a5f1342749ce7a77\$lut for cells of type $lut.
Using template $paramod$973818279bc95792902f3c09371fd2407d04a2a5\$lut for cells of type $lut.
Using template $paramod$e49f6e3576ef1a6d2f58c54414dbb786af8cc869\$lut for cells of type $lut.
Using template $paramod$c24ed72ebb67e9ead6029e42e909ef7fc0abbb11\$lut for cells of type $lut.
Using template $paramod$279a3e9c0ff9ba17cac3c2880dfb6b8936dd46fc\$lut for cells of type $lut.
Using template $paramod$2ce5e01f99a66052aca3341bd1c7c74e026adcc9\$lut for cells of type $lut.
Using template $paramod$c82e3d80b7622a3ef0b8d461b2975d427ad1cfa7\$lut for cells of type $lut.
Using template $paramod\$lut\WIDTH=32'00000000000000000000000000000011\LUT=8'11100000 for cells of type $lut.
Using template $paramod$c17001e40829b1c60b368b36d3563e4375afe867\$lut for cells of type $lut.
Using template $paramod$88b2ed2dfc2063f18eba3a1aca9df254a829e192\$lut for cells of type $lut.
Using template $paramod$cbcae5001e308f48c690fd73d15005d42f465e4e\$lut for cells of type $lut.
Using template $paramod$f9cd8239db384bbc4434559d42514064174ba0b1\$lut for cells of type $lut.
Using template $paramod$d119410bab96963da0139669592048db2c09198b\$lut for cells of type $lut.
Using template $paramod$2887a6e0372a9eaa23e0976a72fc13f114f522dd\$lut for cells of type $lut.
Using template $paramod$e29d77caadfafd73aa5fe633bde045cc468a68f9\$lut for cells of type $lut.
Using template $paramod$8adf7fbd410d2cc654c288d5be5f7508ee8809b0\$lut for cells of type $lut.
Using template $paramod$4d1a055984de6eeb68dcd05fb2e3ec22912a2372\$lut for cells of type $lut.
Using template $paramod$7d3cbfc289ec00e0691f33de08826f2254fca668\$lut for cells of type $lut.
Using template $paramod$30e1ac1183d91190b531bad571bf822d64fb1abf\$lut for cells of type $lut.
Using template $paramod$49af33aa6aa19b94c8fdc46f549df37fbca7f5e7\$lut for cells of type $lut.
Using template $paramod\$lut\WIDTH=32'00000000000000000000000000000011\LUT=8'01010011 for cells of type $lut.
Using template $paramod$680fd8d179aaa2b94b3b7c0dab400ac18bb55c38\$lut for cells of type $lut.
Using template $paramod$52becf8b23a9850170995bc07eb2e31f44cb70e7\$lut for cells of type $lut.
Using template $paramod$f9216b411af01450972d6791d3b5c71d00a32ff1\$lut for cells of type $lut.
Using template $paramod$80c6d9236a2684199e24745161c51118708bce6e\$lut for cells of type $lut.
Using template $paramod\$lut\WIDTH=32'00000000000000000000000000000011\LUT=8'01101111 for cells of type $lut.
Using template $paramod$d388caf9331d1c67a4a7fa86d33eb3b732255d14\$lut for cells of type $lut.
Using template $paramod\$lut\WIDTH=32'00000000000000000000000000000011\LUT=8'00010100 for cells of type $lut.
Using template $paramod$ecf9cac817e9cbb222dc9e58a122faf05f34c860\$lut for cells of type $lut.
Using template $paramod\$lut\WIDTH=32'00000000000000000000000000000011\LUT=8'01100000 for cells of type $lut.
Using template $paramod$43c661319c94b3a52ddfa5a880539d205f6bbd5a\$lut for cells of type $lut.
Using template $paramod$8f4a4ea767288cc7ab2ba024210895fe6fa84894\$lut for cells of type $lut.
Using template $paramod$57f71a429a5de468266cb6ec0f5d054c9415f3b9\$lut for cells of type $lut.
Using template $paramod$d1d3e5c429996c1776c029b181a703bafb0c2c7a\$lut for cells of type $lut.
Using template $paramod$da2f95476331ffa2143f8212db8aff730de806a0\$lut for cells of type $lut.
Using template $paramod$11ec7271d8e6e5aeaace08c13e4c601f10e31038\$lut for cells of type $lut.
Using template $paramod$4d4d3bbe4065b7fc301ea101ae5398df0bc58e40\$lut for cells of type $lut.
Using template $paramod$cd05f04889088c47a0a5abae8c2d644fd314805e\$lut for cells of type $lut.
Using template $paramod\$lut\WIDTH=32'00000000000000000000000000000011\LUT=8'01001111 for cells of type $lut.
Using template $paramod$ef8295b10a781b16be00577bb0b0751f78914e75\$lut for cells of type $lut.
Using template $paramod$c7da182350c463dac9341b9202c767a484f2d529\$lut for cells of type $lut.
Using template $paramod$12879138d1e376f344e47ea40be66b776233be75\$lut for cells of type $lut.
Using template $paramod$5a621b016c894274d07edef48c49b401a15fd796\$lut for cells of type $lut.
Using template $paramod$a3d9d50a26c80b5c42d9b864ac52f329113a426e\$lut for cells of type $lut.
Using template $paramod\$lut\WIDTH=32'00000000000000000000000000000011\LUT=8'11000001 for cells of type $lut.
Using template $paramod$798c407062c363131877015db48aaebac206e220\$lut for cells of type $lut.
Using template $paramod$a75fe641fc9e92a88e7f40223b21a5fdc0b6278c\$lut for cells of type $lut.
Using template $paramod$61d1922b7a54e060f9315a163abe580ccdaebac5\$lut for cells of type $lut.
Using template $paramod$84cfad01f5188c922bcf817a5d73b8b76b42fefe\$lut for cells of type $lut.
Using template $paramod$d14ad95bded2b667afa97670e151697087b7de83\$lut for cells of type $lut.
Using template $paramod$c88893c688d677cdf8b84ba22501872c80d8c245\$lut for cells of type $lut.
Using template $paramod$dddfdc2633093a03e6470d46e677d9447254dca8\$lut for cells of type $lut.
Using template $paramod$478e33feeac3aa53ff57d491aada044b8aedceae\$lut for cells of type $lut.
Using template $paramod$b0e917d968da941a2ca2dd33b04074a0f4d50222\$lut for cells of type $lut.
Using template $paramod$4fba4d8cf7fa2c90da12dc24f0b4a1773bec3d07\$lut for cells of type $lut.
No more expansions possible.

32.45. Executing OPT_LUT_INS pass (discard unused LUT inputs).
Optimizing LUTs in SOC.
  Optimizing lut $abc$11443$auto$blifparse.cc:525:parse_blif$11599.genblk1.genblk1.genblk1.genblk1.genblk1.lut1 (4 -> 1)
  Optimizing lut $abc$11443$auto$blifparse.cc:525:parse_blif$11600.genblk1.genblk1.genblk1.genblk1.genblk1.lut1 (4 -> 1)
  Optimizing lut $abc$11443$auto$blifparse.cc:525:parse_blif$11578.genblk1.genblk1.genblk1.genblk1.genblk1.lut1 (4 -> 0)
  Optimizing lut $abc$11443$auto$blifparse.cc:525:parse_blif$12220.genblk1.genblk1.genblk1.genblk1.genblk1.genblk1.genblk1.lut1 (4 -> 1)
  Optimizing lut $abc$11443$auto$blifparse.cc:525:parse_blif$12220.genblk1.genblk1.genblk1.genblk1.genblk1.genblk1.genblk1.lut2 (4 -> 1)
  Optimizing lut $abc$11443$auto$blifparse.cc:525:parse_blif$12220.genblk1.genblk1.genblk1.genblk1.genblk1.genblk1.genblk1.lut3 (4 -> 0)
  Optimizing lut $abc$11443$auto$blifparse.cc:525:parse_blif$12220.genblk1.genblk1.genblk1.genblk1.genblk1.genblk1.genblk1.lut4 (4 -> 3)
  Optimizing lut $abc$11443$auto$blifparse.cc:525:parse_blif$12220.genblk1.genblk1.genblk1.genblk1.genblk1.genblk1.genblk1.lut5 (4 -> 3)
  Optimizing lut $abc$11443$auto$blifparse.cc:525:parse_blif$12220.genblk1.genblk1.genblk1.genblk1.genblk1.genblk1.genblk1.lut6 (4 -> 0)
  Optimizing lut $abc$11443$auto$blifparse.cc:525:parse_blif$12220.genblk1.genblk1.genblk1.genblk1.genblk1.genblk1.genblk1.lut7 (4 -> 0)
  Optimizing lut $abc$11443$auto$blifparse.cc:525:parse_blif$12256.genblk1.genblk1.genblk1.genblk1.genblk1.genblk1.genblk1.lut1 (4 -> 1)
  Optimizing lut $abc$11443$auto$blifparse.cc:525:parse_blif$12256.genblk1.genblk1.genblk1.genblk1.genblk1.genblk1.genblk1.lut2 (4 -> 1)
  Optimizing lut $abc$11443$auto$blifparse.cc:525:parse_blif$12256.genblk1.genblk1.genblk1.genblk1.genblk1.genblk1.genblk1.lut3 (4 -> 0)
  Optimizing lut $abc$11443$auto$blifparse.cc:525:parse_blif$12256.genblk1.genblk1.genblk1.genblk1.genblk1.genblk1.genblk1.lut4 (4 -> 3)
  Optimizing lut $abc$11443$auto$blifparse.cc:525:parse_blif$12256.genblk1.genblk1.genblk1.genblk1.genblk1.genblk1.genblk1.lut5 (4 -> 3)
  Optimizing lut $abc$11443$auto$blifparse.cc:525:parse_blif$12256.genblk1.genblk1.genblk1.genblk1.genblk1.genblk1.genblk1.lut6 (4 -> 0)
  Optimizing lut $abc$11443$auto$blifparse.cc:525:parse_blif$12256.genblk1.genblk1.genblk1.genblk1.genblk1.genblk1.genblk1.lut7 (4 -> 0)
  Optimizing lut $abc$11443$auto$blifparse.cc:525:parse_blif$12290.genblk1.genblk1.genblk1.genblk1.genblk1.lut1 (4 -> 1)
  Optimizing lut $abc$11443$auto$blifparse.cc:525:parse_blif$12223.genblk1.genblk1.genblk1.genblk1.genblk1.lut1 (4 -> 0)
  Optimizing lut $abc$11443$auto$blifparse.cc:525:parse_blif$11584.genblk1.genblk1.genblk1.genblk1.genblk1.lut1 (4 -> 3)
  Optimizing lut $abc$11443$auto$blifparse.cc:525:parse_blif$12193.genblk1.genblk1.genblk1.genblk1.genblk1.genblk1.genblk1.lut2 (4 -> 1)
  Optimizing lut $abc$11443$auto$blifparse.cc:525:parse_blif$12193.genblk1.genblk1.genblk1.genblk1.genblk1.genblk1.genblk1.lut3 (4 -> 0)
  Optimizing lut $abc$11443$auto$blifparse.cc:525:parse_blif$12193.genblk1.genblk1.genblk1.genblk1.genblk1.genblk1.genblk1.lut4 (4 -> 3)
  Optimizing lut $abc$11443$auto$blifparse.cc:525:parse_blif$12193.genblk1.genblk1.genblk1.genblk1.genblk1.genblk1.genblk1.lut5 (4 -> 3)
  Optimizing lut $abc$11443$auto$blifparse.cc:525:parse_blif$12193.genblk1.genblk1.genblk1.genblk1.genblk1.genblk1.genblk1.lut6 (4 -> 0)
  Optimizing lut $abc$11443$auto$blifparse.cc:525:parse_blif$12193.genblk1.genblk1.genblk1.genblk1.genblk1.genblk1.genblk1.lut7 (4 -> 0)
  Optimizing lut $abc$11443$auto$blifparse.cc:525:parse_blif$12292.genblk1.genblk1.genblk1.genblk1.genblk1.lut1 (4 -> 1)
  Optimizing lut $abc$11443$auto$blifparse.cc:525:parse_blif$12262.genblk1.genblk1.genblk1.genblk1.genblk1.genblk1.genblk1.lut1 (4 -> 1)
  Optimizing lut $abc$11443$auto$blifparse.cc:525:parse_blif$12262.genblk1.genblk1.genblk1.genblk1.genblk1.genblk1.genblk1.lut2 (4 -> 1)
  Optimizing lut $abc$11443$auto$blifparse.cc:525:parse_blif$12262.genblk1.genblk1.genblk1.genblk1.genblk1.genblk1.genblk1.lut3 (4 -> 0)
  Optimizing lut $abc$11443$auto$blifparse.cc:525:parse_blif$12262.genblk1.genblk1.genblk1.genblk1.genblk1.genblk1.genblk1.lut4 (4 -> 3)
  Optimizing lut $abc$11443$auto$blifparse.cc:525:parse_blif$12262.genblk1.genblk1.genblk1.genblk1.genblk1.genblk1.genblk1.lut5 (4 -> 3)
  Optimizing lut $abc$11443$auto$blifparse.cc:525:parse_blif$12262.genblk1.genblk1.genblk1.genblk1.genblk1.genblk1.genblk1.lut6 (4 -> 0)
  Optimizing lut $abc$11443$auto$blifparse.cc:525:parse_blif$12262.genblk1.genblk1.genblk1.genblk1.genblk1.genblk1.genblk1.lut7 (4 -> 0)
  Optimizing lut $abc$11443$auto$blifparse.cc:525:parse_blif$12227.genblk1.genblk1.genblk1.genblk1.genblk1.genblk1.lut1 (4 -> 3)
  Optimizing lut $abc$11443$auto$blifparse.cc:525:parse_blif$12227.genblk1.genblk1.genblk1.genblk1.genblk1.genblk1.lut2 (4 -> 3)
  Optimizing lut $abc$11443$auto$blifparse.cc:525:parse_blif$11581.genblk1.genblk1.genblk1.genblk1.genblk1.lut1 (4 -> 3)
  Optimizing lut $abc$11443$auto$blifparse.cc:525:parse_blif$12229.genblk1.genblk1.genblk1.genblk1.genblk1.genblk1.genblk1.lut1 (4 -> 1)
  Optimizing lut $abc$11443$auto$blifparse.cc:525:parse_blif$12229.genblk1.genblk1.genblk1.genblk1.genblk1.genblk1.genblk1.lut2 (4 -> 1)
  Optimizing lut $abc$11443$auto$blifparse.cc:525:parse_blif$12229.genblk1.genblk1.genblk1.genblk1.genblk1.genblk1.genblk1.lut3 (4 -> 0)
  Optimizing lut $abc$11443$auto$blifparse.cc:525:parse_blif$12229.genblk1.genblk1.genblk1.genblk1.genblk1.genblk1.genblk1.lut4 (4 -> 3)
  Optimizing lut $abc$11443$auto$blifparse.cc:525:parse_blif$12229.genblk1.genblk1.genblk1.genblk1.genblk1.genblk1.genblk1.lut5 (4 -> 3)
  Optimizing lut $abc$11443$auto$blifparse.cc:525:parse_blif$12229.genblk1.genblk1.genblk1.genblk1.genblk1.genblk1.genblk1.lut6 (4 -> 0)
  Optimizing lut $abc$11443$auto$blifparse.cc:525:parse_blif$12229.genblk1.genblk1.genblk1.genblk1.genblk1.genblk1.genblk1.lut7 (4 -> 0)
  Optimizing lut $abc$11443$auto$blifparse.cc:525:parse_blif$12200.genblk1.genblk1.genblk1.genblk1.genblk1.genblk1.lut2 (4 -> 3)
  Optimizing lut $abc$11443$auto$blifparse.cc:525:parse_blif$12299.genblk1.genblk1.genblk1.genblk1.genblk1.lut1 (4 -> 1)
  Optimizing lut $abc$11443$auto$blifparse.cc:525:parse_blif$12232.genblk1.genblk1.genblk1.genblk1.genblk1.lut1 (4 -> 0)
  Optimizing lut $abc$11443$auto$blifparse.cc:525:parse_blif$12268.genblk1.genblk1.genblk1.genblk1.genblk1.genblk1.genblk1.lut1 (4 -> 1)
  Optimizing lut $abc$11443$auto$blifparse.cc:525:parse_blif$12268.genblk1.genblk1.genblk1.genblk1.genblk1.genblk1.genblk1.lut2 (4 -> 1)
  Optimizing lut $abc$11443$auto$blifparse.cc:525:parse_blif$12268.genblk1.genblk1.genblk1.genblk1.genblk1.genblk1.genblk1.lut3 (4 -> 0)
  Optimizing lut $abc$11443$auto$blifparse.cc:525:parse_blif$12268.genblk1.genblk1.genblk1.genblk1.genblk1.genblk1.genblk1.lut4 (4 -> 3)
  Optimizing lut $abc$11443$auto$blifparse.cc:525:parse_blif$12268.genblk1.genblk1.genblk1.genblk1.genblk1.genblk1.genblk1.lut5 (4 -> 3)
  Optimizing lut $abc$11443$auto$blifparse.cc:525:parse_blif$12268.genblk1.genblk1.genblk1.genblk1.genblk1.genblk1.genblk1.lut6 (4 -> 0)
  Optimizing lut $abc$11443$auto$blifparse.cc:525:parse_blif$12268.genblk1.genblk1.genblk1.genblk1.genblk1.genblk1.genblk1.lut7 (4 -> 0)
  Optimizing lut $abc$11443$auto$blifparse.cc:525:parse_blif$12202.genblk1.genblk1.genblk1.genblk1.genblk1.genblk1.genblk1.lut2 (4 -> 1)
  Optimizing lut $abc$11443$auto$blifparse.cc:525:parse_blif$12202.genblk1.genblk1.genblk1.genblk1.genblk1.genblk1.genblk1.lut3 (4 -> 0)
  Optimizing lut $abc$11443$auto$blifparse.cc:525:parse_blif$12202.genblk1.genblk1.genblk1.genblk1.genblk1.genblk1.genblk1.lut4 (4 -> 3)
  Optimizing lut $abc$11443$auto$blifparse.cc:525:parse_blif$12202.genblk1.genblk1.genblk1.genblk1.genblk1.genblk1.genblk1.lut5 (4 -> 3)
  Optimizing lut $abc$11443$auto$blifparse.cc:525:parse_blif$12202.genblk1.genblk1.genblk1.genblk1.genblk1.genblk1.genblk1.lut6 (4 -> 0)
  Optimizing lut $abc$11443$auto$blifparse.cc:525:parse_blif$12202.genblk1.genblk1.genblk1.genblk1.genblk1.genblk1.genblk1.lut7 (4 -> 0)
  Optimizing lut $abc$11443$auto$blifparse.cc:525:parse_blif$12301.genblk1.genblk1.genblk1.genblk1.genblk1.lut1 (4 -> 1)
  Optimizing lut $abc$11443$auto$blifparse.cc:525:parse_blif$12236.genblk1.genblk1.genblk1.genblk1.genblk1.genblk1.lut1 (4 -> 3)
  Optimizing lut $abc$11443$auto$blifparse.cc:525:parse_blif$12236.genblk1.genblk1.genblk1.genblk1.genblk1.genblk1.lut2 (4 -> 3)
  Optimizing lut $abc$11443$auto$blifparse.cc:525:parse_blif$12304.genblk1.genblk1.genblk1.genblk1.genblk1.lut1 (4 -> 1)
  Optimizing lut $abc$11443$auto$blifparse.cc:525:parse_blif$12238.genblk1.genblk1.genblk1.genblk1.genblk1.genblk1.genblk1.lut2 (4 -> 1)
  Optimizing lut $abc$11443$auto$blifparse.cc:525:parse_blif$12238.genblk1.genblk1.genblk1.genblk1.genblk1.genblk1.genblk1.lut3 (4 -> 0)
  Optimizing lut $abc$11443$auto$blifparse.cc:525:parse_blif$12238.genblk1.genblk1.genblk1.genblk1.genblk1.genblk1.genblk1.lut4 (4 -> 3)
  Optimizing lut $abc$11443$auto$blifparse.cc:525:parse_blif$12238.genblk1.genblk1.genblk1.genblk1.genblk1.genblk1.genblk1.lut5 (4 -> 3)
  Optimizing lut $abc$11443$auto$blifparse.cc:525:parse_blif$12238.genblk1.genblk1.genblk1.genblk1.genblk1.genblk1.genblk1.lut6 (4 -> 0)
  Optimizing lut $abc$11443$auto$blifparse.cc:525:parse_blif$12238.genblk1.genblk1.genblk1.genblk1.genblk1.genblk1.genblk1.lut7 (4 -> 0)
  Optimizing lut $abc$11443$auto$blifparse.cc:525:parse_blif$12274.genblk1.genblk1.genblk1.genblk1.genblk1.genblk1.genblk1.lut1 (4 -> 1)
  Optimizing lut $abc$11443$auto$blifparse.cc:525:parse_blif$12274.genblk1.genblk1.genblk1.genblk1.genblk1.genblk1.genblk1.lut2 (4 -> 1)
  Optimizing lut $abc$11443$auto$blifparse.cc:525:parse_blif$12274.genblk1.genblk1.genblk1.genblk1.genblk1.genblk1.genblk1.lut3 (4 -> 0)
  Optimizing lut $abc$11443$auto$blifparse.cc:525:parse_blif$12274.genblk1.genblk1.genblk1.genblk1.genblk1.genblk1.genblk1.lut4 (4 -> 3)
  Optimizing lut $abc$11443$auto$blifparse.cc:525:parse_blif$12274.genblk1.genblk1.genblk1.genblk1.genblk1.genblk1.genblk1.lut5 (4 -> 3)
  Optimizing lut $abc$11443$auto$blifparse.cc:525:parse_blif$12274.genblk1.genblk1.genblk1.genblk1.genblk1.genblk1.genblk1.lut6 (4 -> 0)
  Optimizing lut $abc$11443$auto$blifparse.cc:525:parse_blif$12274.genblk1.genblk1.genblk1.genblk1.genblk1.genblk1.genblk1.lut7 (4 -> 0)
  Optimizing lut $abc$11443$auto$blifparse.cc:525:parse_blif$11583.genblk1.genblk1.genblk1.genblk1.genblk1.lut1 (4 -> 3)
  Optimizing lut $abc$11443$auto$blifparse.cc:525:parse_blif$12209.genblk1.genblk1.genblk1.genblk1.genblk1.genblk1.lut1 (4 -> 3)
  Optimizing lut $abc$11443$auto$blifparse.cc:525:parse_blif$12209.genblk1.genblk1.genblk1.genblk1.genblk1.genblk1.lut2 (4 -> 3)
  Optimizing lut $abc$11443$auto$blifparse.cc:525:parse_blif$12308.genblk1.genblk1.genblk1.genblk1.genblk1.lut1 (4 -> 1)
  Optimizing lut $abc$11443$auto$blifparse.cc:525:parse_blif$12211.genblk1.genblk1.genblk1.genblk1.genblk1.genblk1.genblk1.lut2 (4 -> 1)
  Optimizing lut $abc$11443$auto$blifparse.cc:525:parse_blif$12211.genblk1.genblk1.genblk1.genblk1.genblk1.genblk1.genblk1.lut3 (4 -> 0)
  Optimizing lut $abc$11443$auto$blifparse.cc:525:parse_blif$12211.genblk1.genblk1.genblk1.genblk1.genblk1.genblk1.genblk1.lut4 (4 -> 3)
  Optimizing lut $abc$11443$auto$blifparse.cc:525:parse_blif$12211.genblk1.genblk1.genblk1.genblk1.genblk1.genblk1.genblk1.lut5 (4 -> 3)
  Optimizing lut $abc$11443$auto$blifparse.cc:525:parse_blif$12211.genblk1.genblk1.genblk1.genblk1.genblk1.genblk1.genblk1.lut6 (4 -> 0)
  Optimizing lut $abc$11443$auto$blifparse.cc:525:parse_blif$12211.genblk1.genblk1.genblk1.genblk1.genblk1.genblk1.genblk1.lut7 (4 -> 0)
  Optimizing lut $abc$11443$auto$blifparse.cc:525:parse_blif$12310.genblk1.genblk1.genblk1.genblk1.genblk1.lut1 (4 -> 1)
  Optimizing lut $abc$11443$auto$blifparse.cc:525:parse_blif$12244.genblk1.genblk1.genblk1.genblk1.genblk1.genblk1.genblk1.lut1 (4 -> 1)
  Optimizing lut $abc$11443$auto$blifparse.cc:525:parse_blif$12244.genblk1.genblk1.genblk1.genblk1.genblk1.genblk1.genblk1.lut2 (4 -> 1)
  Optimizing lut $abc$11443$auto$blifparse.cc:525:parse_blif$12244.genblk1.genblk1.genblk1.genblk1.genblk1.genblk1.genblk1.lut3 (4 -> 0)
  Optimizing lut $abc$11443$auto$blifparse.cc:525:parse_blif$12244.genblk1.genblk1.genblk1.genblk1.genblk1.genblk1.genblk1.lut4 (4 -> 3)
  Optimizing lut $abc$11443$auto$blifparse.cc:525:parse_blif$12244.genblk1.genblk1.genblk1.genblk1.genblk1.genblk1.genblk1.lut5 (4 -> 3)
  Optimizing lut $abc$11443$auto$blifparse.cc:525:parse_blif$12244.genblk1.genblk1.genblk1.genblk1.genblk1.genblk1.genblk1.lut6 (4 -> 0)
  Optimizing lut $abc$11443$auto$blifparse.cc:525:parse_blif$12244.genblk1.genblk1.genblk1.genblk1.genblk1.genblk1.genblk1.lut7 (4 -> 0)
  Optimizing lut $abc$11443$auto$blifparse.cc:525:parse_blif$12280.genblk1.genblk1.genblk1.genblk1.genblk1.genblk1.genblk1.lut1 (4 -> 1)
  Optimizing lut $abc$11443$auto$blifparse.cc:525:parse_blif$12280.genblk1.genblk1.genblk1.genblk1.genblk1.genblk1.genblk1.lut2 (4 -> 1)
  Optimizing lut $abc$11443$auto$blifparse.cc:525:parse_blif$12280.genblk1.genblk1.genblk1.genblk1.genblk1.genblk1.genblk1.lut3 (4 -> 0)
  Optimizing lut $abc$11443$auto$blifparse.cc:525:parse_blif$12280.genblk1.genblk1.genblk1.genblk1.genblk1.genblk1.genblk1.lut4 (4 -> 3)
  Optimizing lut $abc$11443$auto$blifparse.cc:525:parse_blif$12280.genblk1.genblk1.genblk1.genblk1.genblk1.genblk1.genblk1.lut5 (4 -> 3)
  Optimizing lut $abc$11443$auto$blifparse.cc:525:parse_blif$12280.genblk1.genblk1.genblk1.genblk1.genblk1.genblk1.genblk1.lut6 (4 -> 0)
  Optimizing lut $abc$11443$auto$blifparse.cc:525:parse_blif$12280.genblk1.genblk1.genblk1.genblk1.genblk1.genblk1.genblk1.lut7 (4 -> 0)
  Optimizing lut $abc$11443$auto$blifparse.cc:525:parse_blif$12281.genblk1.genblk1.genblk1.genblk1.genblk1.genblk1.lut2 (4 -> 0)
  Optimizing lut $abc$11443$auto$blifparse.cc:525:parse_blif$12313.genblk1.genblk1.genblk1.genblk1.genblk1.lut1 (4 -> 1)
  Optimizing lut $abc$11443$auto$blifparse.cc:525:parse_blif$12218.genblk1.genblk1.genblk1.genblk1.genblk1.genblk1.lut1 (4 -> 3)
  Optimizing lut $abc$11443$auto$blifparse.cc:525:parse_blif$12218.genblk1.genblk1.genblk1.genblk1.genblk1.genblk1.lut2 (4 -> 3)
  Optimizing lut $abc$11443$auto$blifparse.cc:525:parse_blif$12316.genblk1.genblk1.genblk1.genblk1.genblk1.lut1 (4 -> 1)
  Optimizing lut $abc$11443$auto$blifparse.cc:525:parse_blif$12250.genblk1.genblk1.genblk1.genblk1.genblk1.genblk1.genblk1.lut2 (4 -> 1)
  Optimizing lut $abc$11443$auto$blifparse.cc:525:parse_blif$12250.genblk1.genblk1.genblk1.genblk1.genblk1.genblk1.genblk1.lut3 (4 -> 0)
  Optimizing lut $abc$11443$auto$blifparse.cc:525:parse_blif$12250.genblk1.genblk1.genblk1.genblk1.genblk1.genblk1.genblk1.lut4 (4 -> 3)
  Optimizing lut $abc$11443$auto$blifparse.cc:525:parse_blif$12250.genblk1.genblk1.genblk1.genblk1.genblk1.genblk1.genblk1.lut5 (4 -> 3)
  Optimizing lut $abc$11443$auto$blifparse.cc:525:parse_blif$12250.genblk1.genblk1.genblk1.genblk1.genblk1.genblk1.genblk1.lut6 (4 -> 0)
  Optimizing lut $abc$11443$auto$blifparse.cc:525:parse_blif$12250.genblk1.genblk1.genblk1.genblk1.genblk1.genblk1.genblk1.lut7 (4 -> 0)
  Optimizing lut $abc$11443$auto$blifparse.cc:525:parse_blif$11582.genblk1.genblk1.genblk1.genblk1.genblk1.lut1 (4 -> 3)
  Optimizing lut $abc$11443$auto$blifparse.cc:525:parse_blif$12050.genblk1.genblk1.genblk1.genblk1.genblk1.lut1 (4 -> 0)
  Optimizing lut $abc$11443$auto$blifparse.cc:525:parse_blif$11989.genblk1.genblk1.genblk1.genblk1.genblk1.genblk1.lut2 (4 -> 0)
  Optimizing lut $abc$11443$auto$blifparse.cc:525:parse_blif$11985.genblk1.genblk1.genblk1.genblk1.genblk1.genblk1.genblk1.lut2 (4 -> 0)
  Optimizing lut $abc$11443$auto$blifparse.cc:525:parse_blif$11985.genblk1.genblk1.genblk1.genblk1.genblk1.genblk1.genblk1.lut3 (4 -> 0)
  Optimizing lut $abc$11443$auto$blifparse.cc:525:parse_blif$11985.genblk1.genblk1.genblk1.genblk1.genblk1.genblk1.genblk1.lut7 (4 -> 0)
  Optimizing lut $abc$11443$auto$blifparse.cc:525:parse_blif$12036.genblk1.genblk1.genblk1.genblk1.genblk1.genblk1.lut2 (4 -> 3)
  Optimizing lut $abc$11443$auto$blifparse.cc:525:parse_blif$12010.genblk1.genblk1.genblk1.genblk1.genblk1.genblk1.genblk1.lut3 (4 -> 0)
  Optimizing lut $abc$11443$auto$blifparse.cc:525:parse_blif$12010.genblk1.genblk1.genblk1.genblk1.genblk1.genblk1.genblk1.lut4 (4 -> 0)
  Optimizing lut $abc$11443$auto$blifparse.cc:525:parse_blif$12010.genblk1.genblk1.genblk1.genblk1.genblk1.genblk1.genblk1.lut5 (4 -> 0)
  Optimizing lut $abc$11443$auto$blifparse.cc:525:parse_blif$12010.genblk1.genblk1.genblk1.genblk1.genblk1.genblk1.genblk1.lut6 (4 -> 0)
  Optimizing lut $abc$11443$auto$blifparse.cc:525:parse_blif$12010.genblk1.genblk1.genblk1.genblk1.genblk1.genblk1.genblk1.lut7 (4 -> 0)
  Optimizing lut $abc$11443$auto$blifparse.cc:525:parse_blif$12012.genblk1.genblk1.genblk1.genblk1.genblk1.genblk1.lut1 (4 -> 3)
  Optimizing lut $abc$11443$auto$blifparse.cc:525:parse_blif$12012.genblk1.genblk1.genblk1.genblk1.genblk1.genblk1.lut2 (4 -> 1)
  Optimizing lut $abc$11443$auto$blifparse.cc:525:parse_blif$12012.genblk1.genblk1.genblk1.genblk1.genblk1.genblk1.lut3 (4 -> 0)
  Optimizing lut $abc$11443$auto$blifparse.cc:525:parse_blif$12026.genblk1.genblk1.genblk1.genblk1.genblk1.genblk1.genblk1.lut2 (4 -> 0)
  Optimizing lut $abc$11443$auto$blifparse.cc:525:parse_blif$12026.genblk1.genblk1.genblk1.genblk1.genblk1.genblk1.genblk1.lut3 (4 -> 0)
  Optimizing lut $abc$11443$auto$blifparse.cc:525:parse_blif$12026.genblk1.genblk1.genblk1.genblk1.genblk1.genblk1.genblk1.lut7 (4 -> 0)
  Optimizing lut $abc$11443$auto$blifparse.cc:525:parse_blif$12183.genblk1.genblk1.genblk1.genblk1.genblk1.genblk1.genblk1.lut2 (4 -> 1)
  Optimizing lut $abc$11443$auto$blifparse.cc:525:parse_blif$12183.genblk1.genblk1.genblk1.genblk1.genblk1.genblk1.genblk1.lut3 (4 -> 1)
  Optimizing lut $abc$11443$auto$blifparse.cc:525:parse_blif$12183.genblk1.genblk1.genblk1.genblk1.genblk1.genblk1.genblk1.lut4 (4 -> 2)
  Optimizing lut $abc$11443$auto$blifparse.cc:525:parse_blif$12183.genblk1.genblk1.genblk1.genblk1.genblk1.genblk1.genblk1.lut5 (4 -> 2)
  Optimizing lut $abc$11443$auto$blifparse.cc:525:parse_blif$12183.genblk1.genblk1.genblk1.genblk1.genblk1.genblk1.genblk1.lut6 (4 -> 1)
  Optimizing lut $abc$11443$auto$blifparse.cc:525:parse_blif$12183.genblk1.genblk1.genblk1.genblk1.genblk1.genblk1.genblk1.lut7 (4 -> 1)
  Optimizing lut $abc$11443$auto$blifparse.cc:525:parse_blif$12184.genblk1.genblk1.genblk1.genblk1.genblk1.genblk1.genblk1.lut1 (4 -> 0)
  Optimizing lut $abc$11443$auto$blifparse.cc:525:parse_blif$12184.genblk1.genblk1.genblk1.genblk1.genblk1.genblk1.genblk1.lut2 (4 -> 0)
  Optimizing lut $abc$11443$auto$blifparse.cc:525:parse_blif$12184.genblk1.genblk1.genblk1.genblk1.genblk1.genblk1.genblk1.lut3 (4 -> 0)
  Optimizing lut $abc$11443$auto$blifparse.cc:525:parse_blif$12184.genblk1.genblk1.genblk1.genblk1.genblk1.genblk1.genblk1.lut7 (4 -> 0)
  Optimizing lut $abc$11443$auto$blifparse.cc:525:parse_blif$11586.genblk1.genblk1.genblk1.genblk1.genblk1.lut1 (4 -> 3)
  Optimizing lut $abc$11443$auto$blifparse.cc:525:parse_blif$12191.genblk1.genblk1.genblk1.genblk1.genblk1.genblk1.lut1 (4 -> 3)
  Optimizing lut $abc$11443$auto$blifparse.cc:525:parse_blif$12191.genblk1.genblk1.genblk1.genblk1.genblk1.genblk1.lut2 (4 -> 3)
  Optimizing lut $abc$11443$auto$blifparse.cc:525:parse_blif$12181.genblk1.genblk1.genblk1.genblk1.genblk1.genblk1.lut1 (4 -> 3)
  Optimizing lut $abc$11443$auto$blifparse.cc:525:parse_blif$12181.genblk1.genblk1.genblk1.genblk1.genblk1.genblk1.lut2 (4 -> 3)
  Optimizing lut $abc$11443$auto$blifparse.cc:525:parse_blif$12177.genblk1.genblk1.genblk1.genblk1.genblk1.lut1 (4 -> 0)
  Optimizing lut $abc$11443$auto$blifparse.cc:525:parse_blif$12173.genblk1.genblk1.genblk1.genblk1.genblk1.genblk1.genblk1.lut2 (4 -> 1)
  Optimizing lut $abc$11443$auto$blifparse.cc:525:parse_blif$12173.genblk1.genblk1.genblk1.genblk1.genblk1.genblk1.genblk1.lut3 (4 -> 1)
  Optimizing lut $abc$11443$auto$blifparse.cc:525:parse_blif$12173.genblk1.genblk1.genblk1.genblk1.genblk1.genblk1.genblk1.lut4 (4 -> 2)
  Optimizing lut $abc$11443$auto$blifparse.cc:525:parse_blif$12173.genblk1.genblk1.genblk1.genblk1.genblk1.genblk1.genblk1.lut5 (4 -> 2)
  Optimizing lut $abc$11443$auto$blifparse.cc:525:parse_blif$12173.genblk1.genblk1.genblk1.genblk1.genblk1.genblk1.genblk1.lut6 (4 -> 1)
  Optimizing lut $abc$11443$auto$blifparse.cc:525:parse_blif$12173.genblk1.genblk1.genblk1.genblk1.genblk1.genblk1.genblk1.lut7 (4 -> 1)
  Optimizing lut $abc$11443$auto$blifparse.cc:525:parse_blif$12174.genblk1.genblk1.genblk1.genblk1.genblk1.genblk1.genblk1.lut1 (4 -> 0)
  Optimizing lut $abc$11443$auto$blifparse.cc:525:parse_blif$12174.genblk1.genblk1.genblk1.genblk1.genblk1.genblk1.genblk1.lut2 (4 -> 0)
  Optimizing lut $abc$11443$auto$blifparse.cc:525:parse_blif$12174.genblk1.genblk1.genblk1.genblk1.genblk1.genblk1.genblk1.lut3 (4 -> 0)
  Optimizing lut $abc$11443$auto$blifparse.cc:525:parse_blif$12174.genblk1.genblk1.genblk1.genblk1.genblk1.genblk1.genblk1.lut7 (4 -> 0)
  Optimizing lut $abc$11443$auto$blifparse.cc:525:parse_blif$12066.genblk1.genblk1.genblk1.genblk1.genblk1.genblk1.lut2 (4 -> 1)
  Optimizing lut $abc$11443$auto$blifparse.cc:525:parse_blif$12116.genblk1.genblk1.genblk1.genblk1.genblk1.genblk1.genblk1.lut2 (4 -> 0)
  Optimizing lut $abc$11443$auto$blifparse.cc:525:parse_blif$12116.genblk1.genblk1.genblk1.genblk1.genblk1.genblk1.genblk1.lut3 (4 -> 0)
  Optimizing lut $abc$11443$auto$blifparse.cc:525:parse_blif$12116.genblk1.genblk1.genblk1.genblk1.genblk1.genblk1.genblk1.lut4 (4 -> 0)
  Optimizing lut $abc$11443$auto$blifparse.cc:525:parse_blif$12116.genblk1.genblk1.genblk1.genblk1.genblk1.genblk1.genblk1.lut5 (4 -> 0)
  Optimizing lut $abc$11443$auto$blifparse.cc:525:parse_blif$12116.genblk1.genblk1.genblk1.genblk1.genblk1.genblk1.genblk1.lut6 (4 -> 0)
  Optimizing lut $abc$11443$auto$blifparse.cc:525:parse_blif$12088.genblk1.genblk1.genblk1.genblk1.genblk1.genblk1.genblk1.lut1 (4 -> 0)
  Optimizing lut $abc$11443$auto$blifparse.cc:525:parse_blif$12088.genblk1.genblk1.genblk1.genblk1.genblk1.genblk1.genblk1.lut2 (4 -> 0)
  Optimizing lut $abc$11443$auto$blifparse.cc:525:parse_blif$12088.genblk1.genblk1.genblk1.genblk1.genblk1.genblk1.genblk1.lut3 (4 -> 0)
  Optimizing lut $abc$11443$auto$blifparse.cc:525:parse_blif$12088.genblk1.genblk1.genblk1.genblk1.genblk1.genblk1.genblk1.lut4 (4 -> 0)
  Optimizing lut $abc$11443$auto$blifparse.cc:525:parse_blif$12088.genblk1.genblk1.genblk1.genblk1.genblk1.genblk1.genblk1.lut5 (4 -> 0)
  Optimizing lut $abc$11443$auto$blifparse.cc:525:parse_blif$12088.genblk1.genblk1.genblk1.genblk1.genblk1.genblk1.genblk1.lut6 (4 -> 0)
  Optimizing lut $abc$11443$auto$blifparse.cc:525:parse_blif$12171.genblk1.genblk1.genblk1.genblk1.genblk1.genblk1.lut1 (4 -> 3)
  Optimizing lut $abc$11443$auto$blifparse.cc:525:parse_blif$12171.genblk1.genblk1.genblk1.genblk1.genblk1.genblk1.lut2 (4 -> 3)
  Optimizing lut $abc$11443$auto$blifparse.cc:525:parse_blif$12167.genblk1.genblk1.genblk1.genblk1.genblk1.lut1 (4 -> 0)
  Optimizing lut $abc$11443$auto$blifparse.cc:525:parse_blif$12163.genblk1.genblk1.genblk1.genblk1.genblk1.genblk1.genblk1.lut1 (4 -> 3)
  Optimizing lut $abc$11443$auto$blifparse.cc:525:parse_blif$12163.genblk1.genblk1.genblk1.genblk1.genblk1.genblk1.genblk1.lut2 (4 -> 1)
  Optimizing lut $abc$11443$auto$blifparse.cc:525:parse_blif$12163.genblk1.genblk1.genblk1.genblk1.genblk1.genblk1.genblk1.lut3 (4 -> 1)
  Optimizing lut $abc$11443$auto$blifparse.cc:525:parse_blif$12163.genblk1.genblk1.genblk1.genblk1.genblk1.genblk1.genblk1.lut4 (4 -> 2)
  Optimizing lut $abc$11443$auto$blifparse.cc:525:parse_blif$12163.genblk1.genblk1.genblk1.genblk1.genblk1.genblk1.genblk1.lut5 (4 -> 2)
  Optimizing lut $abc$11443$auto$blifparse.cc:525:parse_blif$12163.genblk1.genblk1.genblk1.genblk1.genblk1.genblk1.genblk1.lut6 (4 -> 1)
  Optimizing lut $abc$11443$auto$blifparse.cc:525:parse_blif$12163.genblk1.genblk1.genblk1.genblk1.genblk1.genblk1.genblk1.lut7 (4 -> 1)
  Optimizing lut $abc$11443$auto$blifparse.cc:525:parse_blif$12164.genblk1.genblk1.genblk1.genblk1.genblk1.genblk1.genblk1.lut1 (4 -> 0)
  Optimizing lut $abc$11443$auto$blifparse.cc:525:parse_blif$12164.genblk1.genblk1.genblk1.genblk1.genblk1.genblk1.genblk1.lut2 (4 -> 0)
  Optimizing lut $abc$11443$auto$blifparse.cc:525:parse_blif$12164.genblk1.genblk1.genblk1.genblk1.genblk1.genblk1.genblk1.lut3 (4 -> 0)
  Optimizing lut $abc$11443$auto$blifparse.cc:525:parse_blif$12164.genblk1.genblk1.genblk1.genblk1.genblk1.genblk1.genblk1.lut7 (4 -> 0)
  Optimizing lut $abc$11443$auto$blifparse.cc:525:parse_blif$12135.genblk1.genblk1.genblk1.genblk1.genblk1.genblk1.genblk1.lut2 (4 -> 0)
  Optimizing lut $abc$11443$auto$blifparse.cc:525:parse_blif$12135.genblk1.genblk1.genblk1.genblk1.genblk1.genblk1.genblk1.lut3 (4 -> 0)
  Optimizing lut $abc$11443$auto$blifparse.cc:525:parse_blif$12135.genblk1.genblk1.genblk1.genblk1.genblk1.genblk1.genblk1.lut4 (4 -> 0)
  Optimizing lut $abc$11443$auto$blifparse.cc:525:parse_blif$12135.genblk1.genblk1.genblk1.genblk1.genblk1.genblk1.genblk1.lut5 (4 -> 0)
  Optimizing lut $abc$11443$auto$blifparse.cc:525:parse_blif$12135.genblk1.genblk1.genblk1.genblk1.genblk1.genblk1.genblk1.lut6 (4 -> 0)
  Optimizing lut $abc$11443$auto$blifparse.cc:525:parse_blif$12143.genblk1.genblk1.genblk1.genblk1.genblk1.genblk1.lut1 (4 -> 3)
  Optimizing lut $abc$11443$auto$blifparse.cc:525:parse_blif$12143.genblk1.genblk1.genblk1.genblk1.genblk1.genblk1.lut2 (4 -> 3)
  Optimizing lut $abc$11443$auto$blifparse.cc:525:parse_blif$12139.genblk1.genblk1.genblk1.genblk1.genblk1.lut1 (4 -> 0)
  Optimizing lut $abc$11443$auto$blifparse.cc:525:parse_blif$12107.genblk1.genblk1.genblk1.genblk1.genblk1.genblk1.genblk1.lut2 (4 -> 0)
  Optimizing lut $abc$11443$auto$blifparse.cc:525:parse_blif$12107.genblk1.genblk1.genblk1.genblk1.genblk1.genblk1.genblk1.lut3 (4 -> 0)
  Optimizing lut $abc$11443$auto$blifparse.cc:525:parse_blif$12107.genblk1.genblk1.genblk1.genblk1.genblk1.genblk1.genblk1.lut4 (4 -> 0)
  Optimizing lut $abc$11443$auto$blifparse.cc:525:parse_blif$12107.genblk1.genblk1.genblk1.genblk1.genblk1.genblk1.genblk1.lut5 (4 -> 0)
  Optimizing lut $abc$11443$auto$blifparse.cc:525:parse_blif$12107.genblk1.genblk1.genblk1.genblk1.genblk1.genblk1.genblk1.lut6 (4 -> 0)
  Optimizing lut $abc$11443$auto$blifparse.cc:525:parse_blif$12161.genblk1.genblk1.genblk1.genblk1.genblk1.genblk1.lut1 (4 -> 3)
  Optimizing lut $abc$11443$auto$blifparse.cc:525:parse_blif$12161.genblk1.genblk1.genblk1.genblk1.genblk1.genblk1.lut2 (4 -> 3)
  Optimizing lut $abc$11443$auto$blifparse.cc:525:parse_blif$12157.genblk1.genblk1.genblk1.genblk1.genblk1.lut1 (4 -> 0)
  Optimizing lut $abc$11443$auto$blifparse.cc:525:parse_blif$12154.genblk1.genblk1.genblk1.genblk1.genblk1.genblk1.genblk1.lut2 (4 -> 1)
  Optimizing lut $abc$11443$auto$blifparse.cc:525:parse_blif$12154.genblk1.genblk1.genblk1.genblk1.genblk1.genblk1.genblk1.lut3 (4 -> 2)
  Optimizing lut $abc$11443$auto$blifparse.cc:525:parse_blif$12154.genblk1.genblk1.genblk1.genblk1.genblk1.genblk1.genblk1.lut4 (4 -> 1)
  Optimizing lut $abc$11443$auto$blifparse.cc:525:parse_blif$12154.genblk1.genblk1.genblk1.genblk1.genblk1.genblk1.genblk1.lut5 (4 -> 1)
  Optimizing lut $abc$11443$auto$blifparse.cc:525:parse_blif$12154.genblk1.genblk1.genblk1.genblk1.genblk1.genblk1.genblk1.lut6 (4 -> 1)
  Optimizing lut $abc$11443$auto$blifparse.cc:525:parse_blif$12154.genblk1.genblk1.genblk1.genblk1.genblk1.genblk1.genblk1.lut7 (4 -> 1)
  Optimizing lut $abc$11443$auto$blifparse.cc:525:parse_blif$12098.genblk1.genblk1.genblk1.genblk1.genblk1.genblk1.genblk1.lut2 (4 -> 0)
  Optimizing lut $abc$11443$auto$blifparse.cc:525:parse_blif$12098.genblk1.genblk1.genblk1.genblk1.genblk1.genblk1.genblk1.lut3 (4 -> 0)
  Optimizing lut $abc$11443$auto$blifparse.cc:525:parse_blif$12098.genblk1.genblk1.genblk1.genblk1.genblk1.genblk1.genblk1.lut4 (4 -> 0)
  Optimizing lut $abc$11443$auto$blifparse.cc:525:parse_blif$12098.genblk1.genblk1.genblk1.genblk1.genblk1.genblk1.genblk1.lut5 (4 -> 0)
  Optimizing lut $abc$11443$auto$blifparse.cc:525:parse_blif$12098.genblk1.genblk1.genblk1.genblk1.genblk1.genblk1.genblk1.lut6 (4 -> 0)
  Optimizing lut $abc$11443$auto$blifparse.cc:525:parse_blif$12125.genblk1.genblk1.genblk1.genblk1.genblk1.genblk1.genblk1.lut1 (4 -> 0)
  Optimizing lut $abc$11443$auto$blifparse.cc:525:parse_blif$12125.genblk1.genblk1.genblk1.genblk1.genblk1.genblk1.genblk1.lut2 (4 -> 0)
  Optimizing lut $abc$11443$auto$blifparse.cc:525:parse_blif$12125.genblk1.genblk1.genblk1.genblk1.genblk1.genblk1.genblk1.lut3 (4 -> 0)
  Optimizing lut $abc$11443$auto$blifparse.cc:525:parse_blif$12125.genblk1.genblk1.genblk1.genblk1.genblk1.genblk1.genblk1.lut4 (4 -> 0)
  Optimizing lut $abc$11443$auto$blifparse.cc:525:parse_blif$12125.genblk1.genblk1.genblk1.genblk1.genblk1.genblk1.genblk1.lut5 (4 -> 0)
  Optimizing lut $abc$11443$auto$blifparse.cc:525:parse_blif$12125.genblk1.genblk1.genblk1.genblk1.genblk1.genblk1.genblk1.lut6 (4 -> 0)
  Optimizing lut $abc$11443$auto$blifparse.cc:525:parse_blif$12134.genblk1.genblk1.genblk1.genblk1.genblk1.genblk1.lut1 (4 -> 3)
  Optimizing lut $abc$11443$auto$blifparse.cc:525:parse_blif$12134.genblk1.genblk1.genblk1.genblk1.genblk1.genblk1.lut2 (4 -> 3)
  Optimizing lut $abc$11443$auto$blifparse.cc:525:parse_blif$11589.genblk1.genblk1.genblk1.genblk1.genblk1.lut1 (4 -> 3)
  Optimizing lut $abc$11443$auto$blifparse.cc:525:parse_blif$11591.genblk1.genblk1.genblk1.genblk1.genblk1.lut1 (4 -> 3)
  Optimizing lut $abc$11443$auto$blifparse.cc:525:parse_blif$12144.genblk1.genblk1.genblk1.genblk1.genblk1.genblk1.genblk1.lut2 (4 -> 0)
  Optimizing lut $abc$11443$auto$blifparse.cc:525:parse_blif$12144.genblk1.genblk1.genblk1.genblk1.genblk1.genblk1.genblk1.lut3 (4 -> 0)
  Optimizing lut $abc$11443$auto$blifparse.cc:525:parse_blif$12144.genblk1.genblk1.genblk1.genblk1.genblk1.genblk1.genblk1.lut4 (4 -> 0)
  Optimizing lut $abc$11443$auto$blifparse.cc:525:parse_blif$12144.genblk1.genblk1.genblk1.genblk1.genblk1.genblk1.genblk1.lut5 (4 -> 0)
  Optimizing lut $abc$11443$auto$blifparse.cc:525:parse_blif$12144.genblk1.genblk1.genblk1.genblk1.genblk1.genblk1.genblk1.lut6 (4 -> 0)
  Optimizing lut $abc$11443$auto$blifparse.cc:525:parse_blif$12079.genblk1.genblk1.genblk1.genblk1.genblk1.genblk1.lut2 (4 -> 1)
  Optimizing lut $abc$11443$auto$blifparse.cc:525:parse_blif$12079.genblk1.genblk1.genblk1.genblk1.genblk1.genblk1.lut3 (4 -> 0)
  Optimizing lut $abc$11443$auto$blifparse.cc:525:parse_blif$11801.genblk1.genblk1.genblk1.genblk1.genblk1.genblk1.lut1 (4 -> 0)
  Optimizing lut $abc$11443$auto$blifparse.cc:525:parse_blif$11801.genblk1.genblk1.genblk1.genblk1.genblk1.genblk1.lut2 (4 -> 0)
  Optimizing lut $abc$11443$auto$blifparse.cc:525:parse_blif$11763.genblk1.genblk1.genblk1.genblk1.genblk1.genblk1.genblk1.lut1 (4 -> 0)
  Optimizing lut $abc$11443$auto$blifparse.cc:525:parse_blif$11763.genblk1.genblk1.genblk1.genblk1.genblk1.genblk1.genblk1.lut2 (4 -> 0)
  Optimizing lut $abc$11443$auto$blifparse.cc:525:parse_blif$11763.genblk1.genblk1.genblk1.genblk1.genblk1.genblk1.genblk1.lut3 (4 -> 0)
  Optimizing lut $abc$11443$auto$blifparse.cc:525:parse_blif$11763.genblk1.genblk1.genblk1.genblk1.genblk1.genblk1.genblk1.lut4 (4 -> 0)
  Optimizing lut $abc$11443$auto$blifparse.cc:525:parse_blif$11763.genblk1.genblk1.genblk1.genblk1.genblk1.genblk1.genblk1.lut5 (4 -> 0)
  Optimizing lut $abc$11443$auto$blifparse.cc:525:parse_blif$11763.genblk1.genblk1.genblk1.genblk1.genblk1.genblk1.genblk1.lut6 (4 -> 3)
  Optimizing lut $abc$11443$auto$blifparse.cc:525:parse_blif$11763.genblk1.genblk1.genblk1.genblk1.genblk1.genblk1.genblk1.lut7 (4 -> 3)
  Optimizing lut $abc$11443$auto$blifparse.cc:525:parse_blif$11761.genblk1.genblk1.genblk1.genblk1.genblk1.genblk1.lut1 (4 -> 0)
  Optimizing lut $abc$11443$auto$blifparse.cc:525:parse_blif$11761.genblk1.genblk1.genblk1.genblk1.genblk1.genblk1.lut2 (4 -> 0)
  Optimizing lut $abc$11443$auto$blifparse.cc:525:parse_blif$12078.genblk1.genblk1.genblk1.genblk1.genblk1.genblk1.lut2 (4 -> 1)
  Optimizing lut $abc$11443$auto$blifparse.cc:525:parse_blif$12078.genblk1.genblk1.genblk1.genblk1.genblk1.genblk1.lut3 (4 -> 0)
  Optimizing lut $abc$11443$auto$blifparse.cc:525:parse_blif$12152.genblk1.genblk1.genblk1.genblk1.genblk1.genblk1.lut2 (4 -> 3)
  Optimizing lut $abc$11443$auto$blifparse.cc:525:parse_blif$12148.genblk1.genblk1.genblk1.genblk1.genblk1.lut1 (4 -> 0)
  Optimizing lut $abc$11443$auto$blifparse.cc:525:parse_blif$11758.genblk1.genblk1.genblk1.genblk1.genblk1.genblk1.genblk1.lut2 (4 -> 0)
  Optimizing lut $abc$11443$auto$blifparse.cc:525:parse_blif$11758.genblk1.genblk1.genblk1.genblk1.genblk1.genblk1.genblk1.lut3 (4 -> 0)
  Optimizing lut $abc$11443$auto$blifparse.cc:525:parse_blif$11758.genblk1.genblk1.genblk1.genblk1.genblk1.genblk1.genblk1.lut4 (4 -> 0)
  Optimizing lut $abc$11443$auto$blifparse.cc:525:parse_blif$11758.genblk1.genblk1.genblk1.genblk1.genblk1.genblk1.genblk1.lut5 (4 -> 0)
  Optimizing lut $abc$11443$auto$blifparse.cc:525:parse_blif$11758.genblk1.genblk1.genblk1.genblk1.genblk1.genblk1.genblk1.lut6 (4 -> 3)
  Optimizing lut $abc$11443$auto$blifparse.cc:525:parse_blif$11758.genblk1.genblk1.genblk1.genblk1.genblk1.genblk1.genblk1.lut7 (4 -> 3)
  Optimizing lut $abc$11443$auto$blifparse.cc:525:parse_blif$12120.genblk1.genblk1.genblk1.genblk1.genblk1.lut1 (4 -> 0)
  Optimizing lut $abc$11443$auto$blifparse.cc:525:parse_blif$11783.genblk1.genblk1.genblk1.genblk1.genblk1.genblk1.lut1 (4 -> 0)
  Optimizing lut $abc$11443$auto$blifparse.cc:525:parse_blif$11783.genblk1.genblk1.genblk1.genblk1.genblk1.genblk1.lut2 (4 -> 0)
  Optimizing lut $abc$11443$auto$blifparse.cc:525:parse_blif$11774.genblk1.genblk1.genblk1.genblk1.genblk1.genblk1.lut3 (4 -> 0)
  Optimizing lut $abc$11443$auto$blifparse.cc:525:parse_blif$11659.genblk1.genblk1.genblk1.genblk1.genblk1.genblk1.genblk1.lut2 (4 -> 1)
  Optimizing lut $abc$11443$auto$blifparse.cc:525:parse_blif$11659.genblk1.genblk1.genblk1.genblk1.genblk1.genblk1.genblk1.lut3 (4 -> 1)
  Optimizing lut $abc$11443$auto$blifparse.cc:525:parse_blif$11659.genblk1.genblk1.genblk1.genblk1.genblk1.genblk1.genblk1.lut4 (4 -> 1)
  Optimizing lut $abc$11443$auto$blifparse.cc:525:parse_blif$11659.genblk1.genblk1.genblk1.genblk1.genblk1.genblk1.genblk1.lut5 (4 -> 1)
  Optimizing lut $abc$11443$auto$blifparse.cc:525:parse_blif$11659.genblk1.genblk1.genblk1.genblk1.genblk1.genblk1.genblk1.lut6 (4 -> 1)
  Optimizing lut $abc$11443$auto$blifparse.cc:525:parse_blif$11659.genblk1.genblk1.genblk1.genblk1.genblk1.genblk1.genblk1.lut7 (4 -> 1)
  Optimizing lut $abc$11443$auto$blifparse.cc:525:parse_blif$11733.genblk1.genblk1.genblk1.genblk1.genblk1.genblk1.lut2 (4 -> 0)
  Optimizing lut $abc$11443$auto$blifparse.cc:525:parse_blif$11658.genblk1.genblk1.genblk1.genblk1.genblk1.genblk1.genblk1.lut1 (4 -> 3)
  Optimizing lut $abc$11443$auto$blifparse.cc:525:parse_blif$11658.genblk1.genblk1.genblk1.genblk1.genblk1.genblk1.genblk1.lut2 (4 -> 1)
  Optimizing lut $abc$11443$auto$blifparse.cc:525:parse_blif$11658.genblk1.genblk1.genblk1.genblk1.genblk1.genblk1.genblk1.lut3 (4 -> 1)
  Optimizing lut $abc$11443$auto$blifparse.cc:525:parse_blif$11658.genblk1.genblk1.genblk1.genblk1.genblk1.genblk1.genblk1.lut4 (4 -> 1)
  Optimizing lut $abc$11443$auto$blifparse.cc:525:parse_blif$11658.genblk1.genblk1.genblk1.genblk1.genblk1.genblk1.genblk1.lut5 (4 -> 1)
  Optimizing lut $abc$11443$auto$blifparse.cc:525:parse_blif$11658.genblk1.genblk1.genblk1.genblk1.genblk1.genblk1.genblk1.lut6 (4 -> 1)
  Optimizing lut $abc$11443$auto$blifparse.cc:525:parse_blif$11658.genblk1.genblk1.genblk1.genblk1.genblk1.genblk1.genblk1.lut7 (4 -> 1)
  Optimizing lut $abc$11443$auto$blifparse.cc:525:parse_blif$11657.genblk1.genblk1.genblk1.genblk1.genblk1.genblk1.genblk1.lut2 (4 -> 1)
  Optimizing lut $abc$11443$auto$blifparse.cc:525:parse_blif$11657.genblk1.genblk1.genblk1.genblk1.genblk1.genblk1.genblk1.lut3 (4 -> 1)
  Optimizing lut $abc$11443$auto$blifparse.cc:525:parse_blif$11657.genblk1.genblk1.genblk1.genblk1.genblk1.genblk1.genblk1.lut4 (4 -> 1)
  Optimizing lut $abc$11443$auto$blifparse.cc:525:parse_blif$11657.genblk1.genblk1.genblk1.genblk1.genblk1.genblk1.genblk1.lut5 (4 -> 1)
  Optimizing lut $abc$11443$auto$blifparse.cc:525:parse_blif$11657.genblk1.genblk1.genblk1.genblk1.genblk1.genblk1.genblk1.lut6 (4 -> 1)
  Optimizing lut $abc$11443$auto$blifparse.cc:525:parse_blif$11657.genblk1.genblk1.genblk1.genblk1.genblk1.genblk1.genblk1.lut7 (4 -> 1)
  Optimizing lut $abc$11443$auto$blifparse.cc:525:parse_blif$11656.genblk1.genblk1.genblk1.genblk1.genblk1.genblk1.genblk1.lut1 (4 -> 3)
  Optimizing lut $abc$11443$auto$blifparse.cc:525:parse_blif$11656.genblk1.genblk1.genblk1.genblk1.genblk1.genblk1.genblk1.lut2 (4 -> 1)
  Optimizing lut $abc$11443$auto$blifparse.cc:525:parse_blif$11656.genblk1.genblk1.genblk1.genblk1.genblk1.genblk1.genblk1.lut3 (4 -> 1)
  Optimizing lut $abc$11443$auto$blifparse.cc:525:parse_blif$11656.genblk1.genblk1.genblk1.genblk1.genblk1.genblk1.genblk1.lut4 (4 -> 1)
  Optimizing lut $abc$11443$auto$blifparse.cc:525:parse_blif$11656.genblk1.genblk1.genblk1.genblk1.genblk1.genblk1.genblk1.lut5 (4 -> 1)
  Optimizing lut $abc$11443$auto$blifparse.cc:525:parse_blif$11656.genblk1.genblk1.genblk1.genblk1.genblk1.genblk1.genblk1.lut6 (4 -> 1)
  Optimizing lut $abc$11443$auto$blifparse.cc:525:parse_blif$11656.genblk1.genblk1.genblk1.genblk1.genblk1.genblk1.genblk1.lut7 (4 -> 1)
  Optimizing lut $abc$11443$auto$blifparse.cc:525:parse_blif$11622.genblk1.genblk1.genblk1.genblk1.genblk1.lut1 (4 -> 1)
  Optimizing lut $abc$11443$auto$blifparse.cc:525:parse_blif$11655.genblk1.genblk1.genblk1.genblk1.genblk1.genblk1.genblk1.lut2 (4 -> 1)
  Optimizing lut $abc$11443$auto$blifparse.cc:525:parse_blif$11655.genblk1.genblk1.genblk1.genblk1.genblk1.genblk1.genblk1.lut3 (4 -> 1)
  Optimizing lut $abc$11443$auto$blifparse.cc:525:parse_blif$11655.genblk1.genblk1.genblk1.genblk1.genblk1.genblk1.genblk1.lut4 (4 -> 1)
  Optimizing lut $abc$11443$auto$blifparse.cc:525:parse_blif$11655.genblk1.genblk1.genblk1.genblk1.genblk1.genblk1.genblk1.lut5 (4 -> 1)
  Optimizing lut $abc$11443$auto$blifparse.cc:525:parse_blif$11655.genblk1.genblk1.genblk1.genblk1.genblk1.genblk1.genblk1.lut6 (4 -> 1)
  Optimizing lut $abc$11443$auto$blifparse.cc:525:parse_blif$11655.genblk1.genblk1.genblk1.genblk1.genblk1.genblk1.genblk1.lut7 (4 -> 1)
  Optimizing lut $abc$11443$auto$blifparse.cc:525:parse_blif$11621.genblk1.genblk1.genblk1.genblk1.genblk1.lut1 (4 -> 1)
  Optimizing lut $abc$11443$auto$blifparse.cc:525:parse_blif$11654.genblk1.genblk1.genblk1.genblk1.genblk1.genblk1.genblk1.lut2 (4 -> 1)
  Optimizing lut $abc$11443$auto$blifparse.cc:525:parse_blif$11654.genblk1.genblk1.genblk1.genblk1.genblk1.genblk1.genblk1.lut3 (4 -> 1)
  Optimizing lut $abc$11443$auto$blifparse.cc:525:parse_blif$11654.genblk1.genblk1.genblk1.genblk1.genblk1.genblk1.genblk1.lut4 (4 -> 1)
  Optimizing lut $abc$11443$auto$blifparse.cc:525:parse_blif$11654.genblk1.genblk1.genblk1.genblk1.genblk1.genblk1.genblk1.lut5 (4 -> 1)
  Optimizing lut $abc$11443$auto$blifparse.cc:525:parse_blif$11654.genblk1.genblk1.genblk1.genblk1.genblk1.genblk1.genblk1.lut6 (4 -> 1)
  Optimizing lut $abc$11443$auto$blifparse.cc:525:parse_blif$11654.genblk1.genblk1.genblk1.genblk1.genblk1.genblk1.genblk1.lut7 (4 -> 1)
  Optimizing lut $abc$11443$auto$blifparse.cc:525:parse_blif$11727.genblk1.genblk1.genblk1.genblk1.genblk1.genblk1.genblk1.lut2 (4 -> 0)
  Optimizing lut $abc$11443$auto$blifparse.cc:525:parse_blif$11727.genblk1.genblk1.genblk1.genblk1.genblk1.genblk1.genblk1.lut3 (4 -> 0)
  Optimizing lut $abc$11443$auto$blifparse.cc:525:parse_blif$11727.genblk1.genblk1.genblk1.genblk1.genblk1.genblk1.genblk1.lut4 (4 -> 0)
  Optimizing lut $abc$11443$auto$blifparse.cc:525:parse_blif$11727.genblk1.genblk1.genblk1.genblk1.genblk1.genblk1.genblk1.lut5 (4 -> 0)
  Optimizing lut $abc$11443$auto$blifparse.cc:525:parse_blif$11727.genblk1.genblk1.genblk1.genblk1.genblk1.genblk1.genblk1.lut6 (4 -> 0)
  Optimizing lut $abc$11443$auto$blifparse.cc:525:parse_blif$11727.genblk1.genblk1.genblk1.genblk1.genblk1.genblk1.genblk1.lut7 (4 -> 0)
  Optimizing lut $abc$11443$auto$blifparse.cc:525:parse_blif$11728.genblk1.genblk1.genblk1.genblk1.genblk1.genblk1.lut1 (4 -> 0)
  Optimizing lut $abc$11443$auto$blifparse.cc:525:parse_blif$11728.genblk1.genblk1.genblk1.genblk1.genblk1.genblk1.lut2 (4 -> 0)
  Optimizing lut $abc$11443$auto$blifparse.cc:525:parse_blif$11653.genblk1.genblk1.genblk1.genblk1.genblk1.genblk1.genblk1.lut2 (4 -> 1)
  Optimizing lut $abc$11443$auto$blifparse.cc:525:parse_blif$11653.genblk1.genblk1.genblk1.genblk1.genblk1.genblk1.genblk1.lut3 (4 -> 1)
  Optimizing lut $abc$11443$auto$blifparse.cc:525:parse_blif$11653.genblk1.genblk1.genblk1.genblk1.genblk1.genblk1.genblk1.lut4 (4 -> 1)
  Optimizing lut $abc$11443$auto$blifparse.cc:525:parse_blif$11653.genblk1.genblk1.genblk1.genblk1.genblk1.genblk1.genblk1.lut5 (4 -> 1)
  Optimizing lut $abc$11443$auto$blifparse.cc:525:parse_blif$11653.genblk1.genblk1.genblk1.genblk1.genblk1.genblk1.genblk1.lut6 (4 -> 1)
  Optimizing lut $abc$11443$auto$blifparse.cc:525:parse_blif$11653.genblk1.genblk1.genblk1.genblk1.genblk1.genblk1.genblk1.lut7 (4 -> 1)
  Optimizing lut $abc$11443$auto$blifparse.cc:525:parse_blif$11619.genblk1.genblk1.genblk1.genblk1.genblk1.lut1 (4 -> 1)
  Optimizing lut $abc$11443$auto$blifparse.cc:525:parse_blif$11652.genblk1.genblk1.genblk1.genblk1.genblk1.genblk1.genblk1.lut2 (4 -> 1)
  Optimizing lut $abc$11443$auto$blifparse.cc:525:parse_blif$11652.genblk1.genblk1.genblk1.genblk1.genblk1.genblk1.genblk1.lut3 (4 -> 1)
  Optimizing lut $abc$11443$auto$blifparse.cc:525:parse_blif$11652.genblk1.genblk1.genblk1.genblk1.genblk1.genblk1.genblk1.lut4 (4 -> 1)
  Optimizing lut $abc$11443$auto$blifparse.cc:525:parse_blif$11652.genblk1.genblk1.genblk1.genblk1.genblk1.genblk1.genblk1.lut5 (4 -> 1)
  Optimizing lut $abc$11443$auto$blifparse.cc:525:parse_blif$11652.genblk1.genblk1.genblk1.genblk1.genblk1.genblk1.genblk1.lut6 (4 -> 1)
  Optimizing lut $abc$11443$auto$blifparse.cc:525:parse_blif$11652.genblk1.genblk1.genblk1.genblk1.genblk1.genblk1.genblk1.lut7 (4 -> 1)
  Optimizing lut $abc$11443$auto$blifparse.cc:525:parse_blif$11651.genblk1.genblk1.genblk1.genblk1.genblk1.genblk1.genblk1.lut2 (4 -> 1)
  Optimizing lut $abc$11443$auto$blifparse.cc:525:parse_blif$11651.genblk1.genblk1.genblk1.genblk1.genblk1.genblk1.genblk1.lut3 (4 -> 1)
  Optimizing lut $abc$11443$auto$blifparse.cc:525:parse_blif$11651.genblk1.genblk1.genblk1.genblk1.genblk1.genblk1.genblk1.lut4 (4 -> 1)
  Optimizing lut $abc$11443$auto$blifparse.cc:525:parse_blif$11651.genblk1.genblk1.genblk1.genblk1.genblk1.genblk1.genblk1.lut5 (4 -> 1)
  Optimizing lut $abc$11443$auto$blifparse.cc:525:parse_blif$11651.genblk1.genblk1.genblk1.genblk1.genblk1.genblk1.genblk1.lut6 (4 -> 1)
  Optimizing lut $abc$11443$auto$blifparse.cc:525:parse_blif$11651.genblk1.genblk1.genblk1.genblk1.genblk1.genblk1.genblk1.lut7 (4 -> 1)
  Optimizing lut $abc$11443$auto$blifparse.cc:525:parse_blif$11617.genblk1.genblk1.genblk1.genblk1.genblk1.lut1 (4 -> 1)
  Optimizing lut $abc$11443$auto$blifparse.cc:525:parse_blif$11650.genblk1.genblk1.genblk1.genblk1.genblk1.genblk1.genblk1.lut2 (4 -> 1)
  Optimizing lut $abc$11443$auto$blifparse.cc:525:parse_blif$11650.genblk1.genblk1.genblk1.genblk1.genblk1.genblk1.genblk1.lut3 (4 -> 1)
  Optimizing lut $abc$11443$auto$blifparse.cc:525:parse_blif$11650.genblk1.genblk1.genblk1.genblk1.genblk1.genblk1.genblk1.lut4 (4 -> 1)
  Optimizing lut $abc$11443$auto$blifparse.cc:525:parse_blif$11650.genblk1.genblk1.genblk1.genblk1.genblk1.genblk1.genblk1.lut5 (4 -> 1)
  Optimizing lut $abc$11443$auto$blifparse.cc:525:parse_blif$11650.genblk1.genblk1.genblk1.genblk1.genblk1.genblk1.genblk1.lut6 (4 -> 1)
  Optimizing lut $abc$11443$auto$blifparse.cc:525:parse_blif$11650.genblk1.genblk1.genblk1.genblk1.genblk1.genblk1.genblk1.lut7 (4 -> 1)
  Optimizing lut $abc$11443$auto$blifparse.cc:525:parse_blif$11616.genblk1.genblk1.genblk1.genblk1.genblk1.lut1 (4 -> 1)
  Optimizing lut $abc$11443$auto$blifparse.cc:525:parse_blif$11649.genblk1.genblk1.genblk1.genblk1.genblk1.genblk1.genblk1.lut2 (4 -> 1)
  Optimizing lut $abc$11443$auto$blifparse.cc:525:parse_blif$11649.genblk1.genblk1.genblk1.genblk1.genblk1.genblk1.genblk1.lut3 (4 -> 1)
  Optimizing lut $abc$11443$auto$blifparse.cc:525:parse_blif$11649.genblk1.genblk1.genblk1.genblk1.genblk1.genblk1.genblk1.lut4 (4 -> 1)
  Optimizing lut $abc$11443$auto$blifparse.cc:525:parse_blif$11649.genblk1.genblk1.genblk1.genblk1.genblk1.genblk1.genblk1.lut5 (4 -> 1)
  Optimizing lut $abc$11443$auto$blifparse.cc:525:parse_blif$11649.genblk1.genblk1.genblk1.genblk1.genblk1.genblk1.genblk1.lut6 (4 -> 1)
  Optimizing lut $abc$11443$auto$blifparse.cc:525:parse_blif$11649.genblk1.genblk1.genblk1.genblk1.genblk1.genblk1.genblk1.lut7 (4 -> 1)
  Optimizing lut $abc$11443$auto$blifparse.cc:525:parse_blif$11648.genblk1.genblk1.genblk1.genblk1.genblk1.genblk1.genblk1.lut1 (4 -> 3)
  Optimizing lut $abc$11443$auto$blifparse.cc:525:parse_blif$11648.genblk1.genblk1.genblk1.genblk1.genblk1.genblk1.genblk1.lut2 (4 -> 1)
  Optimizing lut $abc$11443$auto$blifparse.cc:525:parse_blif$11648.genblk1.genblk1.genblk1.genblk1.genblk1.genblk1.genblk1.lut3 (4 -> 1)
  Optimizing lut $abc$11443$auto$blifparse.cc:525:parse_blif$11648.genblk1.genblk1.genblk1.genblk1.genblk1.genblk1.genblk1.lut4 (4 -> 1)
  Optimizing lut $abc$11443$auto$blifparse.cc:525:parse_blif$11648.genblk1.genblk1.genblk1.genblk1.genblk1.genblk1.genblk1.lut5 (4 -> 1)
  Optimizing lut $abc$11443$auto$blifparse.cc:525:parse_blif$11648.genblk1.genblk1.genblk1.genblk1.genblk1.genblk1.genblk1.lut6 (4 -> 1)
  Optimizing lut $abc$11443$auto$blifparse.cc:525:parse_blif$11648.genblk1.genblk1.genblk1.genblk1.genblk1.genblk1.genblk1.lut7 (4 -> 1)
  Optimizing lut $abc$11443$auto$blifparse.cc:525:parse_blif$11614.genblk1.genblk1.genblk1.genblk1.genblk1.lut1 (4 -> 1)
  Optimizing lut $abc$11443$auto$blifparse.cc:525:parse_blif$11647.genblk1.genblk1.genblk1.genblk1.genblk1.genblk1.genblk1.lut2 (4 -> 1)
  Optimizing lut $abc$11443$auto$blifparse.cc:525:parse_blif$11647.genblk1.genblk1.genblk1.genblk1.genblk1.genblk1.genblk1.lut3 (4 -> 1)
  Optimizing lut $abc$11443$auto$blifparse.cc:525:parse_blif$11647.genblk1.genblk1.genblk1.genblk1.genblk1.genblk1.genblk1.lut4 (4 -> 1)
  Optimizing lut $abc$11443$auto$blifparse.cc:525:parse_blif$11647.genblk1.genblk1.genblk1.genblk1.genblk1.genblk1.genblk1.lut5 (4 -> 1)
  Optimizing lut $abc$11443$auto$blifparse.cc:525:parse_blif$11647.genblk1.genblk1.genblk1.genblk1.genblk1.genblk1.genblk1.lut6 (4 -> 1)
  Optimizing lut $abc$11443$auto$blifparse.cc:525:parse_blif$11647.genblk1.genblk1.genblk1.genblk1.genblk1.genblk1.genblk1.lut7 (4 -> 1)
  Optimizing lut $abc$11443$auto$blifparse.cc:525:parse_blif$11613.genblk1.genblk1.genblk1.genblk1.genblk1.lut1 (4 -> 1)
  Optimizing lut $abc$11443$auto$blifparse.cc:525:parse_blif$11646.genblk1.genblk1.genblk1.genblk1.genblk1.genblk1.genblk1.lut1 (4 -> 3)
  Optimizing lut $abc$11443$auto$blifparse.cc:525:parse_blif$11646.genblk1.genblk1.genblk1.genblk1.genblk1.genblk1.genblk1.lut2 (4 -> 1)
  Optimizing lut $abc$11443$auto$blifparse.cc:525:parse_blif$11646.genblk1.genblk1.genblk1.genblk1.genblk1.genblk1.genblk1.lut3 (4 -> 1)
  Optimizing lut $abc$11443$auto$blifparse.cc:525:parse_blif$11646.genblk1.genblk1.genblk1.genblk1.genblk1.genblk1.genblk1.lut4 (4 -> 1)
  Optimizing lut $abc$11443$auto$blifparse.cc:525:parse_blif$11646.genblk1.genblk1.genblk1.genblk1.genblk1.genblk1.genblk1.lut5 (4 -> 1)
  Optimizing lut $abc$11443$auto$blifparse.cc:525:parse_blif$11646.genblk1.genblk1.genblk1.genblk1.genblk1.genblk1.genblk1.lut6 (4 -> 1)
  Optimizing lut $abc$11443$auto$blifparse.cc:525:parse_blif$11646.genblk1.genblk1.genblk1.genblk1.genblk1.genblk1.genblk1.lut7 (4 -> 1)
  Optimizing lut $abc$11443$auto$blifparse.cc:525:parse_blif$11612.genblk1.genblk1.genblk1.genblk1.genblk1.lut1 (4 -> 1)
  Optimizing lut $abc$11443$auto$blifparse.cc:525:parse_blif$11645.genblk1.genblk1.genblk1.genblk1.genblk1.genblk1.genblk1.lut2 (4 -> 1)
  Optimizing lut $abc$11443$auto$blifparse.cc:525:parse_blif$11645.genblk1.genblk1.genblk1.genblk1.genblk1.genblk1.genblk1.lut3 (4 -> 1)
  Optimizing lut $abc$11443$auto$blifparse.cc:525:parse_blif$11645.genblk1.genblk1.genblk1.genblk1.genblk1.genblk1.genblk1.lut4 (4 -> 1)
  Optimizing lut $abc$11443$auto$blifparse.cc:525:parse_blif$11645.genblk1.genblk1.genblk1.genblk1.genblk1.genblk1.genblk1.lut5 (4 -> 1)
  Optimizing lut $abc$11443$auto$blifparse.cc:525:parse_blif$11645.genblk1.genblk1.genblk1.genblk1.genblk1.genblk1.genblk1.lut6 (4 -> 1)
  Optimizing lut $abc$11443$auto$blifparse.cc:525:parse_blif$11645.genblk1.genblk1.genblk1.genblk1.genblk1.genblk1.genblk1.lut7 (4 -> 1)
  Optimizing lut $abc$11443$auto$blifparse.cc:525:parse_blif$11611.genblk1.genblk1.genblk1.genblk1.genblk1.lut1 (4 -> 1)
  Optimizing lut $abc$11443$auto$blifparse.cc:525:parse_blif$11644.genblk1.genblk1.genblk1.genblk1.genblk1.genblk1.genblk1.lut1 (4 -> 3)
  Optimizing lut $abc$11443$auto$blifparse.cc:525:parse_blif$11644.genblk1.genblk1.genblk1.genblk1.genblk1.genblk1.genblk1.lut2 (4 -> 1)
  Optimizing lut $abc$11443$auto$blifparse.cc:525:parse_blif$11644.genblk1.genblk1.genblk1.genblk1.genblk1.genblk1.genblk1.lut3 (4 -> 1)
  Optimizing lut $abc$11443$auto$blifparse.cc:525:parse_blif$11644.genblk1.genblk1.genblk1.genblk1.genblk1.genblk1.genblk1.lut4 (4 -> 1)
  Optimizing lut $abc$11443$auto$blifparse.cc:525:parse_blif$11644.genblk1.genblk1.genblk1.genblk1.genblk1.genblk1.genblk1.lut5 (4 -> 1)
  Optimizing lut $abc$11443$auto$blifparse.cc:525:parse_blif$11644.genblk1.genblk1.genblk1.genblk1.genblk1.genblk1.genblk1.lut6 (4 -> 1)
  Optimizing lut $abc$11443$auto$blifparse.cc:525:parse_blif$11644.genblk1.genblk1.genblk1.genblk1.genblk1.genblk1.genblk1.lut7 (4 -> 1)
  Optimizing lut $abc$11443$auto$blifparse.cc:525:parse_blif$11643.genblk1.genblk1.genblk1.genblk1.genblk1.genblk1.genblk1.lut2 (4 -> 1)
  Optimizing lut $abc$11443$auto$blifparse.cc:525:parse_blif$11643.genblk1.genblk1.genblk1.genblk1.genblk1.genblk1.genblk1.lut3 (4 -> 1)
  Optimizing lut $abc$11443$auto$blifparse.cc:525:parse_blif$11643.genblk1.genblk1.genblk1.genblk1.genblk1.genblk1.genblk1.lut4 (4 -> 1)
  Optimizing lut $abc$11443$auto$blifparse.cc:525:parse_blif$11643.genblk1.genblk1.genblk1.genblk1.genblk1.genblk1.genblk1.lut5 (4 -> 1)
  Optimizing lut $abc$11443$auto$blifparse.cc:525:parse_blif$11643.genblk1.genblk1.genblk1.genblk1.genblk1.genblk1.genblk1.lut6 (4 -> 1)
  Optimizing lut $abc$11443$auto$blifparse.cc:525:parse_blif$11643.genblk1.genblk1.genblk1.genblk1.genblk1.genblk1.genblk1.lut7 (4 -> 1)
  Optimizing lut $abc$11443$auto$blifparse.cc:525:parse_blif$11609.genblk1.genblk1.genblk1.genblk1.genblk1.lut1 (4 -> 1)
  Optimizing lut $abc$11443$auto$blifparse.cc:525:parse_blif$11642.genblk1.genblk1.genblk1.genblk1.genblk1.genblk1.genblk1.lut2 (4 -> 1)
  Optimizing lut $abc$11443$auto$blifparse.cc:525:parse_blif$11642.genblk1.genblk1.genblk1.genblk1.genblk1.genblk1.genblk1.lut3 (4 -> 1)
  Optimizing lut $abc$11443$auto$blifparse.cc:525:parse_blif$11642.genblk1.genblk1.genblk1.genblk1.genblk1.genblk1.genblk1.lut4 (4 -> 1)
  Optimizing lut $abc$11443$auto$blifparse.cc:525:parse_blif$11642.genblk1.genblk1.genblk1.genblk1.genblk1.genblk1.genblk1.lut5 (4 -> 1)
  Optimizing lut $abc$11443$auto$blifparse.cc:525:parse_blif$11642.genblk1.genblk1.genblk1.genblk1.genblk1.genblk1.genblk1.lut6 (4 -> 1)
  Optimizing lut $abc$11443$auto$blifparse.cc:525:parse_blif$11642.genblk1.genblk1.genblk1.genblk1.genblk1.genblk1.genblk1.lut7 (4 -> 1)
  Optimizing lut $abc$11443$auto$blifparse.cc:525:parse_blif$11608.genblk1.genblk1.genblk1.genblk1.genblk1.lut1 (4 -> 1)
  Optimizing lut $abc$11443$auto$blifparse.cc:525:parse_blif$11641.genblk1.genblk1.genblk1.genblk1.genblk1.genblk1.genblk1.lut1 (4 -> 3)
  Optimizing lut $abc$11443$auto$blifparse.cc:525:parse_blif$11641.genblk1.genblk1.genblk1.genblk1.genblk1.genblk1.genblk1.lut2 (4 -> 1)
  Optimizing lut $abc$11443$auto$blifparse.cc:525:parse_blif$11641.genblk1.genblk1.genblk1.genblk1.genblk1.genblk1.genblk1.lut3 (4 -> 1)
  Optimizing lut $abc$11443$auto$blifparse.cc:525:parse_blif$11641.genblk1.genblk1.genblk1.genblk1.genblk1.genblk1.genblk1.lut4 (4 -> 1)
  Optimizing lut $abc$11443$auto$blifparse.cc:525:parse_blif$11641.genblk1.genblk1.genblk1.genblk1.genblk1.genblk1.genblk1.lut5 (4 -> 1)
  Optimizing lut $abc$11443$auto$blifparse.cc:525:parse_blif$11641.genblk1.genblk1.genblk1.genblk1.genblk1.genblk1.genblk1.lut6 (4 -> 1)
  Optimizing lut $abc$11443$auto$blifparse.cc:525:parse_blif$11641.genblk1.genblk1.genblk1.genblk1.genblk1.genblk1.genblk1.lut7 (4 -> 1)
  Optimizing lut $abc$11443$auto$blifparse.cc:525:parse_blif$11755.genblk1.genblk1.genblk1.genblk1.genblk1.genblk1.genblk1.lut2 (4 -> 0)
  Optimizing lut $abc$11443$auto$blifparse.cc:525:parse_blif$11755.genblk1.genblk1.genblk1.genblk1.genblk1.genblk1.genblk1.lut3 (4 -> 0)
  Optimizing lut $abc$11443$auto$blifparse.cc:525:parse_blif$11755.genblk1.genblk1.genblk1.genblk1.genblk1.genblk1.genblk1.lut4 (4 -> 0)
  Optimizing lut $abc$11443$auto$blifparse.cc:525:parse_blif$11755.genblk1.genblk1.genblk1.genblk1.genblk1.genblk1.genblk1.lut5 (4 -> 0)
  Optimizing lut $abc$11443$auto$blifparse.cc:525:parse_blif$11755.genblk1.genblk1.genblk1.genblk1.genblk1.genblk1.genblk1.lut6 (4 -> 3)
  Optimizing lut $abc$11443$auto$blifparse.cc:525:parse_blif$11755.genblk1.genblk1.genblk1.genblk1.genblk1.genblk1.genblk1.lut7 (4 -> 3)
  Optimizing lut $abc$11443$auto$blifparse.cc:525:parse_blif$11749.genblk1.genblk1.genblk1.genblk1.genblk1.genblk1.genblk1.lut1 (4 -> 0)
  Optimizing lut $abc$11443$auto$blifparse.cc:525:parse_blif$11749.genblk1.genblk1.genblk1.genblk1.genblk1.genblk1.genblk1.lut2 (4 -> 0)
  Optimizing lut $abc$11443$auto$blifparse.cc:525:parse_blif$11749.genblk1.genblk1.genblk1.genblk1.genblk1.genblk1.genblk1.lut3 (4 -> 0)
  Optimizing lut $abc$11443$auto$blifparse.cc:525:parse_blif$11749.genblk1.genblk1.genblk1.genblk1.genblk1.genblk1.genblk1.lut4 (4 -> 0)
  Optimizing lut $abc$11443$auto$blifparse.cc:525:parse_blif$11749.genblk1.genblk1.genblk1.genblk1.genblk1.genblk1.genblk1.lut5 (4 -> 0)
  Optimizing lut $abc$11443$auto$blifparse.cc:525:parse_blif$11749.genblk1.genblk1.genblk1.genblk1.genblk1.genblk1.genblk1.lut6 (4 -> 3)
  Optimizing lut $abc$11443$auto$blifparse.cc:525:parse_blif$11749.genblk1.genblk1.genblk1.genblk1.genblk1.genblk1.genblk1.lut7 (4 -> 3)
  Optimizing lut $abc$11443$auto$blifparse.cc:525:parse_blif$11752.genblk1.genblk1.genblk1.genblk1.genblk1.genblk1.genblk1.lut2 (4 -> 0)
  Optimizing lut $abc$11443$auto$blifparse.cc:525:parse_blif$11752.genblk1.genblk1.genblk1.genblk1.genblk1.genblk1.genblk1.lut3 (4 -> 0)
  Optimizing lut $abc$11443$auto$blifparse.cc:525:parse_blif$11752.genblk1.genblk1.genblk1.genblk1.genblk1.genblk1.genblk1.lut4 (4 -> 0)
  Optimizing lut $abc$11443$auto$blifparse.cc:525:parse_blif$11752.genblk1.genblk1.genblk1.genblk1.genblk1.genblk1.genblk1.lut5 (4 -> 0)
  Optimizing lut $abc$11443$auto$blifparse.cc:525:parse_blif$11752.genblk1.genblk1.genblk1.genblk1.genblk1.genblk1.genblk1.lut6 (4 -> 3)
  Optimizing lut $abc$11443$auto$blifparse.cc:525:parse_blif$11752.genblk1.genblk1.genblk1.genblk1.genblk1.genblk1.genblk1.lut7 (4 -> 3)
  Optimizing lut $abc$11443$auto$blifparse.cc:525:parse_blif$11601.genblk1.genblk1.genblk1.genblk1.genblk1.lut1 (4 -> 1)
  Optimizing lut $abc$11443$auto$blifparse.cc:525:parse_blif$11640.genblk1.genblk1.genblk1.genblk1.genblk1.genblk1.genblk1.lut1 (4 -> 3)
  Optimizing lut $abc$11443$auto$blifparse.cc:525:parse_blif$11640.genblk1.genblk1.genblk1.genblk1.genblk1.genblk1.genblk1.lut2 (4 -> 1)
  Optimizing lut $abc$11443$auto$blifparse.cc:525:parse_blif$11640.genblk1.genblk1.genblk1.genblk1.genblk1.genblk1.genblk1.lut3 (4 -> 1)
  Optimizing lut $abc$11443$auto$blifparse.cc:525:parse_blif$11640.genblk1.genblk1.genblk1.genblk1.genblk1.genblk1.genblk1.lut4 (4 -> 1)
  Optimizing lut $abc$11443$auto$blifparse.cc:525:parse_blif$11640.genblk1.genblk1.genblk1.genblk1.genblk1.genblk1.genblk1.lut5 (4 -> 1)
  Optimizing lut $abc$11443$auto$blifparse.cc:525:parse_blif$11640.genblk1.genblk1.genblk1.genblk1.genblk1.genblk1.genblk1.lut6 (4 -> 1)
  Optimizing lut $abc$11443$auto$blifparse.cc:525:parse_blif$11640.genblk1.genblk1.genblk1.genblk1.genblk1.genblk1.genblk1.lut7 (4 -> 1)
  Optimizing lut $abc$11443$auto$blifparse.cc:525:parse_blif$11606.genblk1.genblk1.genblk1.genblk1.genblk1.lut1 (4 -> 1)
  Optimizing lut $abc$11443$auto$blifparse.cc:525:parse_blif$11639.genblk1.genblk1.genblk1.genblk1.genblk1.genblk1.genblk1.lut2 (4 -> 1)
  Optimizing lut $abc$11443$auto$blifparse.cc:525:parse_blif$11639.genblk1.genblk1.genblk1.genblk1.genblk1.genblk1.genblk1.lut3 (4 -> 1)
  Optimizing lut $abc$11443$auto$blifparse.cc:525:parse_blif$11639.genblk1.genblk1.genblk1.genblk1.genblk1.genblk1.genblk1.lut4 (4 -> 1)
  Optimizing lut $abc$11443$auto$blifparse.cc:525:parse_blif$11639.genblk1.genblk1.genblk1.genblk1.genblk1.genblk1.genblk1.lut5 (4 -> 1)
  Optimizing lut $abc$11443$auto$blifparse.cc:525:parse_blif$11639.genblk1.genblk1.genblk1.genblk1.genblk1.genblk1.genblk1.lut6 (4 -> 1)
  Optimizing lut $abc$11443$auto$blifparse.cc:525:parse_blif$11639.genblk1.genblk1.genblk1.genblk1.genblk1.genblk1.genblk1.lut7 (4 -> 1)
  Optimizing lut $abc$11443$auto$blifparse.cc:525:parse_blif$11605.genblk1.genblk1.genblk1.genblk1.genblk1.lut1 (4 -> 1)
  Optimizing lut $abc$11443$auto$blifparse.cc:525:parse_blif$11746.genblk1.genblk1.genblk1.genblk1.genblk1.genblk1.genblk1.lut2 (4 -> 0)
  Optimizing lut $abc$11443$auto$blifparse.cc:525:parse_blif$11746.genblk1.genblk1.genblk1.genblk1.genblk1.genblk1.genblk1.lut3 (4 -> 0)
  Optimizing lut $abc$11443$auto$blifparse.cc:525:parse_blif$11746.genblk1.genblk1.genblk1.genblk1.genblk1.genblk1.genblk1.lut4 (4 -> 0)
  Optimizing lut $abc$11443$auto$blifparse.cc:525:parse_blif$11746.genblk1.genblk1.genblk1.genblk1.genblk1.genblk1.genblk1.lut5 (4 -> 0)
  Optimizing lut $abc$11443$auto$blifparse.cc:525:parse_blif$11746.genblk1.genblk1.genblk1.genblk1.genblk1.genblk1.genblk1.lut6 (4 -> 3)
  Optimizing lut $abc$11443$auto$blifparse.cc:525:parse_blif$11746.genblk1.genblk1.genblk1.genblk1.genblk1.genblk1.genblk1.lut7 (4 -> 3)
  Optimizing lut $abc$11443$auto$blifparse.cc:525:parse_blif$11638.genblk1.genblk1.genblk1.genblk1.genblk1.genblk1.genblk1.lut1 (4 -> 3)
  Optimizing lut $abc$11443$auto$blifparse.cc:525:parse_blif$11638.genblk1.genblk1.genblk1.genblk1.genblk1.genblk1.genblk1.lut2 (4 -> 1)
  Optimizing lut $abc$11443$auto$blifparse.cc:525:parse_blif$11638.genblk1.genblk1.genblk1.genblk1.genblk1.genblk1.genblk1.lut3 (4 -> 1)
  Optimizing lut $abc$11443$auto$blifparse.cc:525:parse_blif$11638.genblk1.genblk1.genblk1.genblk1.genblk1.genblk1.genblk1.lut4 (4 -> 1)
  Optimizing lut $abc$11443$auto$blifparse.cc:525:parse_blif$11638.genblk1.genblk1.genblk1.genblk1.genblk1.genblk1.genblk1.lut5 (4 -> 1)
  Optimizing lut $abc$11443$auto$blifparse.cc:525:parse_blif$11638.genblk1.genblk1.genblk1.genblk1.genblk1.genblk1.genblk1.lut6 (4 -> 1)
  Optimizing lut $abc$11443$auto$blifparse.cc:525:parse_blif$11638.genblk1.genblk1.genblk1.genblk1.genblk1.genblk1.genblk1.lut7 (4 -> 1)
  Optimizing lut $abc$11443$auto$blifparse.cc:525:parse_blif$11496.genblk1.genblk1.genblk1.genblk1.genblk1.genblk1.lut1 (4 -> 0)
  Optimizing lut $abc$11443$auto$blifparse.cc:525:parse_blif$11496.genblk1.genblk1.genblk1.genblk1.genblk1.genblk1.lut2 (4 -> 2)
  Optimizing lut $abc$11443$auto$blifparse.cc:525:parse_blif$11496.genblk1.genblk1.genblk1.genblk1.genblk1.genblk1.lut3 (4 -> 2)
  Optimizing lut $abc$11443$auto$blifparse.cc:525:parse_blif$11741.genblk1.genblk1.genblk1.genblk1.genblk1.genblk1.lut3 (4 -> 0)
  Optimizing lut $abc$11443$auto$blifparse.cc:525:parse_blif$11743.genblk1.genblk1.genblk1.genblk1.genblk1.genblk1.genblk1.lut2 (4 -> 0)
  Optimizing lut $abc$11443$auto$blifparse.cc:525:parse_blif$11743.genblk1.genblk1.genblk1.genblk1.genblk1.genblk1.genblk1.lut3 (4 -> 0)
  Optimizing lut $abc$11443$auto$blifparse.cc:525:parse_blif$11743.genblk1.genblk1.genblk1.genblk1.genblk1.genblk1.genblk1.lut4 (4 -> 0)
  Optimizing lut $abc$11443$auto$blifparse.cc:525:parse_blif$11743.genblk1.genblk1.genblk1.genblk1.genblk1.genblk1.genblk1.lut5 (4 -> 0)
  Optimizing lut $abc$11443$auto$blifparse.cc:525:parse_blif$11743.genblk1.genblk1.genblk1.genblk1.genblk1.genblk1.genblk1.lut6 (4 -> 3)
  Optimizing lut $abc$11443$auto$blifparse.cc:525:parse_blif$11743.genblk1.genblk1.genblk1.genblk1.genblk1.genblk1.genblk1.lut7 (4 -> 3)
  Optimizing lut $abc$11443$auto$blifparse.cc:525:parse_blif$11709.genblk1.genblk1.genblk1.genblk1.genblk1.genblk1.lut3 (4 -> 0)
  Optimizing lut $abc$11443$auto$blifparse.cc:525:parse_blif$11737.genblk1.genblk1.genblk1.genblk1.genblk1.genblk1.lut3 (4 -> 0)
  Optimizing lut $abc$11443$auto$blifparse.cc:525:parse_blif$11739.genblk1.genblk1.genblk1.genblk1.genblk1.genblk1.genblk1.lut2 (4 -> 0)
  Optimizing lut $abc$11443$auto$blifparse.cc:525:parse_blif$11739.genblk1.genblk1.genblk1.genblk1.genblk1.genblk1.genblk1.lut3 (4 -> 0)
  Optimizing lut $abc$11443$auto$blifparse.cc:525:parse_blif$11739.genblk1.genblk1.genblk1.genblk1.genblk1.genblk1.genblk1.lut4 (4 -> 0)
  Optimizing lut $abc$11443$auto$blifparse.cc:525:parse_blif$11739.genblk1.genblk1.genblk1.genblk1.genblk1.genblk1.genblk1.lut5 (4 -> 0)
  Optimizing lut $abc$11443$auto$blifparse.cc:525:parse_blif$11739.genblk1.genblk1.genblk1.genblk1.genblk1.genblk1.genblk1.lut6 (4 -> 3)
  Optimizing lut $abc$11443$auto$blifparse.cc:525:parse_blif$11739.genblk1.genblk1.genblk1.genblk1.genblk1.genblk1.genblk1.lut7 (4 -> 3)
  Optimizing lut $abc$11443$auto$blifparse.cc:525:parse_blif$11540.genblk1.genblk1.genblk1.genblk1.genblk1.genblk1.lut1 (4 -> 2)
  Optimizing lut $abc$11443$auto$blifparse.cc:525:parse_blif$11540.genblk1.genblk1.genblk1.genblk1.genblk1.genblk1.lut2 (4 -> 2)
  Optimizing lut $abc$11443$auto$blifparse.cc:525:parse_blif$11540.genblk1.genblk1.genblk1.genblk1.genblk1.genblk1.lut3 (4 -> 2)
  Optimizing lut $abc$11443$auto$blifparse.cc:525:parse_blif$11479.genblk1.genblk1.genblk1.genblk1.genblk1.lut1 (4 -> 0)
  Optimizing lut $abc$11443$auto$blifparse.cc:525:parse_blif$11736.genblk1.genblk1.genblk1.genblk1.genblk1.genblk1.genblk1.lut2 (4 -> 0)
  Optimizing lut $abc$11443$auto$blifparse.cc:525:parse_blif$11736.genblk1.genblk1.genblk1.genblk1.genblk1.genblk1.genblk1.lut3 (4 -> 0)
  Optimizing lut $abc$11443$auto$blifparse.cc:525:parse_blif$11736.genblk1.genblk1.genblk1.genblk1.genblk1.genblk1.genblk1.lut4 (4 -> 0)
  Optimizing lut $abc$11443$auto$blifparse.cc:525:parse_blif$11736.genblk1.genblk1.genblk1.genblk1.genblk1.genblk1.genblk1.lut5 (4 -> 0)
  Optimizing lut $abc$11443$auto$blifparse.cc:525:parse_blif$11736.genblk1.genblk1.genblk1.genblk1.genblk1.genblk1.genblk1.lut6 (4 -> 3)
  Optimizing lut $abc$11443$auto$blifparse.cc:525:parse_blif$11736.genblk1.genblk1.genblk1.genblk1.genblk1.genblk1.genblk1.lut7 (4 -> 3)
  Optimizing lut $abc$11443$auto$blifparse.cc:525:parse_blif$11487.genblk1.genblk1.genblk1.genblk1.genblk1.genblk1.lut1 (4 -> 2)
  Optimizing lut $abc$11443$auto$blifparse.cc:525:parse_blif$11487.genblk1.genblk1.genblk1.genblk1.genblk1.genblk1.lut2 (4 -> 2)
  Optimizing lut $abc$11443$auto$blifparse.cc:525:parse_blif$11487.genblk1.genblk1.genblk1.genblk1.genblk1.genblk1.lut3 (4 -> 2)
  Optimizing lut $abc$11443$auto$blifparse.cc:525:parse_blif$11735.genblk1.genblk1.genblk1.genblk1.genblk1.genblk1.genblk1.lut2 (4 -> 0)
  Optimizing lut $abc$11443$auto$blifparse.cc:525:parse_blif$11735.genblk1.genblk1.genblk1.genblk1.genblk1.genblk1.genblk1.lut3 (4 -> 0)
  Optimizing lut $abc$11443$auto$blifparse.cc:525:parse_blif$11735.genblk1.genblk1.genblk1.genblk1.genblk1.genblk1.genblk1.lut4 (4 -> 0)
  Optimizing lut $abc$11443$auto$blifparse.cc:525:parse_blif$11735.genblk1.genblk1.genblk1.genblk1.genblk1.genblk1.genblk1.lut5 (4 -> 0)
  Optimizing lut $abc$11443$auto$blifparse.cc:525:parse_blif$11735.genblk1.genblk1.genblk1.genblk1.genblk1.genblk1.genblk1.lut6 (4 -> 3)
  Optimizing lut $abc$11443$auto$blifparse.cc:525:parse_blif$11735.genblk1.genblk1.genblk1.genblk1.genblk1.genblk1.genblk1.lut7 (4 -> 3)
  Optimizing lut $abc$11443$auto$blifparse.cc:525:parse_blif$11818.genblk1.genblk1.genblk1.genblk1.genblk1.lut1 (4 -> 3)
  Optimizing lut $abc$11443$auto$blifparse.cc:525:parse_blif$11454.genblk1.genblk1.genblk1.genblk1.genblk1.genblk1.lut3 (4 -> 0)
  Optimizing lut $abc$11443$auto$blifparse.cc:525:parse_blif$11453.genblk1.genblk1.genblk1.genblk1.genblk1.genblk1.lut1 (4 -> 0)
  Optimizing lut $abc$11443$auto$blifparse.cc:525:parse_blif$11453.genblk1.genblk1.genblk1.genblk1.genblk1.genblk1.lut3 (4 -> 0)
  Optimizing lut $abc$11443$auto$blifparse.cc:525:parse_blif$11452.genblk1.genblk1.genblk1.genblk1.genblk1.genblk1.lut1 (4 -> 2)
  Optimizing lut $abc$11443$auto$blifparse.cc:525:parse_blif$11452.genblk1.genblk1.genblk1.genblk1.genblk1.genblk1.lut2 (4 -> 2)
  Optimizing lut $abc$11443$auto$blifparse.cc:525:parse_blif$11452.genblk1.genblk1.genblk1.genblk1.genblk1.genblk1.lut3 (4 -> 2)
  Optimizing lut $abc$11443$auto$blifparse.cc:525:parse_blif$11448.genblk1.genblk1.genblk1.genblk1.genblk1.lut0 (4 -> 2)
  Optimizing lut $abc$11443$auto$blifparse.cc:525:parse_blif$11624.genblk1.genblk1.genblk1.genblk1.genblk1.lut1 (4 -> 1)
  Optimizing lut $abc$11443$auto$blifparse.cc:525:parse_blif$11448.genblk1.genblk1.genblk1.genblk1.genblk1.lut1 (4 -> 2)
  Optimizing lut $abc$11443$auto$blifparse.cc:525:parse_blif$11451.genblk1.genblk1.genblk1.genblk1.genblk1.lut0 (4 -> 0)
  Optimizing lut $abc$11443$auto$blifparse.cc:525:parse_blif$11452.genblk1.genblk1.genblk1.genblk1.genblk1.genblk1.lut0 (4 -> 2)
  Optimizing lut $abc$11443$auto$blifparse.cc:525:parse_blif$11453.genblk1.genblk1.genblk1.genblk1.genblk1.genblk1.lut0 (4 -> 0)
  Optimizing lut $abc$11443$auto$blifparse.cc:525:parse_blif$11454.genblk1.genblk1.genblk1.genblk1.genblk1.genblk1.lut0 (4 -> 0)
  Optimizing lut $abc$11443$auto$blifparse.cc:525:parse_blif$11454.genblk1.genblk1.genblk1.genblk1.genblk1.genblk1.lut1 (4 -> 0)
  Optimizing lut $abc$11443$auto$blifparse.cc:525:parse_blif$11476.genblk1.genblk1.genblk1.genblk1.genblk1.lut0 (4 -> 0)
  Optimizing lut $abc$11443$auto$blifparse.cc:525:parse_blif$11486.genblk1.genblk1.genblk1.genblk1.genblk1.lut0 (4 -> 0)
  Optimizing lut $abc$11443$auto$blifparse.cc:525:parse_blif$11487.genblk1.genblk1.genblk1.genblk1.genblk1.genblk1.lut0 (4 -> 2)
  Optimizing lut $abc$11443$auto$blifparse.cc:525:parse_blif$11650.genblk1.genblk1.genblk1.genblk1.genblk1.genblk1.genblk1.lut1 (4 -> 3)
  Optimizing lut $abc$11443$auto$blifparse.cc:525:parse_blif$11496.genblk1.genblk1.genblk1.genblk1.genblk1.genblk1.lut0 (4 -> 2)
  Optimizing lut $abc$11443$auto$blifparse.cc:525:parse_blif$11498.genblk1.genblk1.genblk1.genblk1.genblk1.lut0 (4 -> 3)
  Optimizing lut $abc$11443$auto$blifparse.cc:525:parse_blif$11500.genblk1.genblk1.genblk1.genblk1.genblk1.lut0 (4 -> 0)
  Optimizing lut $abc$11443$auto$blifparse.cc:525:parse_blif$11527.genblk1.genblk1.genblk1.genblk1.genblk1.lut0 (4 -> 0)
  Optimizing lut $abc$11443$auto$blifparse.cc:525:parse_blif$11528.genblk1.genblk1.genblk1.genblk1.genblk1.lut0 (4 -> 0)
  Optimizing lut $abc$11443$auto$blifparse.cc:525:parse_blif$11534.genblk1.genblk1.genblk1.genblk1.genblk1.lut0 (4 -> 0)
  Optimizing lut $abc$11443$auto$blifparse.cc:525:parse_blif$11540.genblk1.genblk1.genblk1.genblk1.genblk1.genblk1.lut0 (4 -> 2)
  Optimizing lut $abc$11443$auto$blifparse.cc:525:parse_blif$11542.genblk1.genblk1.genblk1.genblk1.genblk1.lut0 (4 -> 0)
  Optimizing lut $abc$11443$auto$blifparse.cc:525:parse_blif$11545.genblk1.genblk1.genblk1.genblk1.genblk1.lut0 (4 -> 0)
  Optimizing lut $abc$11443$auto$blifparse.cc:525:parse_blif$11546.genblk1.genblk1.genblk1.genblk1.genblk1.lut0 (4 -> 0)
  Optimizing lut $abc$11443$auto$blifparse.cc:525:parse_blif$11575.genblk1.genblk1.genblk1.genblk1.genblk1.lut1 (4 -> 3)
  Optimizing lut $abc$11443$auto$blifparse.cc:525:parse_blif$11561.genblk1.genblk1.genblk1.genblk1.genblk1.lut0 (4 -> 0)
  Optimizing lut $abc$11443$auto$blifparse.cc:525:parse_blif$11563.genblk1.genblk1.genblk1.genblk1.genblk1.lut0 (4 -> 0)
  Optimizing lut $abc$11443$auto$blifparse.cc:525:parse_blif$11565.genblk1.genblk1.genblk1.genblk1.genblk1.lut0 (4 -> 3)
  Optimizing lut $abc$11443$auto$blifparse.cc:525:parse_blif$11567.genblk1.genblk1.genblk1.genblk1.genblk1.lut0 (4 -> 0)
  Optimizing lut $abc$11443$auto$blifparse.cc:525:parse_blif$11575.genblk1.genblk1.genblk1.genblk1.genblk1.lut0 (4 -> 3)
  Optimizing lut $abc$11443$auto$blifparse.cc:525:parse_blif$11580.genblk1.genblk1.genblk1.genblk1.genblk1.lut0 (4 -> 3)
  Optimizing lut $abc$11443$auto$blifparse.cc:525:parse_blif$11581.genblk1.genblk1.genblk1.genblk1.genblk1.lut0 (4 -> 3)
  Optimizing lut $abc$11443$auto$blifparse.cc:525:parse_blif$11582.genblk1.genblk1.genblk1.genblk1.genblk1.lut0 (4 -> 3)
  Optimizing lut $abc$11443$auto$blifparse.cc:525:parse_blif$11583.genblk1.genblk1.genblk1.genblk1.genblk1.lut0 (4 -> 3)
  Optimizing lut $abc$11443$auto$blifparse.cc:525:parse_blif$11584.genblk1.genblk1.genblk1.genblk1.genblk1.lut0 (4 -> 3)
  Optimizing lut $abc$11443$auto$blifparse.cc:525:parse_blif$11585.genblk1.genblk1.genblk1.genblk1.genblk1.lut0 (4 -> 3)
  Optimizing lut $abc$11443$auto$blifparse.cc:525:parse_blif$11586.genblk1.genblk1.genblk1.genblk1.genblk1.lut0 (4 -> 3)
  Optimizing lut $abc$11443$auto$blifparse.cc:525:parse_blif$11587.genblk1.genblk1.genblk1.genblk1.genblk1.lut0 (4 -> 3)
  Optimizing lut $abc$11443$auto$blifparse.cc:525:parse_blif$11588.genblk1.genblk1.genblk1.genblk1.genblk1.lut0 (4 -> 3)
  Optimizing lut $abc$11443$auto$blifparse.cc:525:parse_blif$11589.genblk1.genblk1.genblk1.genblk1.genblk1.lut0 (4 -> 3)
  Optimizing lut $abc$11443$auto$blifparse.cc:525:parse_blif$11590.genblk1.genblk1.genblk1.genblk1.genblk1.lut0 (4 -> 3)
  Optimizing lut $abc$11443$auto$blifparse.cc:525:parse_blif$11591.genblk1.genblk1.genblk1.genblk1.genblk1.lut0 (4 -> 3)
  Optimizing lut $abc$11443$auto$blifparse.cc:525:parse_blif$11592.genblk1.genblk1.genblk1.genblk1.genblk1.lut0 (4 -> 3)
  Optimizing lut $abc$11443$auto$blifparse.cc:525:parse_blif$11593.genblk1.genblk1.genblk1.genblk1.genblk1.lut0 (4 -> 3)
  Optimizing lut $abc$11443$auto$blifparse.cc:525:parse_blif$11594.genblk1.genblk1.genblk1.genblk1.genblk1.lut0 (4 -> 3)
  Optimizing lut $abc$11443$auto$blifparse.cc:525:parse_blif$11595.genblk1.genblk1.genblk1.genblk1.genblk1.lut0 (4 -> 3)
  Optimizing lut $abc$11443$auto$blifparse.cc:525:parse_blif$11598.genblk1.genblk1.genblk1.genblk1.genblk1.lut1 (4 -> 1)
  Optimizing lut $abc$11443$auto$blifparse.cc:525:parse_blif$11598.genblk1.genblk1.genblk1.genblk1.genblk1.lut0 (4 -> 3)
  Optimizing lut $abc$11443$auto$blifparse.cc:525:parse_blif$11599.genblk1.genblk1.genblk1.genblk1.genblk1.lut0 (4 -> 3)
  Optimizing lut $abc$11443$auto$blifparse.cc:525:parse_blif$11600.genblk1.genblk1.genblk1.genblk1.genblk1.lut0 (4 -> 3)
  Optimizing lut $abc$11443$auto$blifparse.cc:525:parse_blif$11601.genblk1.genblk1.genblk1.genblk1.genblk1.lut0 (4 -> 3)
  Optimizing lut $abc$11443$auto$blifparse.cc:525:parse_blif$11602.genblk1.genblk1.genblk1.genblk1.genblk1.lut0 (4 -> 3)
  Optimizing lut $abc$11443$auto$blifparse.cc:525:parse_blif$11603.genblk1.genblk1.genblk1.genblk1.genblk1.lut0 (4 -> 3)
  Optimizing lut $abc$11443$auto$blifparse.cc:525:parse_blif$11604.genblk1.genblk1.genblk1.genblk1.genblk1.lut0 (4 -> 3)
  Optimizing lut $abc$11443$auto$blifparse.cc:525:parse_blif$11605.genblk1.genblk1.genblk1.genblk1.genblk1.lut0 (4 -> 3)
  Optimizing lut $abc$11443$auto$blifparse.cc:525:parse_blif$11606.genblk1.genblk1.genblk1.genblk1.genblk1.lut0 (4 -> 3)
  Optimizing lut $abc$11443$auto$blifparse.cc:525:parse_blif$11607.genblk1.genblk1.genblk1.genblk1.genblk1.lut0 (4 -> 3)
  Optimizing lut $abc$11443$auto$blifparse.cc:525:parse_blif$11608.genblk1.genblk1.genblk1.genblk1.genblk1.lut0 (4 -> 3)
  Optimizing lut $abc$11443$auto$blifparse.cc:525:parse_blif$11609.genblk1.genblk1.genblk1.genblk1.genblk1.lut0 (4 -> 3)
  Optimizing lut $abc$11443$auto$blifparse.cc:525:parse_blif$11610.genblk1.genblk1.genblk1.genblk1.genblk1.lut0 (4 -> 3)
  Optimizing lut $abc$11443$auto$blifparse.cc:525:parse_blif$11611.genblk1.genblk1.genblk1.genblk1.genblk1.lut0 (4 -> 3)
  Optimizing lut $abc$11443$auto$blifparse.cc:525:parse_blif$11612.genblk1.genblk1.genblk1.genblk1.genblk1.lut0 (4 -> 3)
  Optimizing lut $abc$11443$auto$blifparse.cc:525:parse_blif$11613.genblk1.genblk1.genblk1.genblk1.genblk1.lut0 (4 -> 3)
  Optimizing lut $abc$11443$auto$blifparse.cc:525:parse_blif$11614.genblk1.genblk1.genblk1.genblk1.genblk1.lut0 (4 -> 3)
  Optimizing lut $abc$11443$auto$blifparse.cc:525:parse_blif$11615.genblk1.genblk1.genblk1.genblk1.genblk1.lut0 (4 -> 3)
  Optimizing lut $abc$11443$auto$blifparse.cc:525:parse_blif$11616.genblk1.genblk1.genblk1.genblk1.genblk1.lut0 (4 -> 3)
  Optimizing lut $abc$11443$auto$blifparse.cc:525:parse_blif$11617.genblk1.genblk1.genblk1.genblk1.genblk1.lut0 (4 -> 3)
  Optimizing lut $abc$11443$auto$blifparse.cc:525:parse_blif$11618.genblk1.genblk1.genblk1.genblk1.genblk1.lut0 (4 -> 3)
  Optimizing lut $abc$11443$auto$blifparse.cc:525:parse_blif$11619.genblk1.genblk1.genblk1.genblk1.genblk1.lut0 (4 -> 3)
  Optimizing lut $abc$11443$auto$blifparse.cc:525:parse_blif$11620.genblk1.genblk1.genblk1.genblk1.genblk1.lut0 (4 -> 3)
  Optimizing lut $abc$11443$auto$blifparse.cc:525:parse_blif$11621.genblk1.genblk1.genblk1.genblk1.genblk1.lut0 (4 -> 3)
  Optimizing lut $abc$11443$auto$blifparse.cc:525:parse_blif$11622.genblk1.genblk1.genblk1.genblk1.genblk1.lut0 (4 -> 3)
  Optimizing lut $abc$11443$auto$blifparse.cc:525:parse_blif$11623.genblk1.genblk1.genblk1.genblk1.genblk1.lut0 (4 -> 3)
  Optimizing lut $abc$11443$auto$blifparse.cc:525:parse_blif$11624.genblk1.genblk1.genblk1.genblk1.genblk1.lut0 (4 -> 3)
  Optimizing lut $abc$11443$auto$blifparse.cc:525:parse_blif$11625.genblk1.genblk1.genblk1.genblk1.genblk1.lut0 (4 -> 3)
  Optimizing lut $abc$11443$auto$blifparse.cc:525:parse_blif$11626.genblk1.genblk1.genblk1.genblk1.genblk1.lut0 (4 -> 3)
  Optimizing lut $abc$11443$auto$blifparse.cc:525:parse_blif$11627.genblk1.genblk1.genblk1.genblk1.genblk1.lut0 (4 -> 3)
  Optimizing lut $abc$11443$auto$blifparse.cc:525:parse_blif$11595.genblk1.genblk1.genblk1.genblk1.genblk1.lut1 (4 -> 3)
  Optimizing lut $abc$11443$auto$blifparse.cc:525:parse_blif$11632.genblk1.genblk1.genblk1.genblk1.genblk1.lut1 (4 -> 3)
  Optimizing lut $abc$11443$auto$blifparse.cc:525:parse_blif$11632.genblk1.genblk1.genblk1.genblk1.genblk1.lut0 (4 -> 3)
  Optimizing lut $abc$11443$auto$blifparse.cc:525:parse_blif$11594.genblk1.genblk1.genblk1.genblk1.genblk1.lut1 (4 -> 3)
  Optimizing lut $abc$11443$auto$blifparse.cc:525:parse_blif$11635.genblk1.genblk1.genblk1.genblk1.genblk1.lut1 (4 -> 3)
  Optimizing lut $abc$11443$auto$blifparse.cc:525:parse_blif$11635.genblk1.genblk1.genblk1.genblk1.genblk1.lut0 (4 -> 3)
  Optimizing lut $abc$11443$auto$blifparse.cc:525:parse_blif$11593.genblk1.genblk1.genblk1.genblk1.genblk1.lut1 (4 -> 3)
  Optimizing lut $abc$11443$auto$blifparse.cc:525:parse_blif$11638.genblk1.genblk1.genblk1.genblk1.genblk1.genblk1.genblk1.lut0 (4 -> 3)
  Optimizing lut $abc$11443$auto$blifparse.cc:525:parse_blif$11639.genblk1.genblk1.genblk1.genblk1.genblk1.genblk1.genblk1.lut0 (4 -> 3)
  Optimizing lut $abc$11443$auto$blifparse.cc:525:parse_blif$11640.genblk1.genblk1.genblk1.genblk1.genblk1.genblk1.genblk1.lut0 (4 -> 3)
  Optimizing lut $abc$11443$auto$blifparse.cc:525:parse_blif$11641.genblk1.genblk1.genblk1.genblk1.genblk1.genblk1.genblk1.lut0 (4 -> 3)
  Optimizing lut $abc$11443$auto$blifparse.cc:525:parse_blif$11642.genblk1.genblk1.genblk1.genblk1.genblk1.genblk1.genblk1.lut0 (4 -> 3)
  Optimizing lut $abc$11443$auto$blifparse.cc:525:parse_blif$11643.genblk1.genblk1.genblk1.genblk1.genblk1.genblk1.genblk1.lut0 (4 -> 3)
  Optimizing lut $abc$11443$auto$blifparse.cc:525:parse_blif$11644.genblk1.genblk1.genblk1.genblk1.genblk1.genblk1.genblk1.lut0 (4 -> 3)
  Optimizing lut $abc$11443$auto$blifparse.cc:525:parse_blif$11645.genblk1.genblk1.genblk1.genblk1.genblk1.genblk1.genblk1.lut0 (4 -> 3)
  Optimizing lut $abc$11443$auto$blifparse.cc:525:parse_blif$11646.genblk1.genblk1.genblk1.genblk1.genblk1.genblk1.genblk1.lut0 (4 -> 3)
  Optimizing lut $abc$11443$auto$blifparse.cc:525:parse_blif$11647.genblk1.genblk1.genblk1.genblk1.genblk1.genblk1.genblk1.lut0 (4 -> 3)
  Optimizing lut $abc$11443$auto$blifparse.cc:525:parse_blif$11648.genblk1.genblk1.genblk1.genblk1.genblk1.genblk1.genblk1.lut0 (4 -> 3)
  Optimizing lut $abc$11443$auto$blifparse.cc:525:parse_blif$11649.genblk1.genblk1.genblk1.genblk1.genblk1.genblk1.genblk1.lut0 (4 -> 3)
  Optimizing lut $abc$11443$auto$blifparse.cc:525:parse_blif$11650.genblk1.genblk1.genblk1.genblk1.genblk1.genblk1.genblk1.lut0 (4 -> 3)
  Optimizing lut $abc$11443$auto$blifparse.cc:525:parse_blif$11651.genblk1.genblk1.genblk1.genblk1.genblk1.genblk1.genblk1.lut0 (4 -> 3)
  Optimizing lut $abc$11443$auto$blifparse.cc:525:parse_blif$11652.genblk1.genblk1.genblk1.genblk1.genblk1.genblk1.genblk1.lut0 (4 -> 3)
  Optimizing lut $abc$11443$auto$blifparse.cc:525:parse_blif$11653.genblk1.genblk1.genblk1.genblk1.genblk1.genblk1.genblk1.lut0 (4 -> 3)
  Optimizing lut $abc$11443$auto$blifparse.cc:525:parse_blif$11654.genblk1.genblk1.genblk1.genblk1.genblk1.genblk1.genblk1.lut0 (4 -> 3)
  Optimizing lut $abc$11443$auto$blifparse.cc:525:parse_blif$11655.genblk1.genblk1.genblk1.genblk1.genblk1.genblk1.genblk1.lut0 (4 -> 3)
  Optimizing lut $abc$11443$auto$blifparse.cc:525:parse_blif$11656.genblk1.genblk1.genblk1.genblk1.genblk1.genblk1.genblk1.lut0 (4 -> 3)
  Optimizing lut $abc$11443$auto$blifparse.cc:525:parse_blif$11657.genblk1.genblk1.genblk1.genblk1.genblk1.genblk1.genblk1.lut0 (4 -> 3)
  Optimizing lut $abc$11443$auto$blifparse.cc:525:parse_blif$11658.genblk1.genblk1.genblk1.genblk1.genblk1.genblk1.genblk1.lut0 (4 -> 3)
  Optimizing lut $abc$11443$auto$blifparse.cc:525:parse_blif$11659.genblk1.genblk1.genblk1.genblk1.genblk1.genblk1.genblk1.lut0 (4 -> 3)
  Optimizing lut $abc$11443$auto$blifparse.cc:525:parse_blif$11626.genblk1.genblk1.genblk1.genblk1.genblk1.lut1 (4 -> 1)
  Optimizing lut $abc$11443$auto$blifparse.cc:525:parse_blif$11627.genblk1.genblk1.genblk1.genblk1.genblk1.lut1 (4 -> 1)
  Optimizing lut $abc$11443$auto$blifparse.cc:525:parse_blif$11735.genblk1.genblk1.genblk1.genblk1.genblk1.genblk1.genblk1.lut1 (4 -> 0)
  Optimizing lut $abc$11443$auto$blifparse.cc:525:parse_blif$11737.genblk1.genblk1.genblk1.genblk1.genblk1.genblk1.lut1 (4 -> 0)
  Optimizing lut $abc$11443$auto$blifparse.cc:525:parse_blif$11741.genblk1.genblk1.genblk1.genblk1.genblk1.genblk1.lut1 (4 -> 0)
  Optimizing lut $abc$11443$auto$blifparse.cc:525:parse_blif$11603.genblk1.genblk1.genblk1.genblk1.genblk1.lut1 (4 -> 1)
  Optimizing lut $abc$11443$auto$blifparse.cc:525:parse_blif$11602.genblk1.genblk1.genblk1.genblk1.genblk1.lut1 (4 -> 1)
  Optimizing lut $abc$11443$auto$blifparse.cc:525:parse_blif$11639.genblk1.genblk1.genblk1.genblk1.genblk1.genblk1.genblk1.lut1 (4 -> 3)
  Optimizing lut $abc$11443$auto$blifparse.cc:525:parse_blif$11752.genblk1.genblk1.genblk1.genblk1.genblk1.genblk1.genblk1.lut1 (4 -> 0)
  Optimizing lut $abc$11443$auto$blifparse.cc:525:parse_blif$11642.genblk1.genblk1.genblk1.genblk1.genblk1.genblk1.genblk1.lut1 (4 -> 3)
  Optimizing lut $abc$11443$auto$blifparse.cc:525:parse_blif$11643.genblk1.genblk1.genblk1.genblk1.genblk1.genblk1.genblk1.lut1 (4 -> 3)
  Optimizing lut $abc$11443$auto$blifparse.cc:525:parse_blif$11645.genblk1.genblk1.genblk1.genblk1.genblk1.genblk1.genblk1.lut1 (4 -> 3)
  Optimizing lut $abc$11443$auto$blifparse.cc:525:parse_blif$11647.genblk1.genblk1.genblk1.genblk1.genblk1.genblk1.genblk1.lut1 (4 -> 3)
  Optimizing lut $abc$11443$auto$blifparse.cc:525:parse_blif$11649.genblk1.genblk1.genblk1.genblk1.genblk1.genblk1.genblk1.lut1 (4 -> 3)
  Optimizing lut $abc$11443$auto$blifparse.cc:525:parse_blif$11651.genblk1.genblk1.genblk1.genblk1.genblk1.genblk1.genblk1.lut1 (4 -> 3)
  Optimizing lut $abc$11443$auto$blifparse.cc:525:parse_blif$11653.genblk1.genblk1.genblk1.genblk1.genblk1.genblk1.genblk1.lut1 (4 -> 3)
  Optimizing lut $abc$11443$auto$blifparse.cc:525:parse_blif$11657.genblk1.genblk1.genblk1.genblk1.genblk1.genblk1.genblk1.lut1 (4 -> 3)
  Optimizing lut $abc$11443$auto$blifparse.cc:525:parse_blif$11659.genblk1.genblk1.genblk1.genblk1.genblk1.genblk1.genblk1.lut1 (4 -> 3)
  Optimizing lut $abc$11443$auto$blifparse.cc:525:parse_blif$11710.genblk1.genblk1.genblk1.genblk1.genblk1.lut0 (4 -> 0)
  Optimizing lut $abc$11443$auto$blifparse.cc:525:parse_blif$11610.genblk1.genblk1.genblk1.genblk1.genblk1.lut1 (4 -> 1)
  Optimizing lut $abc$11443$auto$blifparse.cc:525:parse_blif$11615.genblk1.genblk1.genblk1.genblk1.genblk1.lut1 (4 -> 1)
  Optimizing lut $abc$11443$auto$blifparse.cc:525:parse_blif$11728.genblk1.genblk1.genblk1.genblk1.genblk1.genblk1.lut0 (4 -> 0)
  Optimizing lut $abc$11443$auto$blifparse.cc:525:parse_blif$11729.genblk1.genblk1.genblk1.genblk1.genblk1.lut0 (4 -> 0)
  Optimizing lut $abc$11443$auto$blifparse.cc:525:parse_blif$11730.genblk1.genblk1.genblk1.genblk1.genblk1.lut0 (4 -> 0)
  Optimizing lut $abc$11443$auto$blifparse.cc:525:parse_blif$11733.genblk1.genblk1.genblk1.genblk1.genblk1.genblk1.lut1 (4 -> 0)
  Optimizing lut $abc$11443$auto$blifparse.cc:525:parse_blif$11733.genblk1.genblk1.genblk1.genblk1.genblk1.genblk1.lut0 (4 -> 0)
  Optimizing lut $abc$11443$auto$blifparse.cc:525:parse_blif$11625.genblk1.genblk1.genblk1.genblk1.genblk1.lut1 (4 -> 1)
  Optimizing lut $abc$11443$auto$blifparse.cc:525:parse_blif$11735.genblk1.genblk1.genblk1.genblk1.genblk1.genblk1.genblk1.lut0 (4 -> 0)
  Optimizing lut $abc$11443$auto$blifparse.cc:525:parse_blif$11736.genblk1.genblk1.genblk1.genblk1.genblk1.genblk1.genblk1.lut0 (4 -> 0)
  Optimizing lut $abc$11443$auto$blifparse.cc:525:parse_blif$11737.genblk1.genblk1.genblk1.genblk1.genblk1.genblk1.lut0 (4 -> 0)
  Optimizing lut $abc$11443$auto$blifparse.cc:525:parse_blif$11738.genblk1.genblk1.genblk1.genblk1.genblk1.lut0 (4 -> 0)
  Optimizing lut $abc$11443$auto$blifparse.cc:525:parse_blif$11739.genblk1.genblk1.genblk1.genblk1.genblk1.genblk1.genblk1.lut0 (4 -> 0)
  Optimizing lut $abc$11443$auto$blifparse.cc:525:parse_blif$11739.genblk1.genblk1.genblk1.genblk1.genblk1.genblk1.genblk1.lut1 (4 -> 0)
  Optimizing lut $abc$11443$auto$blifparse.cc:525:parse_blif$11741.genblk1.genblk1.genblk1.genblk1.genblk1.genblk1.lut0 (4 -> 0)
  Optimizing lut $abc$11443$auto$blifparse.cc:525:parse_blif$11742.genblk1.genblk1.genblk1.genblk1.genblk1.lut0 (4 -> 0)
  Optimizing lut $abc$11443$auto$blifparse.cc:525:parse_blif$11743.genblk1.genblk1.genblk1.genblk1.genblk1.genblk1.genblk1.lut0 (4 -> 0)
  Optimizing lut $abc$11443$auto$blifparse.cc:525:parse_blif$11743.genblk1.genblk1.genblk1.genblk1.genblk1.genblk1.genblk1.lut1 (4 -> 0)
  Optimizing lut $abc$11443$auto$blifparse.cc:525:parse_blif$11745.genblk1.genblk1.genblk1.genblk1.genblk1.lut0 (4 -> 0)
  Optimizing lut $abc$11443$auto$blifparse.cc:525:parse_blif$11746.genblk1.genblk1.genblk1.genblk1.genblk1.genblk1.genblk1.lut0 (4 -> 0)
  Optimizing lut $abc$11443$auto$blifparse.cc:525:parse_blif$11746.genblk1.genblk1.genblk1.genblk1.genblk1.genblk1.genblk1.lut1 (4 -> 0)
  Optimizing lut $abc$11443$auto$blifparse.cc:525:parse_blif$11748.genblk1.genblk1.genblk1.genblk1.genblk1.lut0 (4 -> 0)
  Optimizing lut $abc$11443$auto$blifparse.cc:525:parse_blif$11749.genblk1.genblk1.genblk1.genblk1.genblk1.genblk1.genblk1.lut0 (4 -> 0)
  Optimizing lut $abc$11443$auto$blifparse.cc:525:parse_blif$11751.genblk1.genblk1.genblk1.genblk1.genblk1.lut0 (4 -> 0)
  Optimizing lut $abc$11443$auto$blifparse.cc:525:parse_blif$11752.genblk1.genblk1.genblk1.genblk1.genblk1.genblk1.genblk1.lut0 (4 -> 0)
  Optimizing lut $abc$11443$auto$blifparse.cc:525:parse_blif$11607.genblk1.genblk1.genblk1.genblk1.genblk1.lut1 (4 -> 1)
  Optimizing lut $abc$11443$auto$blifparse.cc:525:parse_blif$11754.genblk1.genblk1.genblk1.genblk1.genblk1.lut0 (4 -> 0)
  Optimizing lut $abc$11443$auto$blifparse.cc:525:parse_blif$11755.genblk1.genblk1.genblk1.genblk1.genblk1.genblk1.genblk1.lut0 (4 -> 0)
  Optimizing lut $abc$11443$auto$blifparse.cc:525:parse_blif$11755.genblk1.genblk1.genblk1.genblk1.genblk1.genblk1.genblk1.lut1 (4 -> 0)
  Optimizing lut $abc$11443$auto$blifparse.cc:525:parse_blif$11757.genblk1.genblk1.genblk1.genblk1.genblk1.lut0 (4 -> 0)
  Optimizing lut $abc$11443$auto$blifparse.cc:525:parse_blif$11758.genblk1.genblk1.genblk1.genblk1.genblk1.genblk1.genblk1.lut0 (4 -> 0)
  Optimizing lut $abc$11443$auto$blifparse.cc:525:parse_blif$11758.genblk1.genblk1.genblk1.genblk1.genblk1.genblk1.genblk1.lut1 (4 -> 0)
  Optimizing lut $abc$11443$auto$blifparse.cc:525:parse_blif$11821.genblk1.genblk1.genblk1.genblk1.genblk1.lut1 (4 -> 3)
  Optimizing lut $abc$11443$auto$blifparse.cc:525:parse_blif$11761.genblk1.genblk1.genblk1.genblk1.genblk1.genblk1.lut0 (4 -> 0)
  Optimizing lut $abc$11443$auto$blifparse.cc:525:parse_blif$12078.genblk1.genblk1.genblk1.genblk1.genblk1.genblk1.lut1 (4 -> 3)
  Optimizing lut $abc$11443$auto$blifparse.cc:525:parse_blif$11763.genblk1.genblk1.genblk1.genblk1.genblk1.genblk1.genblk1.lut0 (4 -> 0)
  Optimizing lut $abc$11443$auto$blifparse.cc:525:parse_blif$11764.genblk1.genblk1.genblk1.genblk1.genblk1.lut0 (4 -> 0)
  Optimizing lut $abc$11443$auto$blifparse.cc:525:parse_blif$12135.genblk1.genblk1.genblk1.genblk1.genblk1.genblk1.genblk1.lut1 (4 -> 0)
  Optimizing lut $abc$11443$auto$blifparse.cc:525:parse_blif$11604.genblk1.genblk1.genblk1.genblk1.genblk1.lut1 (4 -> 1)
  Optimizing lut $abc$11443$auto$blifparse.cc:525:parse_blif$11817.genblk1.genblk1.genblk1.genblk1.genblk1.lut1 (4 -> 3)
  Optimizing lut $abc$11443$auto$blifparse.cc:525:parse_blif$11783.genblk1.genblk1.genblk1.genblk1.genblk1.genblk1.lut0 (4 -> 0)
  Optimizing lut $abc$11443$auto$blifparse.cc:525:parse_blif$11785.genblk1.genblk1.genblk1.genblk1.genblk1.lut0 (4 -> 0)
  Optimizing lut $abc$11443$auto$blifparse.cc:525:parse_blif$11822.genblk1.genblk1.genblk1.genblk1.genblk1.lut1 (4 -> 3)
  Optimizing lut $abc$11443$auto$blifparse.cc:525:parse_blif$11824.genblk1.genblk1.genblk1.genblk1.genblk1.lut1 (4 -> 3)
  Optimizing lut $abc$11443$auto$blifparse.cc:525:parse_blif$11825.genblk1.genblk1.genblk1.genblk1.genblk1.lut1 (4 -> 3)
  Optimizing lut $abc$11443$auto$blifparse.cc:525:parse_blif$12096.genblk1.genblk1.genblk1.genblk1.genblk1.lut1 (4 -> 0)
  Optimizing lut $abc$11443$auto$blifparse.cc:525:parse_blif$12107.genblk1.genblk1.genblk1.genblk1.genblk1.genblk1.genblk1.lut1 (4 -> 0)
  Optimizing lut $abc$11443$auto$blifparse.cc:525:parse_blif$11801.genblk1.genblk1.genblk1.genblk1.genblk1.genblk1.lut0 (4 -> 0)
  Optimizing lut $abc$11443$auto$blifparse.cc:525:parse_blif$11803.genblk1.genblk1.genblk1.genblk1.genblk1.lut0 (4 -> 0)
  Optimizing lut $abc$11443$auto$blifparse.cc:525:parse_blif$12093.genblk1.genblk1.genblk1.genblk1.genblk1.lut1 (4 -> 0)
  Optimizing lut $abc$11443$auto$blifparse.cc:525:parse_blif$12066.genblk1.genblk1.genblk1.genblk1.genblk1.genblk1.lut1 (4 -> 0)
  Optimizing lut $abc$11443$auto$blifparse.cc:525:parse_blif$11817.genblk1.genblk1.genblk1.genblk1.genblk1.lut0 (4 -> 3)
  Optimizing lut $abc$11443$auto$blifparse.cc:525:parse_blif$11818.genblk1.genblk1.genblk1.genblk1.genblk1.lut0 (4 -> 3)
  Optimizing lut $abc$11443$auto$blifparse.cc:525:parse_blif$11819.genblk1.genblk1.genblk1.genblk1.genblk1.lut0 (4 -> 3)
  Optimizing lut $abc$11443$auto$blifparse.cc:525:parse_blif$11820.genblk1.genblk1.genblk1.genblk1.genblk1.lut0 (4 -> 3)
  Optimizing lut $abc$11443$auto$blifparse.cc:525:parse_blif$11821.genblk1.genblk1.genblk1.genblk1.genblk1.lut0 (4 -> 3)
  Optimizing lut $abc$11443$auto$blifparse.cc:525:parse_blif$11822.genblk1.genblk1.genblk1.genblk1.genblk1.lut0 (4 -> 3)
  Optimizing lut $abc$11443$auto$blifparse.cc:525:parse_blif$11823.genblk1.genblk1.genblk1.genblk1.genblk1.lut0 (4 -> 3)
  Optimizing lut $abc$11443$auto$blifparse.cc:525:parse_blif$11824.genblk1.genblk1.genblk1.genblk1.genblk1.lut0 (4 -> 3)
  Optimizing lut $abc$11443$auto$blifparse.cc:525:parse_blif$11825.genblk1.genblk1.genblk1.genblk1.genblk1.lut0 (4 -> 3)
  Optimizing lut $abc$11443$auto$blifparse.cc:525:parse_blif$11826.genblk1.genblk1.genblk1.genblk1.genblk1.lut0 (4 -> 3)
  Optimizing lut $abc$11443$auto$blifparse.cc:525:parse_blif$11827.genblk1.genblk1.genblk1.genblk1.genblk1.lut0 (4 -> 3)
  Optimizing lut $abc$11443$auto$blifparse.cc:525:parse_blif$11828.genblk1.genblk1.genblk1.genblk1.genblk1.lut0 (4 -> 3)
  Optimizing lut $abc$11443$auto$blifparse.cc:525:parse_blif$11829.genblk1.genblk1.genblk1.genblk1.genblk1.lut0 (4 -> 3)
  Optimizing lut $abc$11443$auto$blifparse.cc:525:parse_blif$11892.genblk1.genblk1.genblk1.genblk1.genblk1.lut1 (4 -> 3)
  Optimizing lut $abc$11443$auto$blifparse.cc:525:parse_blif$11907.genblk1.genblk1.genblk1.genblk1.genblk1.lut1 (4 -> 3)
  Optimizing lut $abc$11443$auto$blifparse.cc:525:parse_blif$11981.genblk1.genblk1.genblk1.genblk1.genblk1.lut1 (4 -> 0)
  Optimizing lut $abc$11443$auto$blifparse.cc:525:parse_blif$11884.genblk1.genblk1.genblk1.genblk1.genblk1.lut1 (4 -> 3)
  Optimizing lut $abc$11443$auto$blifparse.cc:525:parse_blif$11827.genblk1.genblk1.genblk1.genblk1.genblk1.lut1 (4 -> 3)
  Optimizing lut $abc$11443$auto$blifparse.cc:525:parse_blif$11884.genblk1.genblk1.genblk1.genblk1.genblk1.lut0 (4 -> 3)
  Optimizing lut $abc$11443$auto$blifparse.cc:525:parse_blif$11826.genblk1.genblk1.genblk1.genblk1.genblk1.lut1 (4 -> 3)
  Optimizing lut $abc$11443$auto$blifparse.cc:525:parse_blif$11828.genblk1.genblk1.genblk1.genblk1.genblk1.lut1 (4 -> 3)
  Optimizing lut $abc$11443$auto$blifparse.cc:525:parse_blif$11892.genblk1.genblk1.genblk1.genblk1.genblk1.lut0 (4 -> 2)
  Optimizing lut $abc$11443$auto$blifparse.cc:525:parse_blif$11900.genblk1.genblk1.genblk1.genblk1.genblk1.lut0 (4 -> 0)
  Optimizing lut $abc$11443$auto$blifparse.cc:525:parse_blif$11904.genblk1.genblk1.genblk1.genblk1.genblk1.lut0 (4 -> 0)
  Optimizing lut $abc$11443$auto$blifparse.cc:525:parse_blif$11906.genblk1.genblk1.genblk1.genblk1.genblk1.lut1 (4 -> 3)
  Optimizing lut $abc$11443$auto$blifparse.cc:525:parse_blif$11908.genblk1.genblk1.genblk1.genblk1.genblk1.lut0 (4 -> 3)
  Optimizing lut $abc$11443$auto$blifparse.cc:525:parse_blif$11985.genblk1.genblk1.genblk1.genblk1.genblk1.genblk1.genblk1.lut1 (4 -> 0)
  Optimizing lut $abc$11443$auto$blifparse.cc:525:parse_blif$11618.genblk1.genblk1.genblk1.genblk1.genblk1.lut1 (4 -> 1)
  Optimizing lut $abc$11443$auto$blifparse.cc:525:parse_blif$11652.genblk1.genblk1.genblk1.genblk1.genblk1.genblk1.genblk1.lut1 (4 -> 3)
  Optimizing lut $abc$11443$auto$blifparse.cc:525:parse_blif$11655.genblk1.genblk1.genblk1.genblk1.genblk1.genblk1.genblk1.lut1 (4 -> 3)
  Optimizing lut $abc$11443$auto$blifparse.cc:525:parse_blif$11620.genblk1.genblk1.genblk1.genblk1.genblk1.lut1 (4 -> 1)
  Optimizing lut $abc$11443$auto$blifparse.cc:525:parse_blif$11727.genblk1.genblk1.genblk1.genblk1.genblk1.genblk1.genblk1.lut1 (4 -> 0)
  Optimizing lut $abc$11443$auto$blifparse.cc:525:parse_blif$11654.genblk1.genblk1.genblk1.genblk1.genblk1.genblk1.genblk1.lut1 (4 -> 3)
  Optimizing lut $abc$11443$auto$blifparse.cc:525:parse_blif$11623.genblk1.genblk1.genblk1.genblk1.genblk1.lut1 (4 -> 1)
  Optimizing lut $abc$11443$auto$blifparse.cc:525:parse_blif$11989.genblk1.genblk1.genblk1.genblk1.genblk1.genblk1.lut1 (4 -> 0)
  Optimizing lut $abc$11443$auto$blifparse.cc:525:parse_blif$11977.genblk1.genblk1.genblk1.genblk1.genblk1.lut0 (4 -> 0)
  Optimizing lut $abc$11443$auto$blifparse.cc:525:parse_blif$11985.genblk1.genblk1.genblk1.genblk1.genblk1.genblk1.genblk1.lut0 (4 -> 0)
  Optimizing lut $abc$11443$auto$blifparse.cc:525:parse_blif$11989.genblk1.genblk1.genblk1.genblk1.genblk1.genblk1.lut0 (4 -> 0)
  Optimizing lut $abc$11443$auto$blifparse.cc:525:parse_blif$11819.genblk1.genblk1.genblk1.genblk1.genblk1.lut1 (4 -> 3)
  Optimizing lut $abc$11443$auto$blifparse.cc:525:parse_blif$12002.genblk1.genblk1.genblk1.genblk1.genblk1.lut0 (4 -> 2)
  Optimizing lut $abc$11443$auto$blifparse.cc:525:parse_blif$12071.genblk1.genblk1.genblk1.genblk1.genblk1.lut1 (4 -> 0)
  Optimizing lut $abc$11443$auto$blifparse.cc:525:parse_blif$12008.genblk1.genblk1.genblk1.genblk1.genblk1.lut0 (4 -> 0)
  Optimizing lut $abc$11443$auto$blifparse.cc:525:parse_blif$12011.genblk1.genblk1.genblk1.genblk1.genblk1.lut0 (4 -> 0)
  Optimizing lut $abc$11443$auto$blifparse.cc:525:parse_blif$12012.genblk1.genblk1.genblk1.genblk1.genblk1.genblk1.lut0 (4 -> 3)
  Optimizing lut $abc$11443$auto$blifparse.cc:525:parse_blif$12018.genblk1.genblk1.genblk1.genblk1.genblk1.lut1 (4 -> 0)
  Optimizing lut $abc$11443$auto$blifparse.cc:525:parse_blif$12021.genblk1.genblk1.genblk1.genblk1.genblk1.lut1 (4 -> 0)
  Optimizing lut $abc$11443$auto$blifparse.cc:525:parse_blif$12023.genblk1.genblk1.genblk1.genblk1.genblk1.lut0 (4 -> 0)
  Optimizing lut $abc$11443$auto$blifparse.cc:525:parse_blif$12026.genblk1.genblk1.genblk1.genblk1.genblk1.genblk1.genblk1.lut1 (4 -> 0)
  Optimizing lut $abc$11443$auto$blifparse.cc:525:parse_blif$12026.genblk1.genblk1.genblk1.genblk1.genblk1.genblk1.genblk1.lut0 (4 -> 0)
  Optimizing lut $abc$11443$auto$blifparse.cc:525:parse_blif$12032.genblk1.genblk1.genblk1.genblk1.genblk1.lut1 (4 -> 0)
  Optimizing lut $abc$11443$auto$blifparse.cc:525:parse_blif$12029.genblk1.genblk1.genblk1.genblk1.genblk1.lut1 (4 -> 0)
  Optimizing lut $abc$11443$auto$blifparse.cc:525:parse_blif$12034.genblk1.genblk1.genblk1.genblk1.genblk1.lut0 (4 -> 0)
  Optimizing lut $abc$11443$auto$blifparse.cc:525:parse_blif$12036.genblk1.genblk1.genblk1.genblk1.genblk1.genblk1.lut0 (4 -> 3)
  Optimizing lut $abc$11443$auto$blifparse.cc:525:parse_blif$12039.genblk1.genblk1.genblk1.genblk1.genblk1.lut1 (4 -> 0)
  Optimizing lut $abc$11443$auto$blifparse.cc:525:parse_blif$12036.genblk1.genblk1.genblk1.genblk1.genblk1.genblk1.lut1 (4 -> 3)
  Optimizing lut $abc$11443$auto$blifparse.cc:525:parse_blif$12042.genblk1.genblk1.genblk1.genblk1.genblk1.lut1 (4 -> 0)
  Optimizing lut $abc$11443$auto$blifparse.cc:525:parse_blif$12044.genblk1.genblk1.genblk1.genblk1.genblk1.lut0 (4 -> 0)
  Optimizing lut $abc$11443$auto$blifparse.cc:525:parse_blif$12046.genblk1.genblk1.genblk1.genblk1.genblk1.lut1 (4 -> 0)
  Optimizing lut $abc$11443$auto$blifparse.cc:525:parse_blif$12047.genblk1.genblk1.genblk1.genblk1.genblk1.lut0 (4 -> 0)
  Optimizing lut $abc$11443$auto$blifparse.cc:525:parse_blif$12055.genblk1.genblk1.genblk1.genblk1.genblk1.lut0 (4 -> 0)
  Optimizing lut $abc$11443$auto$blifparse.cc:525:parse_blif$12057.genblk1.genblk1.genblk1.genblk1.genblk1.lut1 (4 -> 0)
  Optimizing lut $abc$11443$auto$blifparse.cc:525:parse_blif$12058.genblk1.genblk1.genblk1.genblk1.genblk1.lut0 (4 -> 0)
  Optimizing lut $abc$11443$auto$blifparse.cc:525:parse_blif$12061.genblk1.genblk1.genblk1.genblk1.genblk1.lut1 (4 -> 0)
  Optimizing lut $abc$11443$auto$blifparse.cc:525:parse_blif$12064.genblk1.genblk1.genblk1.genblk1.genblk1.lut1 (4 -> 0)
  Optimizing lut $abc$11443$auto$blifparse.cc:525:parse_blif$12066.genblk1.genblk1.genblk1.genblk1.genblk1.genblk1.lut0 (4 -> 0)
  Optimizing lut $abc$11443$auto$blifparse.cc:525:parse_blif$12116.genblk1.genblk1.genblk1.genblk1.genblk1.genblk1.genblk1.lut1 (4 -> 0)
  Optimizing lut $abc$11443$auto$blifparse.cc:525:parse_blif$12074.genblk1.genblk1.genblk1.genblk1.genblk1.lut1 (4 -> 0)
  Optimizing lut $abc$11443$auto$blifparse.cc:525:parse_blif$11592.genblk1.genblk1.genblk1.genblk1.genblk1.lut1 (4 -> 3)
  Optimizing lut $abc$11443$auto$blifparse.cc:525:parse_blif$12076.genblk1.genblk1.genblk1.genblk1.genblk1.lut0 (4 -> 0)
  Optimizing lut $abc$11443$auto$blifparse.cc:525:parse_blif$12098.genblk1.genblk1.genblk1.genblk1.genblk1.genblk1.genblk1.lut1 (4 -> 0)
  Optimizing lut $abc$11443$auto$blifparse.cc:525:parse_blif$12078.genblk1.genblk1.genblk1.genblk1.genblk1.genblk1.lut0 (4 -> 3)
  Optimizing lut $abc$11443$auto$blifparse.cc:525:parse_blif$12079.genblk1.genblk1.genblk1.genblk1.genblk1.genblk1.lut0 (4 -> 3)
  Optimizing lut $abc$11443$auto$blifparse.cc:525:parse_blif$12086.genblk1.genblk1.genblk1.genblk1.genblk1.lut1 (4 -> 0)
  Optimizing lut $abc$11443$auto$blifparse.cc:525:parse_blif$12083.genblk1.genblk1.genblk1.genblk1.genblk1.lut1 (4 -> 0)
  Optimizing lut $abc$11443$auto$blifparse.cc:525:parse_blif$12088.genblk1.genblk1.genblk1.genblk1.genblk1.genblk1.genblk1.lut0 (4 -> 0)
  Optimizing lut $abc$11443$auto$blifparse.cc:525:parse_blif$12079.genblk1.genblk1.genblk1.genblk1.genblk1.genblk1.lut1 (4 -> 3)
  Optimizing lut $abc$11443$auto$blifparse.cc:525:parse_blif$12090.genblk1.genblk1.genblk1.genblk1.genblk1.lut0 (4 -> 2)
  Optimizing lut $abc$11443$auto$blifparse.cc:525:parse_blif$12144.genblk1.genblk1.genblk1.genblk1.genblk1.genblk1.genblk1.lut1 (4 -> 0)
  Optimizing lut $abc$11443$auto$blifparse.cc:525:parse_blif$12123.genblk1.genblk1.genblk1.genblk1.genblk1.lut1 (4 -> 0)
  Optimizing lut $abc$11443$auto$blifparse.cc:525:parse_blif$12098.genblk1.genblk1.genblk1.genblk1.genblk1.genblk1.genblk1.lut0 (4 -> 0)
  Optimizing lut $abc$11443$auto$blifparse.cc:525:parse_blif$12099.genblk1.genblk1.genblk1.genblk1.genblk1.lut0 (4 -> 2)
  Optimizing lut $abc$11443$auto$blifparse.cc:525:parse_blif$12105.genblk1.genblk1.genblk1.genblk1.genblk1.lut1 (4 -> 0)
  Optimizing lut $abc$11443$auto$blifparse.cc:525:parse_blif$12102.genblk1.genblk1.genblk1.genblk1.genblk1.lut1 (4 -> 0)
  Optimizing lut $abc$11443$auto$blifparse.cc:525:parse_blif$12107.genblk1.genblk1.genblk1.genblk1.genblk1.genblk1.genblk1.lut0 (4 -> 0)
  Optimizing lut $abc$11443$auto$blifparse.cc:525:parse_blif$12108.genblk1.genblk1.genblk1.genblk1.genblk1.lut0 (4 -> 2)
  Optimizing lut $abc$11443$auto$blifparse.cc:525:parse_blif$12114.genblk1.genblk1.genblk1.genblk1.genblk1.lut1 (4 -> 0)
  Optimizing lut $abc$11443$auto$blifparse.cc:525:parse_blif$11590.genblk1.genblk1.genblk1.genblk1.genblk1.lut1 (4 -> 3)
  Optimizing lut $abc$11443$auto$blifparse.cc:525:parse_blif$12111.genblk1.genblk1.genblk1.genblk1.genblk1.lut1 (4 -> 0)
  Optimizing lut $abc$11443$auto$blifparse.cc:525:parse_blif$12116.genblk1.genblk1.genblk1.genblk1.genblk1.genblk1.genblk1.lut0 (4 -> 0)
  Optimizing lut $abc$11443$auto$blifparse.cc:525:parse_blif$12117.genblk1.genblk1.genblk1.genblk1.genblk1.lut0 (4 -> 2)
  Optimizing lut $abc$11443$auto$blifparse.cc:525:parse_blif$11820.genblk1.genblk1.genblk1.genblk1.genblk1.lut1 (4 -> 3)
  Optimizing lut $abc$11443$auto$blifparse.cc:525:parse_blif$12125.genblk1.genblk1.genblk1.genblk1.genblk1.genblk1.genblk1.lut0 (4 -> 0)
  Optimizing lut $abc$11443$auto$blifparse.cc:525:parse_blif$12126.genblk1.genblk1.genblk1.genblk1.genblk1.lut0 (4 -> 2)
  Optimizing lut $abc$11443$auto$blifparse.cc:525:parse_blif$12129.genblk1.genblk1.genblk1.genblk1.genblk1.lut1 (4 -> 0)
  Optimizing lut $abc$11443$auto$blifparse.cc:525:parse_blif$12132.genblk1.genblk1.genblk1.genblk1.genblk1.lut0 (4 -> 0)
  Optimizing lut $abc$11443$auto$blifparse.cc:525:parse_blif$12152.genblk1.genblk1.genblk1.genblk1.genblk1.genblk1.lut1 (4 -> 3)
  Optimizing lut $abc$11443$auto$blifparse.cc:525:parse_blif$12134.genblk1.genblk1.genblk1.genblk1.genblk1.genblk1.lut0 (4 -> 3)
  Optimizing lut $abc$11443$auto$blifparse.cc:525:parse_blif$12135.genblk1.genblk1.genblk1.genblk1.genblk1.genblk1.genblk1.lut0 (4 -> 0)
  Optimizing lut $abc$11443$auto$blifparse.cc:525:parse_blif$12136.genblk1.genblk1.genblk1.genblk1.genblk1.lut0 (4 -> 2)
  Optimizing lut $abc$11443$auto$blifparse.cc:525:parse_blif$12142.genblk1.genblk1.genblk1.genblk1.genblk1.lut0 (4 -> 0)
  Optimizing lut $abc$11443$auto$blifparse.cc:525:parse_blif$12143.genblk1.genblk1.genblk1.genblk1.genblk1.genblk1.lut0 (4 -> 3)
  Optimizing lut $abc$11443$auto$blifparse.cc:525:parse_blif$12144.genblk1.genblk1.genblk1.genblk1.genblk1.genblk1.genblk1.lut0 (4 -> 0)
  Optimizing lut $abc$11443$auto$blifparse.cc:525:parse_blif$12145.genblk1.genblk1.genblk1.genblk1.genblk1.lut0 (4 -> 2)
  Optimizing lut $abc$11443$auto$blifparse.cc:525:parse_blif$11588.genblk1.genblk1.genblk1.genblk1.genblk1.lut1 (4 -> 3)
  Optimizing lut $abc$11443$auto$blifparse.cc:525:parse_blif$12151.genblk1.genblk1.genblk1.genblk1.genblk1.lut0 (4 -> 0)
  Optimizing lut $abc$11443$auto$blifparse.cc:525:parse_blif$12152.genblk1.genblk1.genblk1.genblk1.genblk1.genblk1.lut0 (4 -> 3)
  Optimizing lut $abc$11443$auto$blifparse.cc:525:parse_blif$12154.genblk1.genblk1.genblk1.genblk1.genblk1.genblk1.genblk1.lut0 (4 -> 3)
  Optimizing lut $abc$11443$auto$blifparse.cc:525:parse_blif$12154.genblk1.genblk1.genblk1.genblk1.genblk1.genblk1.genblk1.lut1 (4 -> 2)
  Optimizing lut $abc$11443$auto$blifparse.cc:525:parse_blif$12160.genblk1.genblk1.genblk1.genblk1.genblk1.lut0 (4 -> 0)
  Optimizing lut $abc$11443$auto$blifparse.cc:525:parse_blif$12161.genblk1.genblk1.genblk1.genblk1.genblk1.genblk1.lut0 (4 -> 3)
  Optimizing lut $abc$11443$auto$blifparse.cc:525:parse_blif$12163.genblk1.genblk1.genblk1.genblk1.genblk1.genblk1.genblk1.lut0 (4 -> 3)
  Optimizing lut $abc$11443$auto$blifparse.cc:525:parse_blif$12164.genblk1.genblk1.genblk1.genblk1.genblk1.genblk1.genblk1.lut0 (4 -> 0)
  Optimizing lut $abc$11443$auto$blifparse.cc:525:parse_blif$11587.genblk1.genblk1.genblk1.genblk1.genblk1.lut1 (4 -> 3)
  Optimizing lut $abc$11443$auto$blifparse.cc:525:parse_blif$12170.genblk1.genblk1.genblk1.genblk1.genblk1.lut0 (4 -> 0)
  Optimizing lut $abc$11443$auto$blifparse.cc:525:parse_blif$12171.genblk1.genblk1.genblk1.genblk1.genblk1.genblk1.lut0 (4 -> 3)
  Optimizing lut $abc$11443$auto$blifparse.cc:525:parse_blif$12173.genblk1.genblk1.genblk1.genblk1.genblk1.genblk1.genblk1.lut0 (4 -> 3)
  Optimizing lut $abc$11443$auto$blifparse.cc:525:parse_blif$12174.genblk1.genblk1.genblk1.genblk1.genblk1.genblk1.genblk1.lut0 (4 -> 0)
  Optimizing lut $abc$11443$auto$blifparse.cc:525:parse_blif$12173.genblk1.genblk1.genblk1.genblk1.genblk1.genblk1.genblk1.lut1 (4 -> 3)
  Optimizing lut $abc$11443$auto$blifparse.cc:525:parse_blif$12180.genblk1.genblk1.genblk1.genblk1.genblk1.lut0 (4 -> 0)
  Optimizing lut $abc$11443$auto$blifparse.cc:525:parse_blif$12181.genblk1.genblk1.genblk1.genblk1.genblk1.genblk1.lut0 (4 -> 3)
  Optimizing lut $abc$11443$auto$blifparse.cc:525:parse_blif$12183.genblk1.genblk1.genblk1.genblk1.genblk1.genblk1.genblk1.lut1 (4 -> 3)
  Optimizing lut $abc$11443$auto$blifparse.cc:525:parse_blif$12183.genblk1.genblk1.genblk1.genblk1.genblk1.genblk1.genblk1.lut0 (4 -> 3)
  Optimizing lut $abc$11443$auto$blifparse.cc:525:parse_blif$12184.genblk1.genblk1.genblk1.genblk1.genblk1.genblk1.genblk1.lut0 (4 -> 0)
  Optimizing lut $abc$11443$auto$blifparse.cc:525:parse_blif$12187.genblk1.genblk1.genblk1.genblk1.genblk1.lut1 (4 -> 0)
  Optimizing lut $abc$11443$auto$blifparse.cc:525:parse_blif$12190.genblk1.genblk1.genblk1.genblk1.genblk1.lut0 (4 -> 0)
  Optimizing lut $abc$11443$auto$blifparse.cc:525:parse_blif$12191.genblk1.genblk1.genblk1.genblk1.genblk1.genblk1.lut0 (4 -> 3)
  Optimizing lut $abc$11443$auto$blifparse.cc:525:parse_blif$12193.genblk1.genblk1.genblk1.genblk1.genblk1.genblk1.genblk1.lut0 (4 -> 1)
  Optimizing lut $abc$11443$auto$blifparse.cc:525:parse_blif$12294.genblk1.genblk1.genblk1.genblk1.genblk1.lut1 (4 -> 1)
  Optimizing lut $abc$11443$auto$blifparse.cc:525:parse_blif$12296.genblk1.genblk1.genblk1.genblk1.genblk1.lut1 (4 -> 1)
  Optimizing lut $abc$11443$auto$blifparse.cc:525:parse_blif$12297.genblk1.genblk1.genblk1.genblk1.genblk1.lut1 (4 -> 1)
  Optimizing lut $abc$11443$auto$blifparse.cc:525:parse_blif$12199.genblk1.genblk1.genblk1.genblk1.genblk1.lut0 (4 -> 0)
  Optimizing lut $abc$11443$auto$blifparse.cc:525:parse_blif$12200.genblk1.genblk1.genblk1.genblk1.genblk1.genblk1.lut0 (4 -> 3)
  Optimizing lut $abc$11443$auto$blifparse.cc:525:parse_blif$12202.genblk1.genblk1.genblk1.genblk1.genblk1.genblk1.genblk1.lut0 (4 -> 1)
  Optimizing lut $abc$11443$auto$blifparse.cc:525:parse_blif$12303.genblk1.genblk1.genblk1.genblk1.genblk1.lut1 (4 -> 1)
  Optimizing lut $abc$11443$auto$blifparse.cc:525:parse_blif$12306.genblk1.genblk1.genblk1.genblk1.genblk1.lut1 (4 -> 1)
  Optimizing lut $abc$11443$auto$blifparse.cc:525:parse_blif$12208.genblk1.genblk1.genblk1.genblk1.genblk1.lut0 (4 -> 0)
  Optimizing lut $abc$11443$auto$blifparse.cc:525:parse_blif$12209.genblk1.genblk1.genblk1.genblk1.genblk1.genblk1.lut0 (4 -> 3)
  Optimizing lut $abc$11443$auto$blifparse.cc:525:parse_blif$12211.genblk1.genblk1.genblk1.genblk1.genblk1.genblk1.genblk1.lut0 (4 -> 1)
  Optimizing lut $abc$11443$auto$blifparse.cc:525:parse_blif$12311.genblk1.genblk1.genblk1.genblk1.genblk1.lut1 (4 -> 1)
  Optimizing lut $abc$11443$auto$blifparse.cc:525:parse_blif$12217.genblk1.genblk1.genblk1.genblk1.genblk1.lut0 (4 -> 0)
  Optimizing lut $abc$11443$auto$blifparse.cc:525:parse_blif$12218.genblk1.genblk1.genblk1.genblk1.genblk1.genblk1.lut0 (4 -> 3)
  Optimizing lut $abc$11443$auto$blifparse.cc:525:parse_blif$12220.genblk1.genblk1.genblk1.genblk1.genblk1.genblk1.genblk1.lut0 (4 -> 1)
  Optimizing lut $abc$11443$auto$blifparse.cc:525:parse_blif$12226.genblk1.genblk1.genblk1.genblk1.genblk1.lut0 (4 -> 0)
  Optimizing lut $abc$11443$auto$blifparse.cc:525:parse_blif$12227.genblk1.genblk1.genblk1.genblk1.genblk1.genblk1.lut0 (4 -> 3)
  Optimizing lut $abc$11443$auto$blifparse.cc:525:parse_blif$12229.genblk1.genblk1.genblk1.genblk1.genblk1.genblk1.genblk1.lut0 (4 -> 1)
  Optimizing lut $abc$11443$auto$blifparse.cc:525:parse_blif$12235.genblk1.genblk1.genblk1.genblk1.genblk1.lut0 (4 -> 0)
  Optimizing lut $abc$11443$auto$blifparse.cc:525:parse_blif$12236.genblk1.genblk1.genblk1.genblk1.genblk1.genblk1.lut0 (4 -> 3)
  Optimizing lut $abc$11443$auto$blifparse.cc:525:parse_blif$12238.genblk1.genblk1.genblk1.genblk1.genblk1.genblk1.genblk1.lut0 (4 -> 1)
  Optimizing lut $abc$11443$auto$blifparse.cc:525:parse_blif$12244.genblk1.genblk1.genblk1.genblk1.genblk1.genblk1.genblk1.lut0 (4 -> 1)
  Optimizing lut $abc$11443$auto$blifparse.cc:525:parse_blif$12281.genblk1.genblk1.genblk1.genblk1.genblk1.genblk1.lut1 (4 -> 0)
  Optimizing lut $abc$11443$auto$blifparse.cc:525:parse_blif$12250.genblk1.genblk1.genblk1.genblk1.genblk1.genblk1.genblk1.lut1 (4 -> 1)
  Optimizing lut $abc$11443$auto$blifparse.cc:525:parse_blif$12250.genblk1.genblk1.genblk1.genblk1.genblk1.genblk1.genblk1.lut0 (4 -> 1)
  Optimizing lut $abc$11443$auto$blifparse.cc:525:parse_blif$12287.genblk1.genblk1.genblk1.genblk1.genblk1.lut1 (4 -> 1)
  Optimizing lut $abc$11443$auto$blifparse.cc:525:parse_blif$12256.genblk1.genblk1.genblk1.genblk1.genblk1.genblk1.genblk1.lut0 (4 -> 1)
  Optimizing lut $abc$11443$auto$blifparse.cc:525:parse_blif$12289.genblk1.genblk1.genblk1.genblk1.genblk1.lut1 (4 -> 1)
  Optimizing lut $abc$11443$auto$blifparse.cc:525:parse_blif$12193.genblk1.genblk1.genblk1.genblk1.genblk1.genblk1.genblk1.lut1 (4 -> 1)
  Optimizing lut $abc$11443$auto$blifparse.cc:525:parse_blif$12262.genblk1.genblk1.genblk1.genblk1.genblk1.genblk1.genblk1.lut0 (4 -> 1)
  Optimizing lut $abc$11443$auto$blifparse.cc:525:parse_blif$12196.genblk1.genblk1.genblk1.genblk1.genblk1.lut1 (4 -> 0)
  Optimizing lut $abc$11443$auto$blifparse.cc:525:parse_blif$12200.genblk1.genblk1.genblk1.genblk1.genblk1.genblk1.lut1 (4 -> 3)
  Optimizing lut $abc$11443$auto$blifparse.cc:525:parse_blif$12268.genblk1.genblk1.genblk1.genblk1.genblk1.genblk1.genblk1.lut0 (4 -> 1)
  Optimizing lut $abc$11443$auto$blifparse.cc:525:parse_blif$12202.genblk1.genblk1.genblk1.genblk1.genblk1.genblk1.genblk1.lut1 (4 -> 1)
  Optimizing lut $abc$11443$auto$blifparse.cc:525:parse_blif$12205.genblk1.genblk1.genblk1.genblk1.genblk1.lut1 (4 -> 0)
  Optimizing lut $abc$11443$auto$blifparse.cc:525:parse_blif$12274.genblk1.genblk1.genblk1.genblk1.genblk1.genblk1.genblk1.lut0 (4 -> 1)
  Optimizing lut $abc$11443$auto$blifparse.cc:525:parse_blif$12211.genblk1.genblk1.genblk1.genblk1.genblk1.genblk1.genblk1.lut1 (4 -> 1)
  Optimizing lut $abc$11443$auto$blifparse.cc:525:parse_blif$12280.genblk1.genblk1.genblk1.genblk1.genblk1.genblk1.genblk1.lut0 (4 -> 1)
  Optimizing lut $abc$11443$auto$blifparse.cc:525:parse_blif$12281.genblk1.genblk1.genblk1.genblk1.genblk1.genblk1.lut0 (4 -> 0)
  Optimizing lut $abc$11443$auto$blifparse.cc:525:parse_blif$12214.genblk1.genblk1.genblk1.genblk1.genblk1.lut1 (4 -> 0)
  Optimizing lut $abc$11443$auto$blifparse.cc:525:parse_blif$12287.genblk1.genblk1.genblk1.genblk1.genblk1.lut0 (4 -> 3)
  Optimizing lut $abc$11443$auto$blifparse.cc:525:parse_blif$12289.genblk1.genblk1.genblk1.genblk1.genblk1.lut0 (4 -> 3)
  Optimizing lut $abc$11443$auto$blifparse.cc:525:parse_blif$12290.genblk1.genblk1.genblk1.genblk1.genblk1.lut0 (4 -> 3)
  Optimizing lut $abc$11443$auto$blifparse.cc:525:parse_blif$12292.genblk1.genblk1.genblk1.genblk1.genblk1.lut0 (4 -> 3)
  Optimizing lut $abc$11443$auto$blifparse.cc:525:parse_blif$12294.genblk1.genblk1.genblk1.genblk1.genblk1.lut0 (4 -> 3)
  Optimizing lut $abc$11443$auto$blifparse.cc:525:parse_blif$12296.genblk1.genblk1.genblk1.genblk1.genblk1.lut0 (4 -> 3)
  Optimizing lut $abc$11443$auto$blifparse.cc:525:parse_blif$12297.genblk1.genblk1.genblk1.genblk1.genblk1.lut0 (4 -> 3)
  Optimizing lut $abc$11443$auto$blifparse.cc:525:parse_blif$12299.genblk1.genblk1.genblk1.genblk1.genblk1.lut0 (4 -> 3)
  Optimizing lut $abc$11443$auto$blifparse.cc:525:parse_blif$12301.genblk1.genblk1.genblk1.genblk1.genblk1.lut0 (4 -> 3)
  Optimizing lut $abc$11443$auto$blifparse.cc:525:parse_blif$12303.genblk1.genblk1.genblk1.genblk1.genblk1.lut0 (4 -> 3)
  Optimizing lut $abc$11443$auto$blifparse.cc:525:parse_blif$12304.genblk1.genblk1.genblk1.genblk1.genblk1.lut0 (4 -> 3)
  Optimizing lut $abc$11443$auto$blifparse.cc:525:parse_blif$12238.genblk1.genblk1.genblk1.genblk1.genblk1.genblk1.genblk1.lut1 (4 -> 1)
  Optimizing lut $abc$11443$auto$blifparse.cc:525:parse_blif$12306.genblk1.genblk1.genblk1.genblk1.genblk1.lut0 (4 -> 3)
  Optimizing lut $abc$11443$auto$blifparse.cc:525:parse_blif$12308.genblk1.genblk1.genblk1.genblk1.genblk1.lut0 (4 -> 3)
  Optimizing lut $abc$11443$auto$blifparse.cc:525:parse_blif$12310.genblk1.genblk1.genblk1.genblk1.genblk1.lut0 (4 -> 3)
  Optimizing lut $abc$11443$auto$blifparse.cc:525:parse_blif$12311.genblk1.genblk1.genblk1.genblk1.genblk1.lut0 (4 -> 3)
  Optimizing lut $abc$11443$auto$blifparse.cc:525:parse_blif$12313.genblk1.genblk1.genblk1.genblk1.genblk1.lut0 (4 -> 3)
  Optimizing lut $abc$11443$auto$blifparse.cc:525:parse_blif$12316.genblk1.genblk1.genblk1.genblk1.genblk1.lut0 (4 -> 3)
  Optimizing lut $abc$11443$auto$blifparse.cc:525:parse_blif$12318.genblk1.genblk1.genblk1.genblk1.genblk1.lut0 (4 -> 3)
  Optimizing lut $abc$11443$auto$blifparse.cc:525:parse_blif$12319.genblk1.genblk1.genblk1.genblk1.genblk1.lut0 (4 -> 3)
  Optimizing lut $abc$11443$auto$blifparse.cc:525:parse_blif$12318.genblk1.genblk1.genblk1.genblk1.genblk1.lut1 (4 -> 1)
  Optimizing lut $abc$11443$auto$blifparse.cc:525:parse_blif$11579.genblk1.genblk1.genblk1.genblk1.genblk1.lut1 (4 -> 0)
  Optimizing lut $abc$11443$auto$blifparse.cc:525:parse_blif$12319.genblk1.genblk1.genblk1.genblk1.genblk1.lut1 (4 -> 1)
  Optimizing lut $abc$11443$auto$blifparse.cc:525:parse_blif$12448.genblk1.genblk1.genblk1.genblk1.genblk1.lut1 (4 -> 2)
  Optimizing lut $abc$11443$auto$blifparse.cc:525:parse_blif$11580.genblk1.genblk1.genblk1.genblk1.genblk1.lut1 (4 -> 3)
  Optimizing lut $abc$11443$auto$blifparse.cc:525:parse_blif$11585.genblk1.genblk1.genblk1.genblk1.genblk1.lut1 (4 -> 3)
  Optimizing lut $abc$11443$auto$blifparse.cc:525:parse_blif$11829.genblk1.genblk1.genblk1.genblk1.genblk1.lut1 (4 -> 3)
  Optimizing lut $abc$11443$auto$blifparse.cc:525:parse_blif$11498.genblk1.genblk1.genblk1.genblk1.genblk1.lut1 (4 -> 3)
  Optimizing lut $abc$11443$auto$blifparse.cc:525:parse_blif$11736.genblk1.genblk1.genblk1.genblk1.genblk1.genblk1.genblk1.lut1 (4 -> 0)
  Optimizing lut $abc$11443$auto$blifparse.cc:525:parse_blif$12053.genblk1.genblk1.genblk1.genblk1.genblk1.lut1 (4 -> 0)
  Optimizing lut $abc$11443$auto$blifparse.cc:525:parse_blif$11823.genblk1.genblk1.genblk1.genblk1.genblk1.lut1 (4 -> 3)
Removed 0 unused cells and 3026 unused wires.

32.46. Executing AUTONAME pass.
Renamed 70982 objects in module SOC (103 iterations).

32.47. Executing HIERARCHY pass (managing design hierarchy).

32.47.1. Analyzing design hierarchy..
Top module:  \SOC

32.47.2. Analyzing design hierarchy..
Top module:  \SOC
Removed 0 unused modules.

32.48. Printing statistics.

=== SOC ===

   Number of wires:               2934
   Number of wire bits:           7290
   Number of public wires:        2934
   Number of public wire bits:    7290
   Number of memories:               0
   Number of memory bits:            0
   Number of processes:              0
   Number of cells:               3773
     CCU2C                         132
     DP16KD                          4
     L6MUX21                       244
     LUT4                         2156
     PFUMX                         548
     TRELLIS_DPR16X4                32
     TRELLIS_FF                    657

32.49. Executing CHECK pass (checking for obvious problems).
Checking module SOC...
Found and reported 0 problems.

33. Executing JSON backend.

Warnings: 65 unique messages, 65 total
End of script. Logfile hash: 35b0540144, CPU: user 6.21s system 0.10s, MEM: 99.06 MB peak
Yosys 0.33+6 (git sha1 41b34a193, x86_64-conda-linux-gnu-cc 11.2.0 -fvisibility-inlines-hidden -fmessage-length=0 -march=nocona -mtune=haswell -ftree-vectorize -fPIC -fstack-protector-strong -fno-plt -O2 -ffunction-sections -fdebug-prefix-map=/root/conda-eda/conda-eda/workdir/conda-env/conda-bld/yosys_1694128612374/work=/usr/local/src/conda/yosys-0.33_7_g41b34a193 -fdebug-prefix-map=/home/miguelangel-garcia/miniconda3/envs/digital=/usr/local/src/conda-prefix -fPIC -Os -fno-merge-constants)
Time spent: 22% 7x techmap (1 sec), 15% 1x abc (1 sec), ...
