
 /----------------------------------------------------------------------------\
 |                                                                            |
 |  yosys -- Yosys Open SYnthesis Suite                                       |
 |                                                                            |
 |  Copyright (C) 2012 - 2020  Claire Xenia Wolf <claire@yosyshq.com>         |
 |                                                                            |
 |  Permission to use, copy, modify, and/or distribute this software for any  |
 |  purpose with or without fee is hereby granted, provided that the above    |
 |  copyright notice and this permission notice appear in all copies.         |
 |                                                                            |
 |  THE SOFTWARE IS PROVIDED "AS IS" AND THE AUTHOR DISCLAIMS ALL WARRANTIES  |
 |  WITH REGARD TO THIS SOFTWARE INCLUDING ALL IMPLIED WARRANTIES OF          |
 |  MERCHANTABILITY AND FITNESS. IN NO EVENT SHALL THE AUTHOR BE LIABLE FOR   |
 |  ANY SPECIAL, DIRECT, INDIRECT, OR CONSEQUENTIAL DAMAGES OR ANY DAMAGES    |
 |  WHATSOEVER RESULTING FROM LOSS OF USE, DATA OR PROFITS, WHETHER IN AN     |
 |  ACTION OF CONTRACT, NEGLIGENCE OR OTHER TORTIOUS ACTION, ARISING OUT OF   |
 |  OR IN CONNECTION WITH THE USE OR PERFORMANCE OF THIS SOFTWARE.            |
 |                                                                            |
 \----------------------------------------------------------------------------/

 Yosys 0.33+6 (git sha1 41b34a193, x86_64-conda-linux-gnu-cc 11.2.0 -fvisibility-inlines-hidden -fmessage-length=0 -march=nocona -mtune=haswell -ftree-vectorize -fPIC -fstack-protector-strong -fno-plt -O2 -ffunction-sections -fdebug-prefix-map=/root/conda-eda/conda-eda/workdir/conda-env/conda-bld/yosys_1694128612374/work=/usr/local/src/conda/yosys-0.33_7_g41b34a193 -fdebug-prefix-map=/home/miguelangel-garcia/miniconda3/envs/digital=/usr/local/src/conda-prefix -fPIC -Os -fno-merge-constants)


-- Parsing `cores/cpu/femtorv32_quark_V2.v' using frontend ` -vlog2k' --

1. Executing Verilog-2005 frontend: cores/cpu/femtorv32_quark_V2.v
Parsing Verilog input from `cores/cpu/femtorv32_quark_V2.v' to AST representation.
Storing AST representation for module `$abstract\FemtoRV32'.
Successfully finished Verilog frontend.

-- Parsing `cores/uart/perip_uart.v' using frontend ` -vlog2k' --

2. Executing Verilog-2005 frontend: cores/uart/perip_uart.v
Parsing Verilog input from `cores/uart/perip_uart.v' to AST representation.
Storing AST representation for module `$abstract\peripheral_uart'.
Successfully finished Verilog frontend.

-- Parsing `cores/uart/uart.v' using frontend ` -vlog2k' --

3. Executing Verilog-2005 frontend: cores/uart/uart.v
Parsing Verilog input from `cores/uart/uart.v' to AST representation.
Storing AST representation for module `$abstract\uart'.
Successfully finished Verilog frontend.

-- Parsing `cores/mult_ASM/perip_mult.v' using frontend ` -vlog2k' --

4. Executing Verilog-2005 frontend: cores/mult_ASM/perip_mult.v
Parsing Verilog input from `cores/mult_ASM/perip_mult.v' to AST representation.
Storing AST representation for module `$abstract\peripheral_mult'.
Successfully finished Verilog frontend.

-- Parsing `cores/mult_ASM/mult_32.v' using frontend ` -vlog2k' --

5. Executing Verilog-2005 frontend: cores/mult_ASM/mult_32.v
Parsing Verilog input from `cores/mult_ASM/mult_32.v' to AST representation.
Storing AST representation for module `$abstract\mult_32'.
Successfully finished Verilog frontend.

-- Parsing `cores/mult_ASM/acc.v' using frontend ` -vlog2k' --

6. Executing Verilog-2005 frontend: cores/mult_ASM/acc.v
Parsing Verilog input from `cores/mult_ASM/acc.v' to AST representation.
Storing AST representation for module `$abstract\acc'.
Successfully finished Verilog frontend.

-- Parsing `cores/mult_ASM/comp.v' using frontend ` -vlog2k' --

7. Executing Verilog-2005 frontend: cores/mult_ASM/comp.v
Parsing Verilog input from `cores/mult_ASM/comp.v' to AST representation.
Storing AST representation for module `$abstract\comp'.
Successfully finished Verilog frontend.

-- Parsing `cores/mult_ASM/lsr_mult.v' using frontend ` -vlog2k' --

8. Executing Verilog-2005 frontend: cores/mult_ASM/lsr_mult.v
Parsing Verilog input from `cores/mult_ASM/lsr_mult.v' to AST representation.
Storing AST representation for module `$abstract\lsr_mult'.
Successfully finished Verilog frontend.

-- Parsing `cores/mult_ASM/control_mult.v' using frontend ` -vlog2k' --

9. Executing Verilog-2005 frontend: cores/mult_ASM/control_mult.v
Parsing Verilog input from `cores/mult_ASM/control_mult.v' to AST representation.
Storing AST representation for module `$abstract\control_mult'.
Successfully finished Verilog frontend.

-- Parsing `cores/mult_ASM/rsr.v' using frontend ` -vlog2k' --

10. Executing Verilog-2005 frontend: cores/mult_ASM/rsr.v
Parsing Verilog input from `cores/mult_ASM/rsr.v' to AST representation.
Storing AST representation for module `$abstract\rsr'.
Successfully finished Verilog frontend.

-- Parsing `cores/sqrt_ASM/addc2.v' using frontend ` -vlog2k' --

11. Executing Verilog-2005 frontend: cores/sqrt_ASM/addc2.v
Parsing Verilog input from `cores/sqrt_ASM/addc2.v' to AST representation.
Storing AST representation for module `$abstract\addc2'.
Successfully finished Verilog frontend.

-- Parsing `cores/sqrt_ASM/count.v' using frontend ` -vlog2k' --

12. Executing Verilog-2005 frontend: cores/sqrt_ASM/count.v
Parsing Verilog input from `cores/sqrt_ASM/count.v' to AST representation.
Storing AST representation for module `$abstract\count'.
Successfully finished Verilog frontend.

-- Parsing `cores/sqrt_ASM/lsr.v' using frontend ` -vlog2k' --

13. Executing Verilog-2005 frontend: cores/sqrt_ASM/lsr.v
Parsing Verilog input from `cores/sqrt_ASM/lsr.v' to AST representation.
Storing AST representation for module `$abstract\lsr'.
Successfully finished Verilog frontend.

-- Parsing `cores/sqrt_ASM/perip_sqrt.v' using frontend ` -vlog2k' --

14. Executing Verilog-2005 frontend: cores/sqrt_ASM/perip_sqrt.v
Parsing Verilog input from `cores/sqrt_ASM/perip_sqrt.v' to AST representation.
Storing AST representation for module `$abstract\peripheral_sqrt'.
Successfully finished Verilog frontend.

-- Parsing `cores/sqrt_ASM/sqrt.v' using frontend ` -vlog2k' --

15. Executing Verilog-2005 frontend: cores/sqrt_ASM/sqrt.v
Parsing Verilog input from `cores/sqrt_ASM/sqrt.v' to AST representation.
Storing AST representation for module `$abstract\sqrt'.
Successfully finished Verilog frontend.

-- Parsing `cores/sqrt_ASM/lsr2.v' using frontend ` -vlog2k' --

16. Executing Verilog-2005 frontend: cores/sqrt_ASM/lsr2.v
Parsing Verilog input from `cores/sqrt_ASM/lsr2.v' to AST representation.
Storing AST representation for module `$abstract\lsr2'.
Successfully finished Verilog frontend.

-- Parsing `cores/sqrt_ASM/control.v' using frontend ` -vlog2k' --

17. Executing Verilog-2005 frontend: cores/sqrt_ASM/control.v
Parsing Verilog input from `cores/sqrt_ASM/control.v' to AST representation.
Storing AST representation for module `$abstract\control_sqrt'.
Successfully finished Verilog frontend.

-- Parsing `cores/bin2bcd/add_sub_c2.v' using frontend ` -vlog2k' --

18. Executing Verilog-2005 frontend: cores/bin2bcd/add_sub_c2.v
Parsing Verilog input from `cores/bin2bcd/add_sub_c2.v' to AST representation.
Storing AST representation for module `$abstract\add_sub_c2'.
Successfully finished Verilog frontend.

-- Parsing `cores/bin2bcd/bin2bcd.v' using frontend ` -vlog2k' --

19. Executing Verilog-2005 frontend: cores/bin2bcd/bin2bcd.v
Parsing Verilog input from `cores/bin2bcd/bin2bcd.v' to AST representation.
Storing AST representation for module `$abstract\bin2bcd'.
Successfully finished Verilog frontend.

-- Parsing `cores/bin2bcd/mux2.v' using frontend ` -vlog2k' --

20. Executing Verilog-2005 frontend: cores/bin2bcd/mux2.v
Parsing Verilog input from `cores/bin2bcd/mux2.v' to AST representation.
Storing AST representation for module `$abstract\mux'.
Successfully finished Verilog frontend.

-- Parsing `cores/bin2bcd/count.v' using frontend ` -vlog2k' --

21. Executing Verilog-2005 frontend: cores/bin2bcd/count.v
Parsing Verilog input from `cores/bin2bcd/count.v' to AST representation.
Storing AST representation for module `$abstract\cnt_bin2bcd'.
Successfully finished Verilog frontend.

-- Parsing `cores/bin2bcd/ctrl_b2b.v' using frontend ` -vlog2k' --

22. Executing Verilog-2005 frontend: cores/bin2bcd/ctrl_b2b.v
Parsing Verilog input from `cores/bin2bcd/ctrl_b2b.v' to AST representation.
Storing AST representation for module `$abstract\ctrl_b2b'.
Successfully finished Verilog frontend.

-- Parsing `cores/bin2bcd/perip_bin2bcd.v' using frontend ` -vlog2k' --

23. Executing Verilog-2005 frontend: cores/bin2bcd/perip_bin2bcd.v
Parsing Verilog input from `cores/bin2bcd/perip_bin2bcd.v' to AST representation.
Storing AST representation for module `$abstract\peripheral_bin2bcd'.
Successfully finished Verilog frontend.

-- Parsing `cores/bin2bcd/lsr4.v' using frontend ` -vlog2k' --

24. Executing Verilog-2005 frontend: cores/bin2bcd/lsr4.v
Parsing Verilog input from `cores/bin2bcd/lsr4.v' to AST representation.
Storing AST representation for module `$abstract\lsr4'.
Successfully finished Verilog frontend.

-- Parsing `cores/bin2bcd/reg_msb.v' using frontend ` -vlog2k' --

25. Executing Verilog-2005 frontend: cores/bin2bcd/reg_msb.v
Parsing Verilog input from `cores/bin2bcd/reg_msb.v' to AST representation.
Storing AST representation for module `$abstract\reg_msb'.
Successfully finished Verilog frontend.

-- Parsing `cores/ws2812/perip_ws2812.v' using frontend ` -vlog2k' --

26. Executing Verilog-2005 frontend: cores/ws2812/perip_ws2812.v
Parsing Verilog input from `cores/ws2812/perip_ws2812.v' to AST representation.
Storing AST representation for module `$abstract\peripheral_ws2812'.
Successfully finished Verilog frontend.

-- Parsing `cores/ws2812/ws2812_led_array.v' using frontend ` -vlog2k' --

27. Executing Verilog-2005 frontend: cores/ws2812/ws2812_led_array.v
Parsing Verilog input from `cores/ws2812/ws2812_led_array.v' to AST representation.
Storing AST representation for module `$abstract\ws2812_led_array'.
Successfully finished Verilog frontend.

-- Parsing `cores/ws2812/led_mem.v' using frontend ` -vlog2k' --

28. Executing Verilog-2005 frontend: cores/ws2812/led_mem.v
Parsing Verilog input from `cores/ws2812/led_mem.v' to AST representation.
Storing AST representation for module `$abstract\led_mem'.
Successfully finished Verilog frontend.

-- Parsing `cores/ws2812/count_addr_arr.v' using frontend ` -vlog2k' --

29. Executing Verilog-2005 frontend: cores/ws2812/count_addr_arr.v
Parsing Verilog input from `cores/ws2812/count_addr_arr.v' to AST representation.
Storing AST representation for module `$abstract\count_addr_arr'.
Successfully finished Verilog frontend.

-- Parsing `cores/ws2812/ctrl_ws_arr.v' using frontend ` -vlog2k' --

30. Executing Verilog-2005 frontend: cores/ws2812/ctrl_ws_arr.v
Parsing Verilog input from `cores/ws2812/ctrl_ws_arr.v' to AST representation.
Storing AST representation for module `$abstract\ctrl_ws_arr'.
Successfully finished Verilog frontend.

-- Parsing `cores/ws2812/comp_ws_arr.v' using frontend ` -vlog2k' --

31. Executing Verilog-2005 frontend: cores/ws2812/comp_ws_arr.v
Parsing Verilog input from `cores/ws2812/comp_ws_arr.v' to AST representation.
Storing AST representation for module `$abstract\comp_ws_arr'.
Successfully finished Verilog frontend.

-- Parsing `cores/ws2812/ws2812_led.v' using frontend ` -vlog2k' --

32. Executing Verilog-2005 frontend: cores/ws2812/ws2812_led.v
Parsing Verilog input from `cores/ws2812/ws2812_led.v' to AST representation.
Storing AST representation for module `$abstract\ws2812_led'.
Successfully finished Verilog frontend.

-- Parsing `cores/ws2812/lsr_wsled.v' using frontend ` -vlog2k' --

33. Executing Verilog-2005 frontend: cores/ws2812/lsr_wsled.v
Parsing Verilog input from `cores/ws2812/lsr_wsled.v' to AST representation.
Storing AST representation for module `$abstract\lsr_wsled'.
Successfully finished Verilog frontend.

-- Parsing `cores/ws2812/count_wsled.v' using frontend ` -vlog2k' --

34. Executing Verilog-2005 frontend: cores/ws2812/count_wsled.v
Parsing Verilog input from `cores/ws2812/count_wsled.v' to AST representation.
Storing AST representation for module `$abstract\count_wsled'.
Successfully finished Verilog frontend.

-- Parsing `cores/ws2812/ctrl_wsled.v' using frontend ` -vlog2k' --

35. Executing Verilog-2005 frontend: cores/ws2812/ctrl_wsled.v
Parsing Verilog input from `cores/ws2812/ctrl_wsled.v' to AST representation.
Storing AST representation for module `$abstract\ctrl_wsled'.
Successfully finished Verilog frontend.

-- Parsing `cores/ws2812/ws2812.v' using frontend ` -vlog2k' --

36. Executing Verilog-2005 frontend: cores/ws2812/ws2812.v
Parsing Verilog input from `cores/ws2812/ws2812.v' to AST representation.
Storing AST representation for module `$abstract\ws2812'.
Successfully finished Verilog frontend.

-- Parsing `cores/ws2812/count_ws.v' using frontend ` -vlog2k' --

37. Executing Verilog-2005 frontend: cores/ws2812/count_ws.v
Parsing Verilog input from `cores/ws2812/count_ws.v' to AST representation.
Storing AST representation for module `$abstract\count_ws'.
Successfully finished Verilog frontend.

-- Parsing `cores/ws2812/comp_ws.v' using frontend ` -vlog2k' --

38. Executing Verilog-2005 frontend: cores/ws2812/comp_ws.v
Parsing Verilog input from `cores/ws2812/comp_ws.v' to AST representation.
Storing AST representation for module `$abstract\comp_ws'.
Successfully finished Verilog frontend.

-- Parsing `cores/ws2812/mux_ws.v' using frontend ` -vlog2k' --

39. Executing Verilog-2005 frontend: cores/ws2812/mux_ws.v
Parsing Verilog input from `cores/ws2812/mux_ws.v' to AST representation.
Storing AST representation for module `$abstract\mux_ws'.
Successfully finished Verilog frontend.

-- Parsing `cores/ws2812/ctrl_ws.v' using frontend ` -vlog2k' --

40. Executing Verilog-2005 frontend: cores/ws2812/ctrl_ws.v
Parsing Verilog input from `cores/ws2812/ctrl_ws.v' to AST representation.
Storing AST representation for module `$abstract\ctrl_ws'.
Successfully finished Verilog frontend.

-- Parsing `cores/bcd2bin/bcd2bin.v' using frontend ` -vlog2k' --

41. Executing Verilog-2005 frontend: cores/bcd2bin/bcd2bin.v
Parsing Verilog input from `cores/bcd2bin/bcd2bin.v' to AST representation.
Storing AST representation for module `$abstract\bcd2bin'.
Successfully finished Verilog frontend.

-- Parsing `cores/bcd2bin/perip_bcd2bin.v' using frontend ` -vlog2k' --

42. Executing Verilog-2005 frontend: cores/bcd2bin/perip_bcd2bin.v
Parsing Verilog input from `cores/bcd2bin/perip_bcd2bin.v' to AST representation.
Storing AST representation for module `$abstract\peripheral_bcd2bin'.
Successfully finished Verilog frontend.

-- Parsing `cores/bcd2bin/rsr4.v' using frontend ` -vlog2k' --

43. Executing Verilog-2005 frontend: cores/bcd2bin/rsr4.v
Parsing Verilog input from `cores/bcd2bin/rsr4.v' to AST representation.
Storing AST representation for module `$abstract\rsr4'.
Successfully finished Verilog frontend.

-- Parsing `cores/bram/bram.v' using frontend ` -vlog2k' --

44. Executing Verilog-2005 frontend: cores/bram/bram.v
Parsing Verilog input from `cores/bram/bram.v' to AST representation.
Storing AST representation for module `$abstract\bram'.
Successfully finished Verilog frontend.

-- Parsing `SOC.v' using frontend ` -vlog2k' --

45. Executing Verilog-2005 frontend: SOC.v
Parsing Verilog input from `SOC.v' to AST representation.
Storing AST representation for module `$abstract\SOC'.
Successfully finished Verilog frontend.

-- Running command `attrmap -tocase keep -imap keep="true" keep=1  ; synth_ecp5 -top SOC;  write_json  build/SOC.json' --

46. Executing ATTRMAP pass (move or copy attributes).

47. Executing SYNTH_ECP5 pass.

47.1. Executing Verilog-2005 frontend: /home/miguelangel-garcia/miniconda3/envs/digital/bin/../share/yosys/ecp5/cells_sim.v
Parsing Verilog input from `/home/miguelangel-garcia/miniconda3/envs/digital/bin/../share/yosys/ecp5/cells_sim.v' to AST representation.
Generating RTLIL representation for module `\LUT4'.
Generating RTLIL representation for module `\$__ABC9_LUT5'.
Generating RTLIL representation for module `\$__ABC9_LUT6'.
Generating RTLIL representation for module `\$__ABC9_LUT7'.
Generating RTLIL representation for module `\L6MUX21'.
Generating RTLIL representation for module `\CCU2C'.
Generating RTLIL representation for module `\TRELLIS_RAM16X2'.
Generating RTLIL representation for module `\PFUMX'.
Generating RTLIL representation for module `\TRELLIS_DPR16X4'.
Generating RTLIL representation for module `\DPR16X4C'.
Generating RTLIL representation for module `\LUT2'.
Generating RTLIL representation for module `\TRELLIS_FF'.
Generating RTLIL representation for module `\TRELLIS_IO'.
Generating RTLIL representation for module `\INV'.
Generating RTLIL representation for module `\TRELLIS_COMB'.
Generating RTLIL representation for module `\DP16KD'.
Generating RTLIL representation for module `\FD1P3AX'.
Generating RTLIL representation for module `\FD1P3AY'.
Generating RTLIL representation for module `\FD1P3BX'.
Generating RTLIL representation for module `\FD1P3DX'.
Generating RTLIL representation for module `\FD1P3IX'.
Generating RTLIL representation for module `\FD1P3JX'.
Generating RTLIL representation for module `\FD1S3AX'.
Generating RTLIL representation for module `\FD1S3AY'.
Generating RTLIL representation for module `\FD1S3BX'.
Generating RTLIL representation for module `\FD1S3DX'.
Generating RTLIL representation for module `\FD1S3IX'.
Generating RTLIL representation for module `\FD1S3JX'.
Generating RTLIL representation for module `\IFS1P3BX'.
Generating RTLIL representation for module `\IFS1P3DX'.
Generating RTLIL representation for module `\IFS1P3IX'.
Generating RTLIL representation for module `\IFS1P3JX'.
Generating RTLIL representation for module `\OFS1P3BX'.
Generating RTLIL representation for module `\OFS1P3DX'.
Generating RTLIL representation for module `\OFS1P3IX'.
Generating RTLIL representation for module `\OFS1P3JX'.
Generating RTLIL representation for module `\IB'.
Generating RTLIL representation for module `\IBPU'.
Generating RTLIL representation for module `\IBPD'.
Generating RTLIL representation for module `\OB'.
Generating RTLIL representation for module `\OBZ'.
Generating RTLIL representation for module `\OBZPU'.
Generating RTLIL representation for module `\OBZPD'.
Generating RTLIL representation for module `\OBCO'.
Generating RTLIL representation for module `\BB'.
Generating RTLIL representation for module `\BBPU'.
Generating RTLIL representation for module `\BBPD'.
Generating RTLIL representation for module `\ILVDS'.
Generating RTLIL representation for module `\OLVDS'.
Successfully finished Verilog frontend.

47.2. Executing Verilog-2005 frontend: /home/miguelangel-garcia/miniconda3/envs/digital/bin/../share/yosys/ecp5/cells_bb.v
Parsing Verilog input from `/home/miguelangel-garcia/miniconda3/envs/digital/bin/../share/yosys/ecp5/cells_bb.v' to AST representation.
Generating RTLIL representation for module `\MULT18X18D'.
Generating RTLIL representation for module `\ALU54B'.
Generating RTLIL representation for module `\EHXPLLL'.
Generating RTLIL representation for module `\DTR'.
Generating RTLIL representation for module `\OSCG'.
Generating RTLIL representation for module `\USRMCLK'.
Generating RTLIL representation for module `\JTAGG'.
Generating RTLIL representation for module `\DELAYF'.
Generating RTLIL representation for module `\DELAYG'.
Generating RTLIL representation for module `\IDDRX1F'.
Generating RTLIL representation for module `\IDDRX2F'.
Generating RTLIL representation for module `\IDDR71B'.
Generating RTLIL representation for module `\IDDRX2DQA'.
Generating RTLIL representation for module `\ODDRX1F'.
Generating RTLIL representation for module `\ODDRX2F'.
Generating RTLIL representation for module `\ODDR71B'.
Generating RTLIL representation for module `\OSHX2A'.
Generating RTLIL representation for module `\ODDRX2DQA'.
Generating RTLIL representation for module `\ODDRX2DQSB'.
Generating RTLIL representation for module `\TSHX2DQA'.
Generating RTLIL representation for module `\TSHX2DQSA'.
Generating RTLIL representation for module `\DQSBUFM'.
Generating RTLIL representation for module `\DDRDLLA'.
Generating RTLIL representation for module `\DLLDELD'.
Generating RTLIL representation for module `\CLKDIVF'.
Generating RTLIL representation for module `\ECLKSYNCB'.
Generating RTLIL representation for module `\ECLKBRIDGECS'.
Generating RTLIL representation for module `\DCCA'.
Generating RTLIL representation for module `\DCSC'.
Generating RTLIL representation for module `\DCUA'.
Generating RTLIL representation for module `\EXTREFB'.
Generating RTLIL representation for module `\PCSCLKDIV'.
Generating RTLIL representation for module `\PUR'.
Generating RTLIL representation for module `\GSR'.
Generating RTLIL representation for module `\SGSR'.
Generating RTLIL representation for module `\PDPW16KD'.
Successfully finished Verilog frontend.

47.3. Executing HIERARCHY pass (managing design hierarchy).

47.4. Executing AST frontend in derive mode using pre-parsed AST for module `\SOC'.
Generating RTLIL representation for module `\SOC'.

47.4.1. Analyzing design hierarchy..
Top module:  \SOC

47.4.2. Executing AST frontend in derive mode using pre-parsed AST for module `\peripheral_ws2812'.
Generating RTLIL representation for module `\peripheral_ws2812'.

47.4.3. Executing AST frontend in derive mode using pre-parsed AST for module `\peripheral_bcd2bin'.
Generating RTLIL representation for module `\peripheral_bcd2bin'.

47.4.4. Executing AST frontend in derive mode using pre-parsed AST for module `\peripheral_bin2bcd'.
Generating RTLIL representation for module `\peripheral_bin2bcd'.

47.4.5. Executing AST frontend in derive mode using pre-parsed AST for module `\peripheral_sqrt'.
Generating RTLIL representation for module `\peripheral_sqrt'.

47.4.6. Executing AST frontend in derive mode using pre-parsed AST for module `\peripheral_mult'.
Generating RTLIL representation for module `\peripheral_mult'.
Parameter \clk_freq = 25000000
Parameter \baud = 57600

47.4.7. Executing AST frontend in derive mode using pre-parsed AST for module `\peripheral_uart'.
Parameter \clk_freq = 25000000
Parameter \baud = 57600
Generating RTLIL representation for module `$paramod$e358107493866f19ba52d8dda1c67d080e76663e\peripheral_uart'.

47.4.8. Executing AST frontend in derive mode using pre-parsed AST for module `\bram'.
Generating RTLIL representation for module `\bram'.

47.4.9. Executing AST frontend in derive mode using pre-parsed AST for module `\FemtoRV32'.
Generating RTLIL representation for module `\FemtoRV32'.

47.4.10. Analyzing design hierarchy..
Top module:  \SOC
Used module:     \peripheral_ws2812
Used module:     \peripheral_bcd2bin
Used module:     \peripheral_bin2bcd
Used module:     \peripheral_sqrt
Used module:     \peripheral_mult
Used module:     $paramod$e358107493866f19ba52d8dda1c67d080e76663e\peripheral_uart
Used module:     \bram
Used module:     \FemtoRV32

47.4.11. Executing AST frontend in derive mode using pre-parsed AST for module `\mult_32'.
Generating RTLIL representation for module `\mult_32'.

47.4.12. Executing AST frontend in derive mode using pre-parsed AST for module `\sqrt'.
Generating RTLIL representation for module `\sqrt'.

47.4.13. Executing AST frontend in derive mode using pre-parsed AST for module `\bin2bcd'.
Generating RTLIL representation for module `\bin2bcd'.

47.4.14. Executing AST frontend in derive mode using pre-parsed AST for module `\bcd2bin'.
Generating RTLIL representation for module `\bcd2bin'.

47.4.15. Executing AST frontend in derive mode using pre-parsed AST for module `\ws2812_led_array'.
Generating RTLIL representation for module `\ws2812_led_array'.
cores/ws2812/ws2812_led_array.v:22: Warning: Identifier `\inc' is implicitly declared.
Parameter \freq_hz = 25000000
Parameter \baud = 57600

47.4.16. Executing AST frontend in derive mode using pre-parsed AST for module `\uart'.
Parameter \freq_hz = 25000000
Parameter \baud = 57600
Generating RTLIL representation for module `$paramod$1c9b49bacefaeab44db5983aee61d9795015608a\uart'.

47.4.17. Analyzing design hierarchy..
Top module:  \SOC
Used module:     \peripheral_ws2812
Used module:         \ws2812_led_array
Used module:     \peripheral_bcd2bin
Used module:         \bcd2bin
Used module:     \peripheral_bin2bcd
Used module:         \bin2bcd
Used module:     \peripheral_sqrt
Used module:         \sqrt
Used module:     \peripheral_mult
Used module:         \mult_32
Used module:     $paramod$e358107493866f19ba52d8dda1c67d080e76663e\peripheral_uart
Used module:         $paramod$1c9b49bacefaeab44db5983aee61d9795015608a\uart
Used module:     \bram
Used module:     \FemtoRV32

47.4.18. Executing AST frontend in derive mode using pre-parsed AST for module `\comp_ws_arr'.
Generating RTLIL representation for module `\comp_ws_arr'.

47.4.19. Executing AST frontend in derive mode using pre-parsed AST for module `\ctrl_ws_arr'.
Generating RTLIL representation for module `\ctrl_ws_arr'.
Warning: wire '\count' is assigned in a block at cores/ws2812/ctrl_ws_arr.v:72.13-72.25.
cores/ws2812/ctrl_ws_arr.v:72: Warning: Identifier `\count' is implicitly declared.

47.4.20. Executing AST frontend in derive mode using pre-parsed AST for module `\count_addr_arr'.
Generating RTLIL representation for module `\count_addr_arr'.

47.4.21. Executing AST frontend in derive mode using pre-parsed AST for module `\ws2812_led'.
Generating RTLIL representation for module `\ws2812_led'.

47.4.22. Executing AST frontend in derive mode using pre-parsed AST for module `\led_mem'.
Generating RTLIL representation for module `\led_mem'.

47.4.23. Executing AST frontend in derive mode using pre-parsed AST for module `\ctrl_b2b'.
Generating RTLIL representation for module `\ctrl_b2b'.

47.4.24. Executing AST frontend in derive mode using pre-parsed AST for module `\cnt_bin2bcd'.
Generating RTLIL representation for module `\cnt_bin2bcd'.

47.4.25. Executing AST frontend in derive mode using pre-parsed AST for module `\reg_msb'.
Generating RTLIL representation for module `\reg_msb'.

47.4.26. Executing AST frontend in derive mode using pre-parsed AST for module `\add_sub_c2'.
Generating RTLIL representation for module `\add_sub_c2'.

47.4.27. Executing AST frontend in derive mode using pre-parsed AST for module `\mux'.
Generating RTLIL representation for module `\mux'.

47.4.28. Executing AST frontend in derive mode using pre-parsed AST for module `\rsr4'.
Generating RTLIL representation for module `\rsr4'.

47.4.29. Executing AST frontend in derive mode using pre-parsed AST for module `\lsr4'.
Generating RTLIL representation for module `\lsr4'.

47.4.30. Executing AST frontend in derive mode using pre-parsed AST for module `\control_sqrt'.
Generating RTLIL representation for module `\control_sqrt'.

47.4.31. Executing AST frontend in derive mode using pre-parsed AST for module `\count'.
Generating RTLIL representation for module `\count'.

47.4.32. Executing AST frontend in derive mode using pre-parsed AST for module `\addc2'.
Generating RTLIL representation for module `\addc2'.

47.4.33. Executing AST frontend in derive mode using pre-parsed AST for module `\lsr'.
Generating RTLIL representation for module `\lsr'.

47.4.34. Executing AST frontend in derive mode using pre-parsed AST for module `\lsr2'.
Generating RTLIL representation for module `\lsr2'.

47.4.35. Executing AST frontend in derive mode using pre-parsed AST for module `\control_mult'.
Generating RTLIL representation for module `\control_mult'.

47.4.36. Executing AST frontend in derive mode using pre-parsed AST for module `\acc'.
Generating RTLIL representation for module `\acc'.

47.4.37. Executing AST frontend in derive mode using pre-parsed AST for module `\comp'.
Generating RTLIL representation for module `\comp'.

47.4.38. Executing AST frontend in derive mode using pre-parsed AST for module `\lsr_mult'.
Generating RTLIL representation for module `\lsr_mult'.

47.4.39. Executing AST frontend in derive mode using pre-parsed AST for module `\rsr'.
Generating RTLIL representation for module `\rsr'.

47.4.40. Analyzing design hierarchy..
Top module:  \SOC
Used module:     \peripheral_ws2812
Used module:         \ws2812_led_array
Used module:             \comp_ws_arr
Used module:             \ctrl_ws_arr
Used module:             \count_addr_arr
Used module:             \ws2812_led
Used module:             \led_mem
Used module:     \peripheral_bcd2bin
Used module:         \bcd2bin
Used module:             \ctrl_b2b
Used module:             \cnt_bin2bcd
Used module:             \reg_msb
Used module:             \add_sub_c2
Used module:             \mux
Used module:             \rsr4
Used module:     \peripheral_bin2bcd
Used module:         \bin2bcd
Used module:             \lsr4
Used module:     \peripheral_sqrt
Used module:         \sqrt
Used module:             \control_sqrt
Used module:             \count
Used module:             \addc2
Used module:             \lsr
Used module:             \lsr2
Used module:     \peripheral_mult
Used module:         \mult_32
Used module:             \control_mult
Used module:             \acc
Used module:             \comp
Used module:             \lsr_mult
Used module:             \rsr
Used module:     $paramod$e358107493866f19ba52d8dda1c67d080e76663e\peripheral_uart
Used module:         $paramod$1c9b49bacefaeab44db5983aee61d9795015608a\uart
Used module:     \bram
Used module:     \FemtoRV32

47.4.41. Executing AST frontend in derive mode using pre-parsed AST for module `\ctrl_wsled'.
Generating RTLIL representation for module `\ctrl_wsled'.

47.4.42. Executing AST frontend in derive mode using pre-parsed AST for module `\ws2812'.
Generating RTLIL representation for module `\ws2812'.

47.4.43. Executing AST frontend in derive mode using pre-parsed AST for module `\count_wsled'.
Generating RTLIL representation for module `\count_wsled'.

47.4.44. Executing AST frontend in derive mode using pre-parsed AST for module `\lsr_wsled'.
Generating RTLIL representation for module `\lsr_wsled'.

47.4.45. Analyzing design hierarchy..
Top module:  \SOC
Used module:     \peripheral_ws2812
Used module:         \ws2812_led_array
Used module:             \comp_ws_arr
Used module:             \ctrl_ws_arr
Used module:             \count_addr_arr
Used module:             \ws2812_led
Used module:                 \ctrl_wsled
Used module:                 \ws2812
Used module:                 \count_wsled
Used module:                 \lsr_wsled
Used module:             \led_mem
Used module:     \peripheral_bcd2bin
Used module:         \bcd2bin
Used module:             \ctrl_b2b
Used module:             \cnt_bin2bcd
Used module:             \reg_msb
Used module:             \add_sub_c2
Used module:             \mux
Used module:             \rsr4
Used module:     \peripheral_bin2bcd
Used module:         \bin2bcd
Used module:             \lsr4
Used module:     \peripheral_sqrt
Used module:         \sqrt
Used module:             \control_sqrt
Used module:             \count
Used module:             \addc2
Used module:             \lsr
Used module:             \lsr2
Used module:     \peripheral_mult
Used module:         \mult_32
Used module:             \control_mult
Used module:             \acc
Used module:             \comp
Used module:             \lsr_mult
Used module:             \rsr
Used module:     $paramod$e358107493866f19ba52d8dda1c67d080e76663e\peripheral_uart
Used module:         $paramod$1c9b49bacefaeab44db5983aee61d9795015608a\uart
Used module:     \bram
Used module:     \FemtoRV32

47.4.46. Executing AST frontend in derive mode using pre-parsed AST for module `\ctrl_ws'.
Generating RTLIL representation for module `\ctrl_ws'.

47.4.47. Executing AST frontend in derive mode using pre-parsed AST for module `\mux_ws'.
Generating RTLIL representation for module `\mux_ws'.

47.4.48. Executing AST frontend in derive mode using pre-parsed AST for module `\comp_ws'.
Generating RTLIL representation for module `\comp_ws'.

47.4.49. Executing AST frontend in derive mode using pre-parsed AST for module `\count_ws'.
Generating RTLIL representation for module `\count_ws'.

47.4.50. Analyzing design hierarchy..
Top module:  \SOC
Used module:     \peripheral_ws2812
Used module:         \ws2812_led_array
Used module:             \comp_ws_arr
Used module:             \ctrl_ws_arr
Used module:             \count_addr_arr
Used module:             \ws2812_led
Used module:                 \ctrl_wsled
Used module:                 \ws2812
Used module:                     \ctrl_ws
Used module:                     \mux_ws
Used module:                     \comp_ws
Used module:                     \count_ws
Used module:                 \count_wsled
Used module:                 \lsr_wsled
Used module:             \led_mem
Used module:     \peripheral_bcd2bin
Used module:         \bcd2bin
Used module:             \ctrl_b2b
Used module:             \cnt_bin2bcd
Used module:             \reg_msb
Used module:             \add_sub_c2
Used module:             \mux
Used module:             \rsr4
Used module:     \peripheral_bin2bcd
Used module:         \bin2bcd
Used module:             \lsr4
Used module:     \peripheral_sqrt
Used module:         \sqrt
Used module:             \control_sqrt
Used module:             \count
Used module:             \addc2
Used module:             \lsr
Used module:             \lsr2
Used module:     \peripheral_mult
Used module:         \mult_32
Used module:             \control_mult
Used module:             \acc
Used module:             \comp
Used module:             \lsr_mult
Used module:             \rsr
Used module:     $paramod$e358107493866f19ba52d8dda1c67d080e76663e\peripheral_uart
Used module:         $paramod$1c9b49bacefaeab44db5983aee61d9795015608a\uart
Used module:     \bram
Used module:     \FemtoRV32

47.4.51. Analyzing design hierarchy..
Top module:  \SOC
Used module:     \peripheral_ws2812
Used module:         \ws2812_led_array
Used module:             \comp_ws_arr
Used module:             \ctrl_ws_arr
Used module:             \count_addr_arr
Used module:             \ws2812_led
Used module:                 \ctrl_wsled
Used module:                 \ws2812
Used module:                     \ctrl_ws
Used module:                     \mux_ws
Used module:                     \comp_ws
Used module:                     \count_ws
Used module:                 \count_wsled
Used module:                 \lsr_wsled
Used module:             \led_mem
Used module:     \peripheral_bcd2bin
Used module:         \bcd2bin
Used module:             \ctrl_b2b
Used module:             \cnt_bin2bcd
Used module:             \reg_msb
Used module:             \add_sub_c2
Used module:             \mux
Used module:             \rsr4
Used module:     \peripheral_bin2bcd
Used module:         \bin2bcd
Used module:             \lsr4
Used module:     \peripheral_sqrt
Used module:         \sqrt
Used module:             \control_sqrt
Used module:             \count
Used module:             \addc2
Used module:             \lsr
Used module:             \lsr2
Used module:     \peripheral_mult
Used module:         \mult_32
Used module:             \control_mult
Used module:             \acc
Used module:             \comp
Used module:             \lsr_mult
Used module:             \rsr
Used module:     $paramod$e358107493866f19ba52d8dda1c67d080e76663e\peripheral_uart
Used module:         $paramod$1c9b49bacefaeab44db5983aee61d9795015608a\uart
Used module:     \bram
Used module:     \FemtoRV32
Removing unused module `$abstract\SOC'.
Removing unused module `$abstract\bram'.
Removing unused module `$abstract\rsr4'.
Removing unused module `$abstract\peripheral_bcd2bin'.
Removing unused module `$abstract\bcd2bin'.
Removing unused module `$abstract\ctrl_ws'.
Removing unused module `$abstract\mux_ws'.
Removing unused module `$abstract\comp_ws'.
Removing unused module `$abstract\count_ws'.
Removing unused module `$abstract\ws2812'.
Removing unused module `$abstract\ctrl_wsled'.
Removing unused module `$abstract\count_wsled'.
Removing unused module `$abstract\lsr_wsled'.
Removing unused module `$abstract\ws2812_led'.
Removing unused module `$abstract\comp_ws_arr'.
Removing unused module `$abstract\ctrl_ws_arr'.
Removing unused module `$abstract\count_addr_arr'.
Removing unused module `$abstract\led_mem'.
Removing unused module `$abstract\ws2812_led_array'.
Removing unused module `$abstract\peripheral_ws2812'.
Removing unused module `$abstract\reg_msb'.
Removing unused module `$abstract\lsr4'.
Removing unused module `$abstract\peripheral_bin2bcd'.
Removing unused module `$abstract\ctrl_b2b'.
Removing unused module `$abstract\cnt_bin2bcd'.
Removing unused module `$abstract\mux'.
Removing unused module `$abstract\bin2bcd'.
Removing unused module `$abstract\add_sub_c2'.
Removing unused module `$abstract\control_sqrt'.
Removing unused module `$abstract\lsr2'.
Removing unused module `$abstract\sqrt'.
Removing unused module `$abstract\peripheral_sqrt'.
Removing unused module `$abstract\lsr'.
Removing unused module `$abstract\count'.
Removing unused module `$abstract\addc2'.
Removing unused module `$abstract\rsr'.
Removing unused module `$abstract\control_mult'.
Removing unused module `$abstract\lsr_mult'.
Removing unused module `$abstract\comp'.
Removing unused module `$abstract\acc'.
Removing unused module `$abstract\mult_32'.
Removing unused module `$abstract\peripheral_mult'.
Removing unused module `$abstract\uart'.
Removing unused module `$abstract\peripheral_uart'.
Removing unused module `$abstract\FemtoRV32'.
Removed 45 unused modules.
Warning: Resizing cell port ws2812_led_array.comp0.N_LEDS from 32 bits to 6 bits.
Warning: Resizing cell port SOC.ws2812_0.d_in from 20 bits to 16 bits.

47.5. Executing PROC pass (convert processes to netlists).

47.5.1. Executing PROC_CLEAN pass (remove empty switches from decision trees).
Found and cleaned up 1 empty switch in `\TRELLIS_DPR16X4.$proc$/home/miguelangel-garcia/miniconda3/envs/digital/bin/../share/yosys/ecp5/cells_sim.v:213$117'.
Removing empty process `led_mem.$proc$cores/ws2812/led_mem.v:0$500'.
Removing empty process `bram.$proc$cores/bram/bram.v:0$312'.
Cleaned up 1 empty switch.

47.5.2. Executing PROC_RMDEAD pass (remove dead branches from decision trees).
Marked 1 switch rules as full_case in process $proc$/home/miguelangel-garcia/miniconda3/envs/digital/bin/../share/yosys/ecp5/cells_sim.v:350$224 in module TRELLIS_FF.
Marked 1 switch rules as full_case in process $proc$/home/miguelangel-garcia/miniconda3/envs/digital/bin/../share/yosys/ecp5/cells_sim.v:285$176 in module DPR16X4C.
Marked 1 switch rules as full_case in process $proc$/home/miguelangel-garcia/miniconda3/envs/digital/bin/../share/yosys/ecp5/cells_sim.v:221$118 in module TRELLIS_DPR16X4.
Marked 2 switch rules as full_case in process $proc$cores/ws2812/count_ws.v:8$578 in module count_ws.
Marked 1 switch rules as full_case in process $proc$cores/ws2812/comp_ws.v:7$576 in module comp_ws.
Removed 1 dead cases from process $proc$cores/ws2812/mux_ws.v:9$575 in module mux_ws.
Marked 1 switch rules as full_case in process $proc$cores/ws2812/mux_ws.v:9$575 in module mux_ws.
Marked 1 switch rules as full_case in process $proc$cores/ws2812/ctrl_ws.v:76$572 in module ctrl_ws.
Removed 1 dead cases from process $proc$cores/ws2812/ctrl_ws.v:27$571 in module ctrl_ws.
Marked 7 switch rules as full_case in process $proc$cores/ws2812/ctrl_ws.v:27$571 in module ctrl_ws.
Marked 2 switch rules as full_case in process $proc$cores/ws2812/lsr_wsled.v:8$569 in module lsr_wsled.
Marked 1 switch rules as full_case in process $proc$cores/ws2812/count_wsled.v:21$567 in module count_wsled.
Marked 1 switch rules as full_case in process $proc$cores/ws2812/count_wsled.v:12$565 in module count_wsled.
Marked 1 switch rules as full_case in process $proc$cores/ws2812/ctrl_wsled.v:60$564 in module ctrl_wsled.
Marked 5 switch rules as full_case in process $proc$cores/ws2812/ctrl_wsled.v:25$563 in module ctrl_wsled.
Marked 2 switch rules as full_case in process $proc$cores/mult_ASM/rsr.v:8$561 in module rsr.
Marked 2 switch rules as full_case in process $proc$cores/mult_ASM/lsr_mult.v:8$559 in module lsr_mult.
Marked 2 switch rules as full_case in process $proc$cores/mult_ASM/acc.v:10$552 in module acc.
Marked 5 switch rules as full_case in process $proc$cores/mult_ASM/control_mult.v:34$547 in module control_mult.
Marked 1 switch rules as full_case in process $proc$cores/sqrt_ASM/lsr2.v:14$546 in module lsr2.
Marked 1 switch rules as full_case in process $proc$cores/sqrt_ASM/lsr.v:12$545 in module lsr.
Marked 2 switch rules as full_case in process $proc$cores/sqrt_ASM/count.v:11$535 in module count.
Marked 1 switch rules as full_case in process $proc$cores/sqrt_ASM/control.v:86$534 in module control_sqrt.
Marked 6 switch rules as full_case in process $proc$cores/sqrt_ASM/control.v:30$529 in module control_sqrt.
Marked 2 switch rules as full_case in process $proc$cores/bin2bcd/lsr4.v:15$523 in module lsr4.
Marked 2 switch rules as full_case in process $proc$cores/bcd2bin/rsr4.v:17$517 in module rsr4.
Marked 1 switch rules as full_case in process $proc$cores/bin2bcd/mux2.v:8$516 in module mux.
Marked 1 switch rules as full_case in process $proc$cores/bin2bcd/reg_msb.v:22$513 in module reg_msb.
Marked 1 switch rules as full_case in process $proc$cores/bin2bcd/reg_msb.v:14$511 in module reg_msb.
Marked 2 switch rules as full_case in process $proc$cores/bin2bcd/count.v:11$506 in module cnt_bin2bcd.
Marked 1 switch rules as full_case in process $proc$cores/bin2bcd/ctrl_b2b.v:73$505 in module ctrl_b2b.
Marked 4 switch rules as full_case in process $proc$cores/bin2bcd/ctrl_b2b.v:25$501 in module ctrl_b2b.
Marked 2 switch rules as full_case in process $proc$cores/ws2812/count_addr_arr.v:8$495 in module count_addr_arr.
Marked 1 switch rules as full_case in process $proc$cores/ws2812/ctrl_ws_arr.v:58$494 in module ctrl_ws_arr.
Marked 5 switch rules as full_case in process $proc$cores/ws2812/ctrl_ws_arr.v:23$493 in module ctrl_ws_arr.
Marked 1 switch rules as full_case in process $proc$cores/ws2812/comp_ws_arr.v:7$491 in module comp_ws_arr.
Marked 4 switch rules as full_case in process $proc$cores/uart/uart.v:122$481 in module $paramod$1c9b49bacefaeab44db5983aee61d9795015608a\uart.
Marked 5 switch rules as full_case in process $proc$cores/uart/uart.v:66$473 in module $paramod$1c9b49bacefaeab44db5983aee61d9795015608a\uart.
Marked 1 switch rules as full_case in process $proc$cores/uart/uart.v:34$469 in module $paramod$1c9b49bacefaeab44db5983aee61d9795015608a\uart.
Marked 1 switch rules as full_case in process $proc$cores/cpu/femtorv32_quark_V2.v:290$461 in module FemtoRV32.
Marked 2 switch rules as full_case in process $proc$cores/cpu/femtorv32_quark_V2.v:249$448 in module FemtoRV32.
Marked 1 switch rules as full_case in process $proc$cores/cpu/femtorv32_quark_V2.v:188$411 in module FemtoRV32.
Marked 3 switch rules as full_case in process $proc$cores/cpu/femtorv32_quark_V2.v:179$394 in module FemtoRV32.
Marked 4 switch rules as full_case in process $proc$cores/bram/bram.v:20$285 in module bram.
Marked 1 switch rules as full_case in process $proc$cores/uart/perip_uart.v:45$277 in module $paramod$e358107493866f19ba52d8dda1c67d080e76663e\peripheral_uart.
Marked 1 switch rules as full_case in process $proc$cores/uart/perip_uart.v:29$269 in module $paramod$e358107493866f19ba52d8dda1c67d080e76663e\peripheral_uart.
Marked 3 switch rules as full_case in process $proc$cores/mult_ASM/perip_mult.v:56$268 in module peripheral_mult.
Marked 2 switch rules as full_case in process $proc$cores/mult_ASM/perip_mult.v:38$263 in module peripheral_mult.
Marked 2 switch rules as full_case in process $proc$cores/mult_ASM/perip_mult.v:20$262 in module peripheral_mult.
Marked 3 switch rules as full_case in process $proc$cores/sqrt_ASM/perip_sqrt.v:52$261 in module peripheral_sqrt.
Marked 2 switch rules as full_case in process $proc$cores/sqrt_ASM/perip_sqrt.v:36$257 in module peripheral_sqrt.
Marked 2 switch rules as full_case in process $proc$cores/sqrt_ASM/perip_sqrt.v:19$256 in module peripheral_sqrt.
Marked 3 switch rules as full_case in process $proc$cores/bin2bcd/perip_bin2bcd.v:50$255 in module peripheral_bin2bcd.
Marked 2 switch rules as full_case in process $proc$cores/bin2bcd/perip_bin2bcd.v:34$251 in module peripheral_bin2bcd.
Marked 2 switch rules as full_case in process $proc$cores/bin2bcd/perip_bin2bcd.v:19$250 in module peripheral_bin2bcd.
Marked 3 switch rules as full_case in process $proc$cores/bcd2bin/perip_bcd2bin.v:50$249 in module peripheral_bcd2bin.
Marked 2 switch rules as full_case in process $proc$cores/bcd2bin/perip_bcd2bin.v:34$245 in module peripheral_bcd2bin.
Marked 2 switch rules as full_case in process $proc$cores/bcd2bin/perip_bcd2bin.v:19$244 in module peripheral_bcd2bin.
Marked 3 switch rules as full_case in process $proc$cores/ws2812/perip_ws2812.v:57$243 in module peripheral_ws2812.
Marked 2 switch rules as full_case in process $proc$cores/ws2812/perip_ws2812.v:39$238 in module peripheral_ws2812.
Marked 2 switch rules as full_case in process $proc$cores/ws2812/perip_ws2812.v:21$237 in module peripheral_ws2812.
Marked 1 switch rules as full_case in process $proc$SOC.v:152$236 in module SOC.
Marked 1 switch rules as full_case in process $proc$SOC.v:136$235 in module SOC.
Removed a total of 2 dead cases.

47.5.3. Executing PROC_PRUNE pass (remove redundant assignments in processes).
Removed 23 redundant assignments.
Promoted 143 assignments to connections.

47.5.4. Executing PROC_INIT pass (extract init attributes).
Found init rule in `\TRELLIS_FF.$proc$/home/miguelangel-garcia/miniconda3/envs/digital/bin/../share/yosys/ecp5/cells_sim.v:0$225'.
  Set init value: \Q = 1'0
Found init rule in `\comp.$proc$cores/mult_ASM/comp.v:0$558'.
  Set init value: \tmp = 1'0
Found init rule in `\acc.$proc$cores/mult_ASM/acc.v:0$554'.
  Set init value: \pp = 0
Found init rule in `\control_mult.$proc$cores/mult_ASM/control_mult.v:0$551'.
  Set init value: \reset = 1'0
  Set init value: \done = 1'0
  Set init value: \state = 3'000
  Set init value: \add = 1'0
  Set init value: \sh = 1'0
Found init rule in `\count.$proc$cores/sqrt_ASM/count.v:8$539'.
  Set init value: \cont = 4'1000
Found init rule in `\cnt_bin2bcd.$proc$cores/bin2bcd/count.v:8$510'.
  Set init value: \cont = 5'01000
Found init rule in `\FemtoRV32.$proc$cores/cpu/femtorv32_quark_V2.v:0$465'.
  Set init value: \cycles = 0
  Set init value: \aluShamt = 5'00000
Found init rule in `$paramod$e358107493866f19ba52d8dda1c67d080e76663e\peripheral_uart.$proc$cores/uart/perip_uart.v:21$280'.
  Set init value: \uart_ctrl = 8'00000000
Found init rule in `$paramod$e358107493866f19ba52d8dda1c67d080e76663e\peripheral_uart.$proc$cores/uart/perip_uart.v:20$279'.
  Set init value: \d_in_uart = 8'00000000
Found init rule in `$paramod$e358107493866f19ba52d8dda1c67d080e76663e\peripheral_uart.$proc$cores/uart/perip_uart.v:0$278'.
  Set init value: \ledout = 1'0

47.5.5. Executing PROC_ARST pass (detect async resets in processes).

47.5.6. Executing PROC_ROM pass (convert switches to ROMs).
Converted 0 switches.

47.5.7. Executing PROC_MUX pass (convert decision trees to multiplexers).
Creating decoders for process `\TRELLIS_FF.$proc$/home/miguelangel-garcia/miniconda3/envs/digital/bin/../share/yosys/ecp5/cells_sim.v:0$225'.
Creating decoders for process `\TRELLIS_FF.$proc$/home/miguelangel-garcia/miniconda3/envs/digital/bin/../share/yosys/ecp5/cells_sim.v:350$224'.
     1/1: $0\Q[0:0]
Creating decoders for process `\DPR16X4C.$proc$/home/miguelangel-garcia/miniconda3/envs/digital/bin/../share/yosys/ecp5/cells_sim.v:0$199'.
Creating decoders for process `\DPR16X4C.$proc$/home/miguelangel-garcia/miniconda3/envs/digital/bin/../share/yosys/ecp5/cells_sim.v:285$176'.
     1/3: $1$memwr$\ram$/home/miguelangel-garcia/miniconda3/envs/digital/bin/../share/yosys/ecp5/cells_sim.v:287$175_EN[3:0]$182
     2/3: $1$memwr$\ram$/home/miguelangel-garcia/miniconda3/envs/digital/bin/../share/yosys/ecp5/cells_sim.v:287$175_DATA[3:0]$181
     3/3: $1$memwr$\ram$/home/miguelangel-garcia/miniconda3/envs/digital/bin/../share/yosys/ecp5/cells_sim.v:287$175_ADDR[3:0]$180
Creating decoders for process `\TRELLIS_DPR16X4.$proc$/home/miguelangel-garcia/miniconda3/envs/digital/bin/../share/yosys/ecp5/cells_sim.v:0$142'.
Creating decoders for process `\TRELLIS_DPR16X4.$proc$/home/miguelangel-garcia/miniconda3/envs/digital/bin/../share/yosys/ecp5/cells_sim.v:221$118'.
     1/3: $1$memwr$\mem$/home/miguelangel-garcia/miniconda3/envs/digital/bin/../share/yosys/ecp5/cells_sim.v:223$116_EN[3:0]$124
     2/3: $1$memwr$\mem$/home/miguelangel-garcia/miniconda3/envs/digital/bin/../share/yosys/ecp5/cells_sim.v:223$116_DATA[3:0]$123
     3/3: $1$memwr$\mem$/home/miguelangel-garcia/miniconda3/envs/digital/bin/../share/yosys/ecp5/cells_sim.v:223$116_ADDR[3:0]$122
Creating decoders for process `\TRELLIS_DPR16X4.$proc$/home/miguelangel-garcia/miniconda3/envs/digital/bin/../share/yosys/ecp5/cells_sim.v:213$117'.
Creating decoders for process `\count_ws.$proc$cores/ws2812/count_ws.v:8$578'.
     1/1: $0\cnt_out[10:0]
Creating decoders for process `\comp_ws.$proc$cores/ws2812/comp_ws.v:7$576'.
     1/1: $0\z[0:0]
Creating decoders for process `\mux_ws.$proc$cores/ws2812/mux_ws.v:9$575'.
     1/1: $1\y[10:0]
Creating decoders for process `\ctrl_ws.$proc$cores/ws2812/ctrl_ws.v:76$572'.
     1/5: $0\sel_tim[1:0]
     2/5: $0\inc[0:0]
     3/5: $0\rst[0:0]
     4/5: $0\done[0:0]
     5/5: $0\dout[0:0]
Creating decoders for process `\ctrl_ws.$proc$cores/ws2812/ctrl_ws.v:27$571'.
     1/7: $7\state[3:0]
     2/7: $6\state[3:0]
     3/7: $5\state[3:0]
     4/7: $4\state[3:0]
     5/7: $3\state[3:0]
     6/7: $2\state[3:0]
     7/7: $1\state[3:0]
Creating decoders for process `\lsr_wsled.$proc$cores/ws2812/lsr_wsled.v:8$569'.
     1/2: $2\s_A[23:0]
     2/2: $1\s_A[23:0]
Creating decoders for process `\count_wsled.$proc$cores/ws2812/count_wsled.v:21$567'.
     1/1: $0\z[0:0]
Creating decoders for process `\count_wsled.$proc$cores/ws2812/count_wsled.v:12$565'.
     1/1: $0\counter[4:0]
Creating decoders for process `\ctrl_wsled.$proc$cores/ws2812/ctrl_wsled.v:60$564'.
     1/5: $0\done[0:0]
     2/5: $0\ld[0:0]
     3/5: $0\dec[0:0]
     4/5: $0\init_t[0:0]
     5/5: $0\sh[0:0]
Creating decoders for process `\ctrl_wsled.$proc$cores/ws2812/ctrl_wsled.v:25$563'.
     1/5: $5\state[2:0]
     2/5: $4\state[2:0]
     3/5: $3\state[2:0]
     4/5: $2\state[2:0]
     5/5: $1\state[2:0]
Creating decoders for process `\rsr.$proc$cores/mult_ASM/rsr.v:8$561'.
     1/2: $2\s_B[15:0]
     2/2: $1\s_B[15:0]
Creating decoders for process `\lsr_mult.$proc$cores/mult_ASM/lsr_mult.v:8$559'.
     1/2: $2\s_A[31:0]
     2/2: $1\s_A[31:0]
Creating decoders for process `\comp.$proc$cores/mult_ASM/comp.v:0$558'.
Creating decoders for process `\comp.$proc$cores/mult_ASM/comp.v:9$555'.
Creating decoders for process `\acc.$proc$cores/mult_ASM/acc.v:0$554'.
Creating decoders for process `\acc.$proc$cores/mult_ASM/acc.v:10$552'.
     1/2: $2\pp[31:0]
     2/2: $1\pp[31:0]
Creating decoders for process `\control_mult.$proc$cores/mult_ASM/control_mult.v:0$551'.
Creating decoders for process `\control_mult.$proc$cores/mult_ASM/control_mult.v:34$547'.
     1/15: $5\state[2:0]
     2/15: $4\state[2:0]
     3/15: $3\state[2:0]
     4/15: $2\state[2:0]
     5/15: $2\add[0:0]
     6/15: $2\reset[0:0]
     7/15: $2\sh[0:0]
     8/15: $2\done[0:0]
     9/15: $2\count[3:0]
    10/15: $1\count[3:0]
    11/15: $1\state[2:0]
    12/15: $1\sh[0:0]
    13/15: $1\add[0:0]
    14/15: $1\done[0:0]
    15/15: $1\reset[0:0]
Creating decoders for process `\lsr2.$proc$cores/sqrt_ASM/lsr2.v:14$546'.
     1/2: $0\data[31:0] [31:16]
     2/2: $0\data[31:0] [15:0]
Creating decoders for process `\lsr.$proc$cores/sqrt_ASM/lsr.v:12$545'.
     1/1: $0\out_r[15:0]
Creating decoders for process `\addc2.$proc$cores/sqrt_ASM/addc2.v:7$540'.
Creating decoders for process `\count.$proc$cores/sqrt_ASM/count.v:8$539'.
Creating decoders for process `\count.$proc$cores/sqrt_ASM/count.v:11$535'.
     1/1: $0\cont[3:0]
Creating decoders for process `\control_sqrt.$proc$cores/sqrt_ASM/control.v:86$534'.
     1/6: $1\lda2[0:0]
     2/6: $1\ld[0:0]
     3/6: $1\sh[0:0]
     4/6: $1\r0[0:0]
     5/6: $1\ld_tmp[0:0]
     6/6: $1\done[0:0]
Creating decoders for process `\control_sqrt.$proc$cores/sqrt_ASM/control.v:30$529'.
     1/8: $6\state[2:0]
     2/8: $5\state[2:0]
     3/8: $4\state[2:0]
     4/8: $3\state[2:0]
     5/8: $2\count[7:0]
     6/8: $2\state[2:0]
     7/8: $1\count[7:0]
     8/8: $1\state[2:0]
Creating decoders for process `\lsr4.$proc$cores/bin2bcd/lsr4.v:15$523'.
     1/6: $0\data[35:0] [23:20]
     2/6: $0\data[35:0] [19:16]
     3/6: $0\data[35:0] [27:24]
     4/6: $0\data[35:0] [31:28]
     5/6: $0\data[35:0] [35:32]
     6/6: $0\data[35:0] [15:0]
Creating decoders for process `\rsr4.$proc$cores/bcd2bin/rsr4.v:17$517'.
     1/6: $0\data[35:0] [23:20]
     2/6: $0\data[35:0] [19:16]
     3/6: $0\data[35:0] [27:24]
     4/6: $0\data[35:0] [31:28]
     5/6: $0\data[35:0] [35:32]
     6/6: $0\data[35:0] [15:0]
Creating decoders for process `\mux.$proc$cores/bin2bcd/mux2.v:8$516'.
     1/1: $1\out[3:0]
Creating decoders for process `\add_sub_c2.$proc$cores/bin2bcd/add_sub_c2.v:7$514'.
Creating decoders for process `\reg_msb.$proc$cores/bin2bcd/reg_msb.v:22$513'.
     1/1: $0\cont[4:0]
Creating decoders for process `\reg_msb.$proc$cores/bin2bcd/reg_msb.v:14$511'.
     1/1: $1\out[4:0]
Creating decoders for process `\cnt_bin2bcd.$proc$cores/bin2bcd/count.v:8$510'.
Creating decoders for process `\cnt_bin2bcd.$proc$cores/bin2bcd/count.v:11$506'.
     1/1: $0\cont[4:0]
Creating decoders for process `\ctrl_b2b.$proc$cores/bin2bcd/ctrl_b2b.v:73$505'.
     1/6: $1\add[0:0]
     2/6: $1\ld[0:0]
     3/6: $1\sh[0:0]
     4/6: $1\sel[0:0]
     5/6: $1\ld_msb[0:0]
     6/6: $1\done[0:0]
Creating decoders for process `\ctrl_b2b.$proc$cores/bin2bcd/ctrl_b2b.v:25$501'.
     1/6: $4\state[2:0]
     2/6: $3\state[2:0]
     3/6: $2\state[2:0]
     4/6: $2\count[5:0]
     5/6: $1\count[5:0]
     6/6: $1\state[2:0]
Creating decoders for process `\led_mem.$proc$cores/ws2812/led_mem.v:11$497'.
Creating decoders for process `\count_addr_arr.$proc$cores/ws2812/count_addr_arr.v:8$495'.
     1/1: $0\address[5:0]
Creating decoders for process `\ctrl_ws_arr.$proc$cores/ws2812/ctrl_ws_arr.v:58$494'.
     1/5: $0\done[0:0]
     2/5: $0\inc[0:0]
     3/5: $0\rst[0:0]
     4/5: $0\init_led[0:0]
     5/5: $1\count[0:0]
Creating decoders for process `\ctrl_ws_arr.$proc$cores/ws2812/ctrl_ws_arr.v:23$493'.
     1/5: $5\state[2:0]
     2/5: $4\state[2:0]
     3/5: $3\state[2:0]
     4/5: $2\state[2:0]
     5/5: $1\state[2:0]
Creating decoders for process `\comp_ws_arr.$proc$cores/ws2812/comp_ws_arr.v:7$491'.
     1/1: $0\z[0:0]
Creating decoders for process `$paramod$1c9b49bacefaeab44db5983aee61d9795015608a\uart.$proc$cores/uart/uart.v:122$481'.
     1/5: $0\txd_reg[7:0]
     2/5: $0\tx_count16[3:0]
     3/5: $0\tx_bitcount[3:0]
     4/5: $0\uart_txd[0:0]
     5/5: $0\tx_busy[0:0]
Creating decoders for process `$paramod$1c9b49bacefaeab44db5983aee61d9795015608a\uart.$proc$cores/uart/uart.v:66$473'.
     1/7: $0\rxd_reg[7:0]
     2/7: $0\rx_bitcount[3:0]
     3/7: $0\rx_count16[3:0]
     4/7: $0\rx_busy[0:0]
     5/7: $0\rx_avail[0:0]
     6/7: $0\rx_error[0:0]
     7/7: $0\rx_data[7:0]
Creating decoders for process `$paramod$1c9b49bacefaeab44db5983aee61d9795015608a\uart.$proc$cores/uart/uart.v:52$472'.
Creating decoders for process `$paramod$1c9b49bacefaeab44db5983aee61d9795015608a\uart.$proc$cores/uart/uart.v:34$469'.
     1/1: $0\enable16_counter[15:0]
Creating decoders for process `\FemtoRV32.$proc$cores/cpu/femtorv32_quark_V2.v:0$465'.
Creating decoders for process `\FemtoRV32.$proc$cores/cpu/femtorv32_quark_V2.v:290$461'.
     1/1: $0\cycles[31:0]
Creating decoders for process `\FemtoRV32.$proc$cores/cpu/femtorv32_quark_V2.v:249$448'.
     1/5: $0\rs2[31:0]
     2/5: $0\rs1[31:0]
     3/5: $0\state[3:0]
     4/5: $0\instr[29:0]
     5/5: $0\PC[23:0]
Creating decoders for process `\FemtoRV32.$proc$cores/cpu/femtorv32_quark_V2.v:188$411'.
     1/2: $0\aluShamt[4:0]
     2/2: $0\aluReg[31:0]
Creating decoders for process `\FemtoRV32.$proc$cores/cpu/femtorv32_quark_V2.v:179$394'.
     1/10: $3$memwr$\registerFile$cores/cpu/femtorv32_quark_V2.v:185$314_EN[31:0]$410
     2/10: $3$memwr$\registerFile$cores/cpu/femtorv32_quark_V2.v:185$314_DATA[31:0]$409
     3/10: $3$memwr$\registerFile$cores/cpu/femtorv32_quark_V2.v:185$314_ADDR[4:0]$408
     4/10: $2$memwr$\registerFile$cores/cpu/femtorv32_quark_V2.v:185$314_EN[31:0]$406
     5/10: $2$memwr$\registerFile$cores/cpu/femtorv32_quark_V2.v:185$314_DATA[31:0]$405
     6/10: $2$memwr$\registerFile$cores/cpu/femtorv32_quark_V2.v:185$314_ADDR[4:0]$404
     7/10: $1$memwr$\registerFile$cores/cpu/femtorv32_quark_V2.v:181$313_EN[31:0]$400
     8/10: $1$memwr$\registerFile$cores/cpu/femtorv32_quark_V2.v:185$314_EN[31:0]$403
     9/10: $1$memwr$\registerFile$cores/cpu/femtorv32_quark_V2.v:185$314_DATA[31:0]$402
    10/10: $1$memwr$\registerFile$cores/cpu/femtorv32_quark_V2.v:185$314_ADDR[4:0]$401
Creating decoders for process `\bram.$proc$cores/bram/bram.v:20$285'.
     1/13: $1$memwr$\MEM$cores/bram/bram.v:27$284_EN[31:0]$310
     2/13: $1$memwr$\MEM$cores/bram/bram.v:27$284_DATA[31:0]$309
     3/13: $1$memwr$\MEM$cores/bram/bram.v:27$284_ADDR[29:0]$308
     4/13: $1$memwr$\MEM$cores/bram/bram.v:26$283_EN[31:0]$307
     5/13: $1$memwr$\MEM$cores/bram/bram.v:26$283_DATA[31:0]$306
     6/13: $1$memwr$\MEM$cores/bram/bram.v:26$283_ADDR[29:0]$305
     7/13: $1$memwr$\MEM$cores/bram/bram.v:25$282_EN[31:0]$304
     8/13: $1$memwr$\MEM$cores/bram/bram.v:25$282_DATA[31:0]$303
     9/13: $1$memwr$\MEM$cores/bram/bram.v:25$282_ADDR[29:0]$302
    10/13: $1$memwr$\MEM$cores/bram/bram.v:24$281_EN[31:0]$301
    11/13: $1$memwr$\MEM$cores/bram/bram.v:24$281_DATA[31:0]$300
    12/13: $1$memwr$\MEM$cores/bram/bram.v:24$281_ADDR[29:0]$299
    13/13: $0\mem_rdata[31:0]
Creating decoders for process `$paramod$e358107493866f19ba52d8dda1c67d080e76663e\peripheral_uart.$proc$cores/uart/perip_uart.v:21$280'.
Creating decoders for process `$paramod$e358107493866f19ba52d8dda1c67d080e76663e\peripheral_uart.$proc$cores/uart/perip_uart.v:20$279'.
Creating decoders for process `$paramod$e358107493866f19ba52d8dda1c67d080e76663e\peripheral_uart.$proc$cores/uart/perip_uart.v:0$278'.
Creating decoders for process `$paramod$e358107493866f19ba52d8dda1c67d080e76663e\peripheral_uart.$proc$cores/uart/perip_uart.v:45$277'.
     1/1: $1\d_out[31:0]
Creating decoders for process `$paramod$e358107493866f19ba52d8dda1c67d080e76663e\peripheral_uart.$proc$cores/uart/perip_uart.v:38$272'.
Creating decoders for process `$paramod$e358107493866f19ba52d8dda1c67d080e76663e\peripheral_uart.$proc$cores/uart/perip_uart.v:29$269'.
     1/1: $1\s[1:0]
Creating decoders for process `\peripheral_mult.$proc$cores/mult_ASM/perip_mult.v:56$268'.
     1/3: $3\d_out[31:0]
     2/3: $2\d_out[31:0]
     3/3: $1\d_out[31:0]
Creating decoders for process `\peripheral_mult.$proc$cores/mult_ASM/perip_mult.v:38$263'.
     1/6: $2\init[0:0]
     2/6: $2\B[15:0]
     3/6: $2\A[15:0]
     4/6: $1\B[15:0]
     5/6: $1\A[15:0]
     6/6: $1\init[0:0]
Creating decoders for process `\peripheral_mult.$proc$cores/mult_ASM/perip_mult.v:20$262'.
     1/2: $2\s[4:0]
     2/2: $1\s[4:0]
Creating decoders for process `\peripheral_sqrt.$proc$cores/sqrt_ASM/perip_sqrt.v:52$261'.
     1/3: $3\d_out[31:0]
     2/3: $2\d_out[31:0]
     3/3: $1\d_out[31:0]
Creating decoders for process `\peripheral_sqrt.$proc$cores/sqrt_ASM/perip_sqrt.v:36$257'.
     1/4: $2\init[0:0]
     2/4: $2\A[15:0]
     3/4: $1\A[15:0]
     4/4: $1\init[0:0]
Creating decoders for process `\peripheral_sqrt.$proc$cores/sqrt_ASM/perip_sqrt.v:19$256'.
     1/2: $2\s[4:0]
     2/2: $1\s[4:0]
Creating decoders for process `\peripheral_bin2bcd.$proc$cores/bin2bcd/perip_bin2bcd.v:50$255'.
     1/3: $3\d_out[31:0]
     2/3: $2\d_out[31:0]
     3/3: $1\d_out[31:0]
Creating decoders for process `\peripheral_bin2bcd.$proc$cores/bin2bcd/perip_bin2bcd.v:34$251'.
     1/4: $2\init[0:0]
     2/4: $2\A[15:0]
     3/4: $1\A[15:0]
     4/4: $1\init[0:0]
Creating decoders for process `\peripheral_bin2bcd.$proc$cores/bin2bcd/perip_bin2bcd.v:19$250'.
     1/2: $2\s[4:0]
     2/2: $1\s[4:0]
Creating decoders for process `\peripheral_bcd2bin.$proc$cores/bcd2bin/perip_bcd2bin.v:50$249'.
     1/3: $3\d_out[31:0]
     2/3: $2\d_out[31:0]
     3/3: $1\d_out[31:0]
Creating decoders for process `\peripheral_bcd2bin.$proc$cores/bcd2bin/perip_bcd2bin.v:34$245'.
     1/4: $2\init[0:0]
     2/4: $2\A[19:0]
     3/4: $1\A[19:0]
     4/4: $1\init[0:0]
Creating decoders for process `\peripheral_bcd2bin.$proc$cores/bcd2bin/perip_bcd2bin.v:19$244'.
     1/2: $2\s[4:0]
     2/2: $1\s[4:0]
Creating decoders for process `\peripheral_ws2812.$proc$cores/ws2812/perip_ws2812.v:57$243'.
     1/3: $3\d_out[31:0]
     2/3: $2\d_out[31:0]
     3/3: $1\d_out[31:0]
Creating decoders for process `\peripheral_ws2812.$proc$cores/ws2812/perip_ws2812.v:39$238'.
     1/6: $2\init[0:0]
     2/6: $2\B[15:0]
     3/6: $2\A[15:0]
     4/6: $1\B[15:0]
     5/6: $1\A[15:0]
     6/6: $1\init[0:0]
Creating decoders for process `\peripheral_ws2812.$proc$cores/ws2812/perip_ws2812.v:21$237'.
     1/2: $2\s[4:0]
     2/2: $1\s[4:0]
Creating decoders for process `\SOC.$proc$SOC.v:152$236'.
     1/1: $1\mem_rdata[31:0]
Creating decoders for process `\SOC.$proc$SOC.v:136$235'.
     1/1: $1\cs[8:0]

47.5.8. Executing PROC_DLATCH pass (convert process syncs to latches).
No latch inferred for signal `\comp_ws.\z' from process `\comp_ws.$proc$cores/ws2812/comp_ws.v:7$576'.
No latch inferred for signal `\mux_ws.\y' from process `\mux_ws.$proc$cores/ws2812/mux_ws.v:9$575'.
No latch inferred for signal `\ctrl_ws.\rst' from process `\ctrl_ws.$proc$cores/ws2812/ctrl_ws.v:76$572'.
No latch inferred for signal `\ctrl_ws.\done' from process `\ctrl_ws.$proc$cores/ws2812/ctrl_ws.v:76$572'.
No latch inferred for signal `\ctrl_ws.\dout' from process `\ctrl_ws.$proc$cores/ws2812/ctrl_ws.v:76$572'.
No latch inferred for signal `\ctrl_ws.\inc' from process `\ctrl_ws.$proc$cores/ws2812/ctrl_ws.v:76$572'.
No latch inferred for signal `\ctrl_ws.\sel_tim' from process `\ctrl_ws.$proc$cores/ws2812/ctrl_ws.v:76$572'.
No latch inferred for signal `\count_wsled.\z' from process `\count_wsled.$proc$cores/ws2812/count_wsled.v:21$567'.
No latch inferred for signal `\ctrl_wsled.\done' from process `\ctrl_wsled.$proc$cores/ws2812/ctrl_wsled.v:60$564'.
No latch inferred for signal `\ctrl_wsled.\sh' from process `\ctrl_wsled.$proc$cores/ws2812/ctrl_wsled.v:60$564'.
No latch inferred for signal `\ctrl_wsled.\ld' from process `\ctrl_wsled.$proc$cores/ws2812/ctrl_wsled.v:60$564'.
No latch inferred for signal `\ctrl_wsled.\dec' from process `\ctrl_wsled.$proc$cores/ws2812/ctrl_wsled.v:60$564'.
No latch inferred for signal `\ctrl_wsled.\init_t' from process `\ctrl_wsled.$proc$cores/ws2812/ctrl_wsled.v:60$564'.
No latch inferred for signal `\comp.\tmp' from process `\comp.$proc$cores/mult_ASM/comp.v:9$555'.
Removing init bit 1'0 for non-memory siginal `\comp.\tmp` in process `\comp.$proc$cores/mult_ASM/comp.v:9$555`.
No latch inferred for signal `\addc2.\Result' from process `\addc2.$proc$cores/sqrt_ASM/addc2.v:7$540'.
No latch inferred for signal `\control_sqrt.\done' from process `\control_sqrt.$proc$cores/sqrt_ASM/control.v:86$534'.
No latch inferred for signal `\control_sqrt.\sh' from process `\control_sqrt.$proc$cores/sqrt_ASM/control.v:86$534'.
No latch inferred for signal `\control_sqrt.\lda2' from process `\control_sqrt.$proc$cores/sqrt_ASM/control.v:86$534'.
No latch inferred for signal `\control_sqrt.\ld' from process `\control_sqrt.$proc$cores/sqrt_ASM/control.v:86$534'.
No latch inferred for signal `\control_sqrt.\ld_tmp' from process `\control_sqrt.$proc$cores/sqrt_ASM/control.v:86$534'.
No latch inferred for signal `\control_sqrt.\r0' from process `\control_sqrt.$proc$cores/sqrt_ASM/control.v:86$534'.
No latch inferred for signal `\mux.\out' from process `\mux.$proc$cores/bin2bcd/mux2.v:8$516'.
No latch inferred for signal `\add_sub_c2.\Result' from process `\add_sub_c2.$proc$cores/bin2bcd/add_sub_c2.v:7$514'.
No latch inferred for signal `\reg_msb.\out' from process `\reg_msb.$proc$cores/bin2bcd/reg_msb.v:14$511'.
No latch inferred for signal `\ctrl_b2b.\done' from process `\ctrl_b2b.$proc$cores/bin2bcd/ctrl_b2b.v:73$505'.
No latch inferred for signal `\ctrl_b2b.\add' from process `\ctrl_b2b.$proc$cores/bin2bcd/ctrl_b2b.v:73$505'.
No latch inferred for signal `\ctrl_b2b.\sh' from process `\ctrl_b2b.$proc$cores/bin2bcd/ctrl_b2b.v:73$505'.
No latch inferred for signal `\ctrl_b2b.\ld' from process `\ctrl_b2b.$proc$cores/bin2bcd/ctrl_b2b.v:73$505'.
No latch inferred for signal `\ctrl_b2b.\sel' from process `\ctrl_b2b.$proc$cores/bin2bcd/ctrl_b2b.v:73$505'.
No latch inferred for signal `\ctrl_b2b.\ld_msb' from process `\ctrl_b2b.$proc$cores/bin2bcd/ctrl_b2b.v:73$505'.
No latch inferred for signal `\ctrl_ws_arr.\rst' from process `\ctrl_ws_arr.$proc$cores/ws2812/ctrl_ws_arr.v:58$494'.
No latch inferred for signal `\ctrl_ws_arr.\done' from process `\ctrl_ws_arr.$proc$cores/ws2812/ctrl_ws_arr.v:58$494'.
No latch inferred for signal `\ctrl_ws_arr.\init_led' from process `\ctrl_ws_arr.$proc$cores/ws2812/ctrl_ws_arr.v:58$494'.
No latch inferred for signal `\ctrl_ws_arr.\inc' from process `\ctrl_ws_arr.$proc$cores/ws2812/ctrl_ws_arr.v:58$494'.
Latch inferred for signal `\ctrl_ws_arr.\count' from process `\ctrl_ws_arr.$proc$cores/ws2812/ctrl_ws_arr.v:58$494': $auto$proc_dlatch.cc:427:proc_dlatch$2080
No latch inferred for signal `\comp_ws_arr.\z' from process `\comp_ws_arr.$proc$cores/ws2812/comp_ws_arr.v:7$491'.
No latch inferred for signal `\FemtoRV32.$memwr$\registerFile$cores/cpu/femtorv32_quark_V2.v:301$315_EN' from process `\FemtoRV32.$proc$cores/cpu/femtorv32_quark_V2.v:0$465'.
No latch inferred for signal `$paramod$e358107493866f19ba52d8dda1c67d080e76663e\peripheral_uart.\s' from process `$paramod$e358107493866f19ba52d8dda1c67d080e76663e\peripheral_uart.$proc$cores/uart/perip_uart.v:29$269'.
No latch inferred for signal `\peripheral_mult.\s' from process `\peripheral_mult.$proc$cores/mult_ASM/perip_mult.v:20$262'.
No latch inferred for signal `\peripheral_sqrt.\s' from process `\peripheral_sqrt.$proc$cores/sqrt_ASM/perip_sqrt.v:19$256'.
No latch inferred for signal `\peripheral_bin2bcd.\s' from process `\peripheral_bin2bcd.$proc$cores/bin2bcd/perip_bin2bcd.v:19$250'.
No latch inferred for signal `\peripheral_bcd2bin.\s' from process `\peripheral_bcd2bin.$proc$cores/bcd2bin/perip_bcd2bin.v:19$244'.
No latch inferred for signal `\peripheral_ws2812.\s' from process `\peripheral_ws2812.$proc$cores/ws2812/perip_ws2812.v:21$237'.
No latch inferred for signal `\SOC.\mem_rdata' from process `\SOC.$proc$SOC.v:152$236'.
No latch inferred for signal `\SOC.\cs' from process `\SOC.$proc$SOC.v:136$235'.

47.5.9. Executing PROC_DFF pass (convert process syncs to FFs).
Creating register for signal `\TRELLIS_FF.\Q' using process `\TRELLIS_FF.$proc$/home/miguelangel-garcia/miniconda3/envs/digital/bin/../share/yosys/ecp5/cells_sim.v:350$224'.
  created $dff cell `$procdff$2081' with positive edge clock.
Creating register for signal `\DPR16X4C.\i' using process `\DPR16X4C.$proc$/home/miguelangel-garcia/miniconda3/envs/digital/bin/../share/yosys/ecp5/cells_sim.v:0$199'.
  created direct connection (no actual register cell created).
Creating register for signal `\DPR16X4C.$memwr$\ram$/home/miguelangel-garcia/miniconda3/envs/digital/bin/../share/yosys/ecp5/cells_sim.v:281$160_EN' using process `\DPR16X4C.$proc$/home/miguelangel-garcia/miniconda3/envs/digital/bin/../share/yosys/ecp5/cells_sim.v:0$199'.
  created direct connection (no actual register cell created).
Creating register for signal `\DPR16X4C.$memwr$\ram$/home/miguelangel-garcia/miniconda3/envs/digital/bin/../share/yosys/ecp5/cells_sim.v:281$161_EN' using process `\DPR16X4C.$proc$/home/miguelangel-garcia/miniconda3/envs/digital/bin/../share/yosys/ecp5/cells_sim.v:0$199'.
  created direct connection (no actual register cell created).
Creating register for signal `\DPR16X4C.$memwr$\ram$/home/miguelangel-garcia/miniconda3/envs/digital/bin/../share/yosys/ecp5/cells_sim.v:281$162_EN' using process `\DPR16X4C.$proc$/home/miguelangel-garcia/miniconda3/envs/digital/bin/../share/yosys/ecp5/cells_sim.v:0$199'.
  created direct connection (no actual register cell created).
Creating register for signal `\DPR16X4C.$memwr$\ram$/home/miguelangel-garcia/miniconda3/envs/digital/bin/../share/yosys/ecp5/cells_sim.v:281$163_EN' using process `\DPR16X4C.$proc$/home/miguelangel-garcia/miniconda3/envs/digital/bin/../share/yosys/ecp5/cells_sim.v:0$199'.
  created direct connection (no actual register cell created).
Creating register for signal `\DPR16X4C.$memwr$\ram$/home/miguelangel-garcia/miniconda3/envs/digital/bin/../share/yosys/ecp5/cells_sim.v:281$164_EN' using process `\DPR16X4C.$proc$/home/miguelangel-garcia/miniconda3/envs/digital/bin/../share/yosys/ecp5/cells_sim.v:0$199'.
  created direct connection (no actual register cell created).
Creating register for signal `\DPR16X4C.$memwr$\ram$/home/miguelangel-garcia/miniconda3/envs/digital/bin/../share/yosys/ecp5/cells_sim.v:281$165_EN' using process `\DPR16X4C.$proc$/home/miguelangel-garcia/miniconda3/envs/digital/bin/../share/yosys/ecp5/cells_sim.v:0$199'.
  created direct connection (no actual register cell created).
Creating register for signal `\DPR16X4C.$memwr$\ram$/home/miguelangel-garcia/miniconda3/envs/digital/bin/../share/yosys/ecp5/cells_sim.v:281$166_EN' using process `\DPR16X4C.$proc$/home/miguelangel-garcia/miniconda3/envs/digital/bin/../share/yosys/ecp5/cells_sim.v:0$199'.
  created direct connection (no actual register cell created).
Creating register for signal `\DPR16X4C.$memwr$\ram$/home/miguelangel-garcia/miniconda3/envs/digital/bin/../share/yosys/ecp5/cells_sim.v:281$167_EN' using process `\DPR16X4C.$proc$/home/miguelangel-garcia/miniconda3/envs/digital/bin/../share/yosys/ecp5/cells_sim.v:0$199'.
  created direct connection (no actual register cell created).
Creating register for signal `\DPR16X4C.$memwr$\ram$/home/miguelangel-garcia/miniconda3/envs/digital/bin/../share/yosys/ecp5/cells_sim.v:281$168_EN' using process `\DPR16X4C.$proc$/home/miguelangel-garcia/miniconda3/envs/digital/bin/../share/yosys/ecp5/cells_sim.v:0$199'.
  created direct connection (no actual register cell created).
Creating register for signal `\DPR16X4C.$memwr$\ram$/home/miguelangel-garcia/miniconda3/envs/digital/bin/../share/yosys/ecp5/cells_sim.v:281$169_EN' using process `\DPR16X4C.$proc$/home/miguelangel-garcia/miniconda3/envs/digital/bin/../share/yosys/ecp5/cells_sim.v:0$199'.
  created direct connection (no actual register cell created).
Creating register for signal `\DPR16X4C.$memwr$\ram$/home/miguelangel-garcia/miniconda3/envs/digital/bin/../share/yosys/ecp5/cells_sim.v:281$170_EN' using process `\DPR16X4C.$proc$/home/miguelangel-garcia/miniconda3/envs/digital/bin/../share/yosys/ecp5/cells_sim.v:0$199'.
  created direct connection (no actual register cell created).
Creating register for signal `\DPR16X4C.$memwr$\ram$/home/miguelangel-garcia/miniconda3/envs/digital/bin/../share/yosys/ecp5/cells_sim.v:281$171_EN' using process `\DPR16X4C.$proc$/home/miguelangel-garcia/miniconda3/envs/digital/bin/../share/yosys/ecp5/cells_sim.v:0$199'.
  created direct connection (no actual register cell created).
Creating register for signal `\DPR16X4C.$memwr$\ram$/home/miguelangel-garcia/miniconda3/envs/digital/bin/../share/yosys/ecp5/cells_sim.v:281$172_EN' using process `\DPR16X4C.$proc$/home/miguelangel-garcia/miniconda3/envs/digital/bin/../share/yosys/ecp5/cells_sim.v:0$199'.
  created direct connection (no actual register cell created).
Creating register for signal `\DPR16X4C.$memwr$\ram$/home/miguelangel-garcia/miniconda3/envs/digital/bin/../share/yosys/ecp5/cells_sim.v:281$173_EN' using process `\DPR16X4C.$proc$/home/miguelangel-garcia/miniconda3/envs/digital/bin/../share/yosys/ecp5/cells_sim.v:0$199'.
  created direct connection (no actual register cell created).
Creating register for signal `\DPR16X4C.$memwr$\ram$/home/miguelangel-garcia/miniconda3/envs/digital/bin/../share/yosys/ecp5/cells_sim.v:281$174_EN' using process `\DPR16X4C.$proc$/home/miguelangel-garcia/miniconda3/envs/digital/bin/../share/yosys/ecp5/cells_sim.v:0$199'.
  created direct connection (no actual register cell created).
Creating register for signal `\DPR16X4C.$memwr$\ram$/home/miguelangel-garcia/miniconda3/envs/digital/bin/../share/yosys/ecp5/cells_sim.v:287$175_ADDR' using process `\DPR16X4C.$proc$/home/miguelangel-garcia/miniconda3/envs/digital/bin/../share/yosys/ecp5/cells_sim.v:285$176'.
  created $dff cell `$procdff$2082' with positive edge clock.
Creating register for signal `\DPR16X4C.$memwr$\ram$/home/miguelangel-garcia/miniconda3/envs/digital/bin/../share/yosys/ecp5/cells_sim.v:287$175_DATA' using process `\DPR16X4C.$proc$/home/miguelangel-garcia/miniconda3/envs/digital/bin/../share/yosys/ecp5/cells_sim.v:285$176'.
  created $dff cell `$procdff$2083' with positive edge clock.
Creating register for signal `\DPR16X4C.$memwr$\ram$/home/miguelangel-garcia/miniconda3/envs/digital/bin/../share/yosys/ecp5/cells_sim.v:287$175_EN' using process `\DPR16X4C.$proc$/home/miguelangel-garcia/miniconda3/envs/digital/bin/../share/yosys/ecp5/cells_sim.v:285$176'.
  created $dff cell `$procdff$2084' with positive edge clock.
Creating register for signal `\TRELLIS_DPR16X4.\i' using process `\TRELLIS_DPR16X4.$proc$/home/miguelangel-garcia/miniconda3/envs/digital/bin/../share/yosys/ecp5/cells_sim.v:0$142'.
  created direct connection (no actual register cell created).
Creating register for signal `\TRELLIS_DPR16X4.$memwr$\mem$/home/miguelangel-garcia/miniconda3/envs/digital/bin/../share/yosys/ecp5/cells_sim.v:207$100_EN' using process `\TRELLIS_DPR16X4.$proc$/home/miguelangel-garcia/miniconda3/envs/digital/bin/../share/yosys/ecp5/cells_sim.v:0$142'.
  created direct connection (no actual register cell created).
Creating register for signal `\TRELLIS_DPR16X4.$memwr$\mem$/home/miguelangel-garcia/miniconda3/envs/digital/bin/../share/yosys/ecp5/cells_sim.v:207$101_EN' using process `\TRELLIS_DPR16X4.$proc$/home/miguelangel-garcia/miniconda3/envs/digital/bin/../share/yosys/ecp5/cells_sim.v:0$142'.
  created direct connection (no actual register cell created).
Creating register for signal `\TRELLIS_DPR16X4.$memwr$\mem$/home/miguelangel-garcia/miniconda3/envs/digital/bin/../share/yosys/ecp5/cells_sim.v:207$102_EN' using process `\TRELLIS_DPR16X4.$proc$/home/miguelangel-garcia/miniconda3/envs/digital/bin/../share/yosys/ecp5/cells_sim.v:0$142'.
  created direct connection (no actual register cell created).
Creating register for signal `\TRELLIS_DPR16X4.$memwr$\mem$/home/miguelangel-garcia/miniconda3/envs/digital/bin/../share/yosys/ecp5/cells_sim.v:207$103_EN' using process `\TRELLIS_DPR16X4.$proc$/home/miguelangel-garcia/miniconda3/envs/digital/bin/../share/yosys/ecp5/cells_sim.v:0$142'.
  created direct connection (no actual register cell created).
Creating register for signal `\TRELLIS_DPR16X4.$memwr$\mem$/home/miguelangel-garcia/miniconda3/envs/digital/bin/../share/yosys/ecp5/cells_sim.v:207$104_EN' using process `\TRELLIS_DPR16X4.$proc$/home/miguelangel-garcia/miniconda3/envs/digital/bin/../share/yosys/ecp5/cells_sim.v:0$142'.
  created direct connection (no actual register cell created).
Creating register for signal `\TRELLIS_DPR16X4.$memwr$\mem$/home/miguelangel-garcia/miniconda3/envs/digital/bin/../share/yosys/ecp5/cells_sim.v:207$105_EN' using process `\TRELLIS_DPR16X4.$proc$/home/miguelangel-garcia/miniconda3/envs/digital/bin/../share/yosys/ecp5/cells_sim.v:0$142'.
  created direct connection (no actual register cell created).
Creating register for signal `\TRELLIS_DPR16X4.$memwr$\mem$/home/miguelangel-garcia/miniconda3/envs/digital/bin/../share/yosys/ecp5/cells_sim.v:207$106_EN' using process `\TRELLIS_DPR16X4.$proc$/home/miguelangel-garcia/miniconda3/envs/digital/bin/../share/yosys/ecp5/cells_sim.v:0$142'.
  created direct connection (no actual register cell created).
Creating register for signal `\TRELLIS_DPR16X4.$memwr$\mem$/home/miguelangel-garcia/miniconda3/envs/digital/bin/../share/yosys/ecp5/cells_sim.v:207$107_EN' using process `\TRELLIS_DPR16X4.$proc$/home/miguelangel-garcia/miniconda3/envs/digital/bin/../share/yosys/ecp5/cells_sim.v:0$142'.
  created direct connection (no actual register cell created).
Creating register for signal `\TRELLIS_DPR16X4.$memwr$\mem$/home/miguelangel-garcia/miniconda3/envs/digital/bin/../share/yosys/ecp5/cells_sim.v:207$108_EN' using process `\TRELLIS_DPR16X4.$proc$/home/miguelangel-garcia/miniconda3/envs/digital/bin/../share/yosys/ecp5/cells_sim.v:0$142'.
  created direct connection (no actual register cell created).
Creating register for signal `\TRELLIS_DPR16X4.$memwr$\mem$/home/miguelangel-garcia/miniconda3/envs/digital/bin/../share/yosys/ecp5/cells_sim.v:207$109_EN' using process `\TRELLIS_DPR16X4.$proc$/home/miguelangel-garcia/miniconda3/envs/digital/bin/../share/yosys/ecp5/cells_sim.v:0$142'.
  created direct connection (no actual register cell created).
Creating register for signal `\TRELLIS_DPR16X4.$memwr$\mem$/home/miguelangel-garcia/miniconda3/envs/digital/bin/../share/yosys/ecp5/cells_sim.v:207$110_EN' using process `\TRELLIS_DPR16X4.$proc$/home/miguelangel-garcia/miniconda3/envs/digital/bin/../share/yosys/ecp5/cells_sim.v:0$142'.
  created direct connection (no actual register cell created).
Creating register for signal `\TRELLIS_DPR16X4.$memwr$\mem$/home/miguelangel-garcia/miniconda3/envs/digital/bin/../share/yosys/ecp5/cells_sim.v:207$111_EN' using process `\TRELLIS_DPR16X4.$proc$/home/miguelangel-garcia/miniconda3/envs/digital/bin/../share/yosys/ecp5/cells_sim.v:0$142'.
  created direct connection (no actual register cell created).
Creating register for signal `\TRELLIS_DPR16X4.$memwr$\mem$/home/miguelangel-garcia/miniconda3/envs/digital/bin/../share/yosys/ecp5/cells_sim.v:207$112_EN' using process `\TRELLIS_DPR16X4.$proc$/home/miguelangel-garcia/miniconda3/envs/digital/bin/../share/yosys/ecp5/cells_sim.v:0$142'.
  created direct connection (no actual register cell created).
Creating register for signal `\TRELLIS_DPR16X4.$memwr$\mem$/home/miguelangel-garcia/miniconda3/envs/digital/bin/../share/yosys/ecp5/cells_sim.v:207$113_EN' using process `\TRELLIS_DPR16X4.$proc$/home/miguelangel-garcia/miniconda3/envs/digital/bin/../share/yosys/ecp5/cells_sim.v:0$142'.
  created direct connection (no actual register cell created).
Creating register for signal `\TRELLIS_DPR16X4.$memwr$\mem$/home/miguelangel-garcia/miniconda3/envs/digital/bin/../share/yosys/ecp5/cells_sim.v:207$114_EN' using process `\TRELLIS_DPR16X4.$proc$/home/miguelangel-garcia/miniconda3/envs/digital/bin/../share/yosys/ecp5/cells_sim.v:0$142'.
  created direct connection (no actual register cell created).
Creating register for signal `\TRELLIS_DPR16X4.$memwr$\mem$/home/miguelangel-garcia/miniconda3/envs/digital/bin/../share/yosys/ecp5/cells_sim.v:207$115_EN' using process `\TRELLIS_DPR16X4.$proc$/home/miguelangel-garcia/miniconda3/envs/digital/bin/../share/yosys/ecp5/cells_sim.v:0$142'.
  created direct connection (no actual register cell created).
Creating register for signal `\TRELLIS_DPR16X4.$memwr$\mem$/home/miguelangel-garcia/miniconda3/envs/digital/bin/../share/yosys/ecp5/cells_sim.v:223$116_ADDR' using process `\TRELLIS_DPR16X4.$proc$/home/miguelangel-garcia/miniconda3/envs/digital/bin/../share/yosys/ecp5/cells_sim.v:221$118'.
  created $dff cell `$procdff$2085' with positive edge clock.
Creating register for signal `\TRELLIS_DPR16X4.$memwr$\mem$/home/miguelangel-garcia/miniconda3/envs/digital/bin/../share/yosys/ecp5/cells_sim.v:223$116_DATA' using process `\TRELLIS_DPR16X4.$proc$/home/miguelangel-garcia/miniconda3/envs/digital/bin/../share/yosys/ecp5/cells_sim.v:221$118'.
  created $dff cell `$procdff$2086' with positive edge clock.
Creating register for signal `\TRELLIS_DPR16X4.$memwr$\mem$/home/miguelangel-garcia/miniconda3/envs/digital/bin/../share/yosys/ecp5/cells_sim.v:223$116_EN' using process `\TRELLIS_DPR16X4.$proc$/home/miguelangel-garcia/miniconda3/envs/digital/bin/../share/yosys/ecp5/cells_sim.v:221$118'.
  created $dff cell `$procdff$2087' with positive edge clock.
Creating register for signal `\TRELLIS_DPR16X4.\muxwre' using process `\TRELLIS_DPR16X4.$proc$/home/miguelangel-garcia/miniconda3/envs/digital/bin/../share/yosys/ecp5/cells_sim.v:213$117'.
  created direct connection (no actual register cell created).
Creating register for signal `\count_ws.\cnt_out' using process `\count_ws.$proc$cores/ws2812/count_ws.v:8$578'.
  created $dff cell `$procdff$2088' with negative edge clock.
Creating register for signal `\ctrl_ws.\state' using process `\ctrl_ws.$proc$cores/ws2812/ctrl_ws.v:27$571'.
  created $dff cell `$procdff$2089' with positive edge clock.
Creating register for signal `\lsr_wsled.\s_A' using process `\lsr_wsled.$proc$cores/ws2812/lsr_wsled.v:8$569'.
  created $dff cell `$procdff$2090' with positive edge clock.
Creating register for signal `\count_wsled.\counter' using process `\count_wsled.$proc$cores/ws2812/count_wsled.v:12$565'.
  created $dff cell `$procdff$2091' with positive edge clock.
Creating register for signal `\ctrl_wsled.\state' using process `\ctrl_wsled.$proc$cores/ws2812/ctrl_wsled.v:25$563'.
  created $dff cell `$procdff$2092' with negative edge clock.
Creating register for signal `\rsr.\s_B' using process `\rsr.$proc$cores/mult_ASM/rsr.v:8$561'.
  created $dff cell `$procdff$2093' with negative edge clock.
Creating register for signal `\lsr_mult.\s_A' using process `\lsr_mult.$proc$cores/mult_ASM/lsr_mult.v:8$559'.
  created $dff cell `$procdff$2094' with negative edge clock.
Creating register for signal `\acc.\pp' using process `\acc.$proc$cores/mult_ASM/acc.v:10$552'.
  created $dff cell `$procdff$2095' with negative edge clock.
Creating register for signal `\control_mult.\reset' using process `\control_mult.$proc$cores/mult_ASM/control_mult.v:34$547'.
  created $dff cell `$procdff$2096' with positive edge clock.
Creating register for signal `\control_mult.\done' using process `\control_mult.$proc$cores/mult_ASM/control_mult.v:34$547'.
  created $dff cell `$procdff$2097' with positive edge clock.
Creating register for signal `\control_mult.\state' using process `\control_mult.$proc$cores/mult_ASM/control_mult.v:34$547'.
  created $dff cell `$procdff$2098' with positive edge clock.
Creating register for signal `\control_mult.\add' using process `\control_mult.$proc$cores/mult_ASM/control_mult.v:34$547'.
  created $dff cell `$procdff$2099' with positive edge clock.
Creating register for signal `\control_mult.\sh' using process `\control_mult.$proc$cores/mult_ASM/control_mult.v:34$547'.
  created $dff cell `$procdff$2100' with positive edge clock.
Creating register for signal `\control_mult.\count' using process `\control_mult.$proc$cores/mult_ASM/control_mult.v:34$547'.
  created $dff cell `$procdff$2101' with positive edge clock.
Creating register for signal `\lsr2.\data' using process `\lsr2.$proc$cores/sqrt_ASM/lsr2.v:14$546'.
  created $dff cell `$procdff$2102' with negative edge clock.
Creating register for signal `\lsr.\out_r' using process `\lsr.$proc$cores/sqrt_ASM/lsr.v:12$545'.
  created $dff cell `$procdff$2103' with negative edge clock.
Creating register for signal `\count.\z' using process `\count.$proc$cores/sqrt_ASM/count.v:11$535'.
  created $dff cell `$procdff$2104' with negative edge clock.
Creating register for signal `\count.\cont' using process `\count.$proc$cores/sqrt_ASM/count.v:11$535'.
  created $dff cell `$procdff$2105' with negative edge clock.
Creating register for signal `\control_sqrt.\state' using process `\control_sqrt.$proc$cores/sqrt_ASM/control.v:30$529'.
  created $dff cell `$procdff$2106' with positive edge clock.
Creating register for signal `\control_sqrt.\count' using process `\control_sqrt.$proc$cores/sqrt_ASM/control.v:30$529'.
  created $dff cell `$procdff$2107' with positive edge clock.
Creating register for signal `\lsr4.\data' using process `\lsr4.$proc$cores/bin2bcd/lsr4.v:15$523'.
  created $dff cell `$procdff$2108' with negative edge clock.
Creating register for signal `\rsr4.\data' using process `\rsr4.$proc$cores/bcd2bin/rsr4.v:17$517'.
  created $dff cell `$procdff$2109' with negative edge clock.
Creating register for signal `\reg_msb.\cont' using process `\reg_msb.$proc$cores/bin2bcd/reg_msb.v:22$513'.
  created $dff cell `$procdff$2110' with negative edge clock.
Creating register for signal `\cnt_bin2bcd.\z' using process `\cnt_bin2bcd.$proc$cores/bin2bcd/count.v:11$506'.
  created $dff cell `$procdff$2111' with negative edge clock.
Creating register for signal `\cnt_bin2bcd.\cont' using process `\cnt_bin2bcd.$proc$cores/bin2bcd/count.v:11$506'.
  created $dff cell `$procdff$2112' with negative edge clock.
Creating register for signal `\ctrl_b2b.\state' using process `\ctrl_b2b.$proc$cores/bin2bcd/ctrl_b2b.v:25$501'.
  created $dff cell `$procdff$2113' with positive edge clock.
Creating register for signal `\ctrl_b2b.\count' using process `\ctrl_b2b.$proc$cores/bin2bcd/ctrl_b2b.v:25$501'.
  created $dff cell `$procdff$2114' with positive edge clock.
Creating register for signal `\led_mem.\data_r' using process `\led_mem.$proc$cores/ws2812/led_mem.v:11$497'.
  created $dff cell `$procdff$2115' with negative edge clock.
Creating register for signal `\count_addr_arr.\address' using process `\count_addr_arr.$proc$cores/ws2812/count_addr_arr.v:8$495'.
  created $dff cell `$procdff$2116' with negative edge clock.
Creating register for signal `\ctrl_ws_arr.\state' using process `\ctrl_ws_arr.$proc$cores/ws2812/ctrl_ws_arr.v:23$493'.
  created $dff cell `$procdff$2117' with negative edge clock.
Creating register for signal `$paramod$1c9b49bacefaeab44db5983aee61d9795015608a\uart.\tx_busy' using process `$paramod$1c9b49bacefaeab44db5983aee61d9795015608a\uart.$proc$cores/uart/uart.v:122$481'.
  created $dff cell `$procdff$2118' with positive edge clock.
Creating register for signal `$paramod$1c9b49bacefaeab44db5983aee61d9795015608a\uart.\uart_txd' using process `$paramod$1c9b49bacefaeab44db5983aee61d9795015608a\uart.$proc$cores/uart/uart.v:122$481'.
  created $dff cell `$procdff$2119' with positive edge clock.
Creating register for signal `$paramod$1c9b49bacefaeab44db5983aee61d9795015608a\uart.\tx_bitcount' using process `$paramod$1c9b49bacefaeab44db5983aee61d9795015608a\uart.$proc$cores/uart/uart.v:122$481'.
  created $dff cell `$procdff$2120' with positive edge clock.
Creating register for signal `$paramod$1c9b49bacefaeab44db5983aee61d9795015608a\uart.\tx_count16' using process `$paramod$1c9b49bacefaeab44db5983aee61d9795015608a\uart.$proc$cores/uart/uart.v:122$481'.
  created $dff cell `$procdff$2121' with positive edge clock.
Creating register for signal `$paramod$1c9b49bacefaeab44db5983aee61d9795015608a\uart.\txd_reg' using process `$paramod$1c9b49bacefaeab44db5983aee61d9795015608a\uart.$proc$cores/uart/uart.v:122$481'.
  created $dff cell `$procdff$2122' with positive edge clock.
Creating register for signal `$paramod$1c9b49bacefaeab44db5983aee61d9795015608a\uart.\rx_data' using process `$paramod$1c9b49bacefaeab44db5983aee61d9795015608a\uart.$proc$cores/uart/uart.v:66$473'.
  created $dff cell `$procdff$2123' with positive edge clock.
Creating register for signal `$paramod$1c9b49bacefaeab44db5983aee61d9795015608a\uart.\rx_error' using process `$paramod$1c9b49bacefaeab44db5983aee61d9795015608a\uart.$proc$cores/uart/uart.v:66$473'.
  created $dff cell `$procdff$2124' with positive edge clock.
Creating register for signal `$paramod$1c9b49bacefaeab44db5983aee61d9795015608a\uart.\rx_avail' using process `$paramod$1c9b49bacefaeab44db5983aee61d9795015608a\uart.$proc$cores/uart/uart.v:66$473'.
  created $dff cell `$procdff$2125' with positive edge clock.
Creating register for signal `$paramod$1c9b49bacefaeab44db5983aee61d9795015608a\uart.\rx_busy' using process `$paramod$1c9b49bacefaeab44db5983aee61d9795015608a\uart.$proc$cores/uart/uart.v:66$473'.
  created $dff cell `$procdff$2126' with positive edge clock.
Creating register for signal `$paramod$1c9b49bacefaeab44db5983aee61d9795015608a\uart.\rx_count16' using process `$paramod$1c9b49bacefaeab44db5983aee61d9795015608a\uart.$proc$cores/uart/uart.v:66$473'.
  created $dff cell `$procdff$2127' with positive edge clock.
Creating register for signal `$paramod$1c9b49bacefaeab44db5983aee61d9795015608a\uart.\rx_bitcount' using process `$paramod$1c9b49bacefaeab44db5983aee61d9795015608a\uart.$proc$cores/uart/uart.v:66$473'.
  created $dff cell `$procdff$2128' with positive edge clock.
Creating register for signal `$paramod$1c9b49bacefaeab44db5983aee61d9795015608a\uart.\rxd_reg' using process `$paramod$1c9b49bacefaeab44db5983aee61d9795015608a\uart.$proc$cores/uart/uart.v:66$473'.
  created $dff cell `$procdff$2129' with positive edge clock.
Creating register for signal `$paramod$1c9b49bacefaeab44db5983aee61d9795015608a\uart.\uart_rxd1' using process `$paramod$1c9b49bacefaeab44db5983aee61d9795015608a\uart.$proc$cores/uart/uart.v:52$472'.
  created $dff cell `$procdff$2130' with positive edge clock.
Creating register for signal `$paramod$1c9b49bacefaeab44db5983aee61d9795015608a\uart.\uart_rxd2' using process `$paramod$1c9b49bacefaeab44db5983aee61d9795015608a\uart.$proc$cores/uart/uart.v:52$472'.
  created $dff cell `$procdff$2131' with positive edge clock.
Creating register for signal `$paramod$1c9b49bacefaeab44db5983aee61d9795015608a\uart.\enable16_counter' using process `$paramod$1c9b49bacefaeab44db5983aee61d9795015608a\uart.$proc$cores/uart/uart.v:34$469'.
  created $dff cell `$procdff$2132' with positive edge clock.
Creating register for signal `\FemtoRV32.\cycles' using process `\FemtoRV32.$proc$cores/cpu/femtorv32_quark_V2.v:290$461'.
  created $dff cell `$procdff$2133' with positive edge clock.
Creating register for signal `\FemtoRV32.\PC' using process `\FemtoRV32.$proc$cores/cpu/femtorv32_quark_V2.v:249$448'.
  created $dff cell `$procdff$2134' with positive edge clock.
Creating register for signal `\FemtoRV32.\instr' using process `\FemtoRV32.$proc$cores/cpu/femtorv32_quark_V2.v:249$448'.
  created $dff cell `$procdff$2135' with positive edge clock.
Creating register for signal `\FemtoRV32.\state' using process `\FemtoRV32.$proc$cores/cpu/femtorv32_quark_V2.v:249$448'.
  created $dff cell `$procdff$2136' with positive edge clock.
Creating register for signal `\FemtoRV32.\rs1' using process `\FemtoRV32.$proc$cores/cpu/femtorv32_quark_V2.v:249$448'.
  created $dff cell `$procdff$2137' with positive edge clock.
Creating register for signal `\FemtoRV32.\rs2' using process `\FemtoRV32.$proc$cores/cpu/femtorv32_quark_V2.v:249$448'.
  created $dff cell `$procdff$2138' with positive edge clock.
Creating register for signal `\FemtoRV32.\aluReg' using process `\FemtoRV32.$proc$cores/cpu/femtorv32_quark_V2.v:188$411'.
  created $dff cell `$procdff$2139' with positive edge clock.
Creating register for signal `\FemtoRV32.\aluShamt' using process `\FemtoRV32.$proc$cores/cpu/femtorv32_quark_V2.v:188$411'.
  created $dff cell `$procdff$2140' with positive edge clock.
Creating register for signal `\FemtoRV32.$memwr$\registerFile$cores/cpu/femtorv32_quark_V2.v:181$313_EN' using process `\FemtoRV32.$proc$cores/cpu/femtorv32_quark_V2.v:179$394'.
  created $dff cell `$procdff$2141' with positive edge clock.
Creating register for signal `\FemtoRV32.$memwr$\registerFile$cores/cpu/femtorv32_quark_V2.v:185$314_ADDR' using process `\FemtoRV32.$proc$cores/cpu/femtorv32_quark_V2.v:179$394'.
  created $dff cell `$procdff$2142' with positive edge clock.
Creating register for signal `\FemtoRV32.$memwr$\registerFile$cores/cpu/femtorv32_quark_V2.v:185$314_DATA' using process `\FemtoRV32.$proc$cores/cpu/femtorv32_quark_V2.v:179$394'.
  created $dff cell `$procdff$2143' with positive edge clock.
Creating register for signal `\FemtoRV32.$memwr$\registerFile$cores/cpu/femtorv32_quark_V2.v:185$314_EN' using process `\FemtoRV32.$proc$cores/cpu/femtorv32_quark_V2.v:179$394'.
  created $dff cell `$procdff$2144' with positive edge clock.
Creating register for signal `\bram.\mem_rdata' using process `\bram.$proc$cores/bram/bram.v:20$285'.
  created $dff cell `$procdff$2145' with positive edge clock.
Creating register for signal `\bram.$memwr$\MEM$cores/bram/bram.v:24$281_ADDR' using process `\bram.$proc$cores/bram/bram.v:20$285'.
  created $dff cell `$procdff$2146' with positive edge clock.
Creating register for signal `\bram.$memwr$\MEM$cores/bram/bram.v:24$281_DATA' using process `\bram.$proc$cores/bram/bram.v:20$285'.
  created $dff cell `$procdff$2147' with positive edge clock.
Creating register for signal `\bram.$memwr$\MEM$cores/bram/bram.v:24$281_EN' using process `\bram.$proc$cores/bram/bram.v:20$285'.
  created $dff cell `$procdff$2148' with positive edge clock.
Creating register for signal `\bram.$memwr$\MEM$cores/bram/bram.v:25$282_ADDR' using process `\bram.$proc$cores/bram/bram.v:20$285'.
  created $dff cell `$procdff$2149' with positive edge clock.
Creating register for signal `\bram.$memwr$\MEM$cores/bram/bram.v:25$282_DATA' using process `\bram.$proc$cores/bram/bram.v:20$285'.
  created $dff cell `$procdff$2150' with positive edge clock.
Creating register for signal `\bram.$memwr$\MEM$cores/bram/bram.v:25$282_EN' using process `\bram.$proc$cores/bram/bram.v:20$285'.
  created $dff cell `$procdff$2151' with positive edge clock.
Creating register for signal `\bram.$memwr$\MEM$cores/bram/bram.v:26$283_ADDR' using process `\bram.$proc$cores/bram/bram.v:20$285'.
  created $dff cell `$procdff$2152' with positive edge clock.
Creating register for signal `\bram.$memwr$\MEM$cores/bram/bram.v:26$283_DATA' using process `\bram.$proc$cores/bram/bram.v:20$285'.
  created $dff cell `$procdff$2153' with positive edge clock.
Creating register for signal `\bram.$memwr$\MEM$cores/bram/bram.v:26$283_EN' using process `\bram.$proc$cores/bram/bram.v:20$285'.
  created $dff cell `$procdff$2154' with positive edge clock.
Creating register for signal `\bram.$memwr$\MEM$cores/bram/bram.v:27$284_ADDR' using process `\bram.$proc$cores/bram/bram.v:20$285'.
  created $dff cell `$procdff$2155' with positive edge clock.
Creating register for signal `\bram.$memwr$\MEM$cores/bram/bram.v:27$284_DATA' using process `\bram.$proc$cores/bram/bram.v:20$285'.
  created $dff cell `$procdff$2156' with positive edge clock.
Creating register for signal `\bram.$memwr$\MEM$cores/bram/bram.v:27$284_EN' using process `\bram.$proc$cores/bram/bram.v:20$285'.
  created $dff cell `$procdff$2157' with positive edge clock.
Creating register for signal `$paramod$e358107493866f19ba52d8dda1c67d080e76663e\peripheral_uart.\d_out' using process `$paramod$e358107493866f19ba52d8dda1c67d080e76663e\peripheral_uart.$proc$cores/uart/perip_uart.v:45$277'.
  created $dff cell `$procdff$2158' with positive edge clock.
Creating register for signal `$paramod$e358107493866f19ba52d8dda1c67d080e76663e\peripheral_uart.\ledout' using process `$paramod$e358107493866f19ba52d8dda1c67d080e76663e\peripheral_uart.$proc$cores/uart/perip_uart.v:38$272'.
  created $dff cell `$procdff$2159' with positive edge clock.
Creating register for signal `$paramod$e358107493866f19ba52d8dda1c67d080e76663e\peripheral_uart.\d_in_uart' using process `$paramod$e358107493866f19ba52d8dda1c67d080e76663e\peripheral_uart.$proc$cores/uart/perip_uart.v:38$272'.
  created $dff cell `$procdff$2160' with positive edge clock.
Creating register for signal `$paramod$e358107493866f19ba52d8dda1c67d080e76663e\peripheral_uart.\uart_ctrl' using process `$paramod$e358107493866f19ba52d8dda1c67d080e76663e\peripheral_uart.$proc$cores/uart/perip_uart.v:38$272'.
  created $dff cell `$procdff$2161' with positive edge clock.
Creating register for signal `\peripheral_mult.\d_out' using process `\peripheral_mult.$proc$cores/mult_ASM/perip_mult.v:56$268'.
  created $dff cell `$procdff$2162' with positive edge clock.
Creating register for signal `\peripheral_mult.\A' using process `\peripheral_mult.$proc$cores/mult_ASM/perip_mult.v:38$263'.
  created $dff cell `$procdff$2163' with positive edge clock.
Creating register for signal `\peripheral_mult.\B' using process `\peripheral_mult.$proc$cores/mult_ASM/perip_mult.v:38$263'.
  created $dff cell `$procdff$2164' with positive edge clock.
Creating register for signal `\peripheral_mult.\init' using process `\peripheral_mult.$proc$cores/mult_ASM/perip_mult.v:38$263'.
  created $dff cell `$procdff$2165' with positive edge clock.
Creating register for signal `\peripheral_sqrt.\d_out' using process `\peripheral_sqrt.$proc$cores/sqrt_ASM/perip_sqrt.v:52$261'.
  created $dff cell `$procdff$2166' with negative edge clock.
Creating register for signal `\peripheral_sqrt.\A' using process `\peripheral_sqrt.$proc$cores/sqrt_ASM/perip_sqrt.v:36$257'.
  created $dff cell `$procdff$2167' with negative edge clock.
Creating register for signal `\peripheral_sqrt.\init' using process `\peripheral_sqrt.$proc$cores/sqrt_ASM/perip_sqrt.v:36$257'.
  created $dff cell `$procdff$2168' with negative edge clock.
Creating register for signal `\peripheral_bin2bcd.\d_out' using process `\peripheral_bin2bcd.$proc$cores/bin2bcd/perip_bin2bcd.v:50$255'.
  created $dff cell `$procdff$2169' with positive edge clock.
Creating register for signal `\peripheral_bin2bcd.\A' using process `\peripheral_bin2bcd.$proc$cores/bin2bcd/perip_bin2bcd.v:34$251'.
  created $dff cell `$procdff$2170' with positive edge clock.
Creating register for signal `\peripheral_bin2bcd.\init' using process `\peripheral_bin2bcd.$proc$cores/bin2bcd/perip_bin2bcd.v:34$251'.
  created $dff cell `$procdff$2171' with positive edge clock.
Creating register for signal `\peripheral_bcd2bin.\d_out' using process `\peripheral_bcd2bin.$proc$cores/bcd2bin/perip_bcd2bin.v:50$249'.
  created $dff cell `$procdff$2172' with positive edge clock.
Creating register for signal `\peripheral_bcd2bin.\A' using process `\peripheral_bcd2bin.$proc$cores/bcd2bin/perip_bcd2bin.v:34$245'.
  created $dff cell `$procdff$2173' with positive edge clock.
Creating register for signal `\peripheral_bcd2bin.\init' using process `\peripheral_bcd2bin.$proc$cores/bcd2bin/perip_bcd2bin.v:34$245'.
  created $dff cell `$procdff$2174' with positive edge clock.
Creating register for signal `\peripheral_ws2812.\d_out' using process `\peripheral_ws2812.$proc$cores/ws2812/perip_ws2812.v:57$243'.
  created $dff cell `$procdff$2175' with positive edge clock.
Creating register for signal `\peripheral_ws2812.\A' using process `\peripheral_ws2812.$proc$cores/ws2812/perip_ws2812.v:39$238'.
  created $dff cell `$procdff$2176' with positive edge clock.
Creating register for signal `\peripheral_ws2812.\B' using process `\peripheral_ws2812.$proc$cores/ws2812/perip_ws2812.v:39$238'.
  created $dff cell `$procdff$2177' with positive edge clock.
Creating register for signal `\peripheral_ws2812.\init' using process `\peripheral_ws2812.$proc$cores/ws2812/perip_ws2812.v:39$238'.
  created $dff cell `$procdff$2178' with positive edge clock.

47.5.10. Executing PROC_MEMWR pass (convert process memory writes to cells).

47.5.11. Executing PROC_CLEAN pass (remove empty switches from decision trees).
Removing empty process `TRELLIS_FF.$proc$/home/miguelangel-garcia/miniconda3/envs/digital/bin/../share/yosys/ecp5/cells_sim.v:0$225'.
Found and cleaned up 2 empty switches in `\TRELLIS_FF.$proc$/home/miguelangel-garcia/miniconda3/envs/digital/bin/../share/yosys/ecp5/cells_sim.v:350$224'.
Removing empty process `TRELLIS_FF.$proc$/home/miguelangel-garcia/miniconda3/envs/digital/bin/../share/yosys/ecp5/cells_sim.v:350$224'.
Removing empty process `DPR16X4C.$proc$/home/miguelangel-garcia/miniconda3/envs/digital/bin/../share/yosys/ecp5/cells_sim.v:0$199'.
Found and cleaned up 1 empty switch in `\DPR16X4C.$proc$/home/miguelangel-garcia/miniconda3/envs/digital/bin/../share/yosys/ecp5/cells_sim.v:285$176'.
Removing empty process `TRELLIS_DPR16X4.$proc$/home/miguelangel-garcia/miniconda3/envs/digital/bin/../share/yosys/ecp5/cells_sim.v:0$142'.
Found and cleaned up 1 empty switch in `\TRELLIS_DPR16X4.$proc$/home/miguelangel-garcia/miniconda3/envs/digital/bin/../share/yosys/ecp5/cells_sim.v:221$118'.
Removing empty process `TRELLIS_DPR16X4.$proc$/home/miguelangel-garcia/miniconda3/envs/digital/bin/../share/yosys/ecp5/cells_sim.v:213$117'.
Found and cleaned up 2 empty switches in `\count_ws.$proc$cores/ws2812/count_ws.v:8$578'.
Removing empty process `count_ws.$proc$cores/ws2812/count_ws.v:8$578'.
Found and cleaned up 1 empty switch in `\comp_ws.$proc$cores/ws2812/comp_ws.v:7$576'.
Removing empty process `comp_ws.$proc$cores/ws2812/comp_ws.v:7$576'.
Found and cleaned up 1 empty switch in `\mux_ws.$proc$cores/ws2812/mux_ws.v:9$575'.
Removing empty process `mux_ws.$proc$cores/ws2812/mux_ws.v:9$575'.
Found and cleaned up 1 empty switch in `\ctrl_ws.$proc$cores/ws2812/ctrl_ws.v:76$572'.
Removing empty process `ctrl_ws.$proc$cores/ws2812/ctrl_ws.v:76$572'.
Found and cleaned up 7 empty switches in `\ctrl_ws.$proc$cores/ws2812/ctrl_ws.v:27$571'.
Removing empty process `ctrl_ws.$proc$cores/ws2812/ctrl_ws.v:27$571'.
Found and cleaned up 2 empty switches in `\lsr_wsled.$proc$cores/ws2812/lsr_wsled.v:8$569'.
Removing empty process `lsr_wsled.$proc$cores/ws2812/lsr_wsled.v:8$569'.
Found and cleaned up 1 empty switch in `\count_wsled.$proc$cores/ws2812/count_wsled.v:21$567'.
Removing empty process `count_wsled.$proc$cores/ws2812/count_wsled.v:21$567'.
Found and cleaned up 2 empty switches in `\count_wsled.$proc$cores/ws2812/count_wsled.v:12$565'.
Removing empty process `count_wsled.$proc$cores/ws2812/count_wsled.v:12$565'.
Found and cleaned up 1 empty switch in `\ctrl_wsled.$proc$cores/ws2812/ctrl_wsled.v:60$564'.
Removing empty process `ctrl_wsled.$proc$cores/ws2812/ctrl_wsled.v:60$564'.
Found and cleaned up 5 empty switches in `\ctrl_wsled.$proc$cores/ws2812/ctrl_wsled.v:25$563'.
Removing empty process `ctrl_wsled.$proc$cores/ws2812/ctrl_wsled.v:25$563'.
Found and cleaned up 2 empty switches in `\rsr.$proc$cores/mult_ASM/rsr.v:8$561'.
Removing empty process `rsr.$proc$cores/mult_ASM/rsr.v:8$561'.
Found and cleaned up 2 empty switches in `\lsr_mult.$proc$cores/mult_ASM/lsr_mult.v:8$559'.
Removing empty process `lsr_mult.$proc$cores/mult_ASM/lsr_mult.v:8$559'.
Removing empty process `comp.$proc$cores/mult_ASM/comp.v:0$558'.
Removing empty process `comp.$proc$cores/mult_ASM/comp.v:9$555'.
Removing empty process `acc.$proc$cores/mult_ASM/acc.v:0$554'.
Found and cleaned up 2 empty switches in `\acc.$proc$cores/mult_ASM/acc.v:10$552'.
Removing empty process `acc.$proc$cores/mult_ASM/acc.v:10$552'.
Removing empty process `control_mult.$proc$cores/mult_ASM/control_mult.v:0$551'.
Found and cleaned up 5 empty switches in `\control_mult.$proc$cores/mult_ASM/control_mult.v:34$547'.
Removing empty process `control_mult.$proc$cores/mult_ASM/control_mult.v:34$547'.
Found and cleaned up 3 empty switches in `\lsr2.$proc$cores/sqrt_ASM/lsr2.v:14$546'.
Removing empty process `lsr2.$proc$cores/sqrt_ASM/lsr2.v:14$546'.
Found and cleaned up 4 empty switches in `\lsr.$proc$cores/sqrt_ASM/lsr.v:12$545'.
Removing empty process `lsr.$proc$cores/sqrt_ASM/lsr.v:12$545'.
Removing empty process `addc2.$proc$cores/sqrt_ASM/addc2.v:7$540'.
Removing empty process `count.$proc$cores/sqrt_ASM/count.v:8$539'.
Found and cleaned up 2 empty switches in `\count.$proc$cores/sqrt_ASM/count.v:11$535'.
Removing empty process `count.$proc$cores/sqrt_ASM/count.v:11$535'.
Found and cleaned up 1 empty switch in `\control_sqrt.$proc$cores/sqrt_ASM/control.v:86$534'.
Removing empty process `control_sqrt.$proc$cores/sqrt_ASM/control.v:86$534'.
Found and cleaned up 6 empty switches in `\control_sqrt.$proc$cores/sqrt_ASM/control.v:30$529'.
Removing empty process `control_sqrt.$proc$cores/sqrt_ASM/control.v:30$529'.
Found and cleaned up 7 empty switches in `\lsr4.$proc$cores/bin2bcd/lsr4.v:15$523'.
Removing empty process `lsr4.$proc$cores/bin2bcd/lsr4.v:15$523'.
Found and cleaned up 7 empty switches in `\rsr4.$proc$cores/bcd2bin/rsr4.v:17$517'.
Removing empty process `rsr4.$proc$cores/bcd2bin/rsr4.v:17$517'.
Found and cleaned up 1 empty switch in `\mux.$proc$cores/bin2bcd/mux2.v:8$516'.
Removing empty process `mux.$proc$cores/bin2bcd/mux2.v:8$516'.
Removing empty process `add_sub_c2.$proc$cores/bin2bcd/add_sub_c2.v:7$514'.
Found and cleaned up 2 empty switches in `\reg_msb.$proc$cores/bin2bcd/reg_msb.v:22$513'.
Removing empty process `reg_msb.$proc$cores/bin2bcd/reg_msb.v:22$513'.
Found and cleaned up 1 empty switch in `\reg_msb.$proc$cores/bin2bcd/reg_msb.v:14$511'.
Removing empty process `reg_msb.$proc$cores/bin2bcd/reg_msb.v:14$511'.
Removing empty process `cnt_bin2bcd.$proc$cores/bin2bcd/count.v:8$510'.
Found and cleaned up 2 empty switches in `\cnt_bin2bcd.$proc$cores/bin2bcd/count.v:11$506'.
Removing empty process `cnt_bin2bcd.$proc$cores/bin2bcd/count.v:11$506'.
Found and cleaned up 1 empty switch in `\ctrl_b2b.$proc$cores/bin2bcd/ctrl_b2b.v:73$505'.
Removing empty process `ctrl_b2b.$proc$cores/bin2bcd/ctrl_b2b.v:73$505'.
Found and cleaned up 4 empty switches in `\ctrl_b2b.$proc$cores/bin2bcd/ctrl_b2b.v:25$501'.
Removing empty process `ctrl_b2b.$proc$cores/bin2bcd/ctrl_b2b.v:25$501'.
Removing empty process `led_mem.$proc$cores/ws2812/led_mem.v:11$497'.
Found and cleaned up 2 empty switches in `\count_addr_arr.$proc$cores/ws2812/count_addr_arr.v:8$495'.
Removing empty process `count_addr_arr.$proc$cores/ws2812/count_addr_arr.v:8$495'.
Found and cleaned up 1 empty switch in `\ctrl_ws_arr.$proc$cores/ws2812/ctrl_ws_arr.v:58$494'.
Removing empty process `ctrl_ws_arr.$proc$cores/ws2812/ctrl_ws_arr.v:58$494'.
Found and cleaned up 5 empty switches in `\ctrl_ws_arr.$proc$cores/ws2812/ctrl_ws_arr.v:23$493'.
Removing empty process `ctrl_ws_arr.$proc$cores/ws2812/ctrl_ws_arr.v:23$493'.
Found and cleaned up 1 empty switch in `\comp_ws_arr.$proc$cores/ws2812/comp_ws_arr.v:7$491'.
Removing empty process `comp_ws_arr.$proc$cores/ws2812/comp_ws_arr.v:7$491'.
Found and cleaned up 7 empty switches in `$paramod$1c9b49bacefaeab44db5983aee61d9795015608a\uart.$proc$cores/uart/uart.v:122$481'.
Removing empty process `$paramod$1c9b49bacefaeab44db5983aee61d9795015608a\uart.$proc$cores/uart/uart.v:122$481'.
Found and cleaned up 10 empty switches in `$paramod$1c9b49bacefaeab44db5983aee61d9795015608a\uart.$proc$cores/uart/uart.v:66$473'.
Removing empty process `$paramod$1c9b49bacefaeab44db5983aee61d9795015608a\uart.$proc$cores/uart/uart.v:66$473'.
Removing empty process `$paramod$1c9b49bacefaeab44db5983aee61d9795015608a\uart.$proc$cores/uart/uart.v:52$472'.
Found and cleaned up 2 empty switches in `$paramod$1c9b49bacefaeab44db5983aee61d9795015608a\uart.$proc$cores/uart/uart.v:34$469'.
Removing empty process `$paramod$1c9b49bacefaeab44db5983aee61d9795015608a\uart.$proc$cores/uart/uart.v:34$469'.
Removing empty process `FemtoRV32.$proc$cores/cpu/femtorv32_quark_V2.v:0$465'.
Found and cleaned up 1 empty switch in `\FemtoRV32.$proc$cores/cpu/femtorv32_quark_V2.v:290$461'.
Removing empty process `FemtoRV32.$proc$cores/cpu/femtorv32_quark_V2.v:290$461'.
Found and cleaned up 4 empty switches in `\FemtoRV32.$proc$cores/cpu/femtorv32_quark_V2.v:249$448'.
Removing empty process `FemtoRV32.$proc$cores/cpu/femtorv32_quark_V2.v:249$448'.
Found and cleaned up 4 empty switches in `\FemtoRV32.$proc$cores/cpu/femtorv32_quark_V2.v:188$411'.
Removing empty process `FemtoRV32.$proc$cores/cpu/femtorv32_quark_V2.v:188$411'.
Found and cleaned up 3 empty switches in `\FemtoRV32.$proc$cores/cpu/femtorv32_quark_V2.v:179$394'.
Removing empty process `FemtoRV32.$proc$cores/cpu/femtorv32_quark_V2.v:179$394'.
Found and cleaned up 5 empty switches in `\bram.$proc$cores/bram/bram.v:20$285'.
Removing empty process `bram.$proc$cores/bram/bram.v:20$285'.
Removing empty process `$paramod$e358107493866f19ba52d8dda1c67d080e76663e\peripheral_uart.$proc$cores/uart/perip_uart.v:21$280'.
Removing empty process `$paramod$e358107493866f19ba52d8dda1c67d080e76663e\peripheral_uart.$proc$cores/uart/perip_uart.v:20$279'.
Removing empty process `$paramod$e358107493866f19ba52d8dda1c67d080e76663e\peripheral_uart.$proc$cores/uart/perip_uart.v:0$278'.
Found and cleaned up 1 empty switch in `$paramod$e358107493866f19ba52d8dda1c67d080e76663e\peripheral_uart.$proc$cores/uart/perip_uart.v:45$277'.
Removing empty process `$paramod$e358107493866f19ba52d8dda1c67d080e76663e\peripheral_uart.$proc$cores/uart/perip_uart.v:45$277'.
Removing empty process `$paramod$e358107493866f19ba52d8dda1c67d080e76663e\peripheral_uart.$proc$cores/uart/perip_uart.v:38$272'.
Found and cleaned up 1 empty switch in `$paramod$e358107493866f19ba52d8dda1c67d080e76663e\peripheral_uart.$proc$cores/uart/perip_uart.v:29$269'.
Removing empty process `$paramod$e358107493866f19ba52d8dda1c67d080e76663e\peripheral_uart.$proc$cores/uart/perip_uart.v:29$269'.
Found and cleaned up 3 empty switches in `\peripheral_mult.$proc$cores/mult_ASM/perip_mult.v:56$268'.
Removing empty process `peripheral_mult.$proc$cores/mult_ASM/perip_mult.v:56$268'.
Found and cleaned up 2 empty switches in `\peripheral_mult.$proc$cores/mult_ASM/perip_mult.v:38$263'.
Removing empty process `peripheral_mult.$proc$cores/mult_ASM/perip_mult.v:38$263'.
Found and cleaned up 2 empty switches in `\peripheral_mult.$proc$cores/mult_ASM/perip_mult.v:20$262'.
Removing empty process `peripheral_mult.$proc$cores/mult_ASM/perip_mult.v:20$262'.
Found and cleaned up 3 empty switches in `\peripheral_sqrt.$proc$cores/sqrt_ASM/perip_sqrt.v:52$261'.
Removing empty process `peripheral_sqrt.$proc$cores/sqrt_ASM/perip_sqrt.v:52$261'.
Found and cleaned up 2 empty switches in `\peripheral_sqrt.$proc$cores/sqrt_ASM/perip_sqrt.v:36$257'.
Removing empty process `peripheral_sqrt.$proc$cores/sqrt_ASM/perip_sqrt.v:36$257'.
Found and cleaned up 2 empty switches in `\peripheral_sqrt.$proc$cores/sqrt_ASM/perip_sqrt.v:19$256'.
Removing empty process `peripheral_sqrt.$proc$cores/sqrt_ASM/perip_sqrt.v:19$256'.
Found and cleaned up 3 empty switches in `\peripheral_bin2bcd.$proc$cores/bin2bcd/perip_bin2bcd.v:50$255'.
Removing empty process `peripheral_bin2bcd.$proc$cores/bin2bcd/perip_bin2bcd.v:50$255'.
Found and cleaned up 2 empty switches in `\peripheral_bin2bcd.$proc$cores/bin2bcd/perip_bin2bcd.v:34$251'.
Removing empty process `peripheral_bin2bcd.$proc$cores/bin2bcd/perip_bin2bcd.v:34$251'.
Found and cleaned up 2 empty switches in `\peripheral_bin2bcd.$proc$cores/bin2bcd/perip_bin2bcd.v:19$250'.
Removing empty process `peripheral_bin2bcd.$proc$cores/bin2bcd/perip_bin2bcd.v:19$250'.
Found and cleaned up 3 empty switches in `\peripheral_bcd2bin.$proc$cores/bcd2bin/perip_bcd2bin.v:50$249'.
Removing empty process `peripheral_bcd2bin.$proc$cores/bcd2bin/perip_bcd2bin.v:50$249'.
Found and cleaned up 2 empty switches in `\peripheral_bcd2bin.$proc$cores/bcd2bin/perip_bcd2bin.v:34$245'.
Removing empty process `peripheral_bcd2bin.$proc$cores/bcd2bin/perip_bcd2bin.v:34$245'.
Found and cleaned up 2 empty switches in `\peripheral_bcd2bin.$proc$cores/bcd2bin/perip_bcd2bin.v:19$244'.
Removing empty process `peripheral_bcd2bin.$proc$cores/bcd2bin/perip_bcd2bin.v:19$244'.
Found and cleaned up 3 empty switches in `\peripheral_ws2812.$proc$cores/ws2812/perip_ws2812.v:57$243'.
Removing empty process `peripheral_ws2812.$proc$cores/ws2812/perip_ws2812.v:57$243'.
Found and cleaned up 2 empty switches in `\peripheral_ws2812.$proc$cores/ws2812/perip_ws2812.v:39$238'.
Removing empty process `peripheral_ws2812.$proc$cores/ws2812/perip_ws2812.v:39$238'.
Found and cleaned up 2 empty switches in `\peripheral_ws2812.$proc$cores/ws2812/perip_ws2812.v:21$237'.
Removing empty process `peripheral_ws2812.$proc$cores/ws2812/perip_ws2812.v:21$237'.
Found and cleaned up 1 empty switch in `\SOC.$proc$SOC.v:152$236'.
Removing empty process `SOC.$proc$SOC.v:152$236'.
Found and cleaned up 1 empty switch in `\SOC.$proc$SOC.v:136$235'.
Removing empty process `SOC.$proc$SOC.v:136$235'.
Cleaned up 163 empty switches.

47.5.12. Executing OPT_EXPR pass (perform const folding).
Optimizing module count_ws.
Optimizing module comp_ws.
Optimizing module mux_ws.
Optimizing module ctrl_ws.
Optimizing module lsr_wsled.
Optimizing module count_wsled.
Optimizing module ws2812.
Optimizing module ctrl_wsled.
Optimizing module rsr.
Optimizing module lsr_mult.
Optimizing module comp.
Optimizing module acc.
Optimizing module control_mult.
Optimizing module lsr2.
Optimizing module lsr.
Optimizing module addc2.
Optimizing module count.
Optimizing module control_sqrt.
Optimizing module lsr4.
Optimizing module rsr4.
Optimizing module mux.
Optimizing module add_sub_c2.
Optimizing module reg_msb.
Optimizing module cnt_bin2bcd.
Optimizing module ctrl_b2b.
Optimizing module led_mem.
Optimizing module ws2812_led.
Optimizing module count_addr_arr.
Optimizing module ctrl_ws_arr.
Optimizing module comp_ws_arr.
Optimizing module $paramod$1c9b49bacefaeab44db5983aee61d9795015608a\uart.
Optimizing module ws2812_led_array.
Optimizing module bcd2bin.
Optimizing module bin2bcd.
Optimizing module sqrt.
Optimizing module mult_32.
Optimizing module FemtoRV32.
Optimizing module bram.
Optimizing module $paramod$e358107493866f19ba52d8dda1c67d080e76663e\peripheral_uart.
Optimizing module peripheral_mult.
Optimizing module peripheral_sqrt.
Optimizing module peripheral_bin2bcd.
Optimizing module peripheral_bcd2bin.
Optimizing module peripheral_ws2812.
Optimizing module SOC.

47.6. Executing FLATTEN pass (flatten design).
Deleting now unused module count_ws.
Deleting now unused module comp_ws.
Deleting now unused module mux_ws.
Deleting now unused module ctrl_ws.
Deleting now unused module lsr_wsled.
Deleting now unused module count_wsled.
Deleting now unused module ws2812.
Deleting now unused module ctrl_wsled.
Deleting now unused module rsr.
Deleting now unused module lsr_mult.
Deleting now unused module comp.
Deleting now unused module acc.
Deleting now unused module control_mult.
Deleting now unused module lsr2.
Deleting now unused module lsr.
Deleting now unused module addc2.
Deleting now unused module count.
Deleting now unused module control_sqrt.
Deleting now unused module lsr4.
Deleting now unused module rsr4.
Deleting now unused module mux.
Deleting now unused module add_sub_c2.
Deleting now unused module reg_msb.
Deleting now unused module cnt_bin2bcd.
Deleting now unused module ctrl_b2b.
Deleting now unused module led_mem.
Deleting now unused module ws2812_led.
Deleting now unused module count_addr_arr.
Deleting now unused module ctrl_ws_arr.
Deleting now unused module comp_ws_arr.
Deleting now unused module $paramod$1c9b49bacefaeab44db5983aee61d9795015608a\uart.
Deleting now unused module ws2812_led_array.
Deleting now unused module bcd2bin.
Deleting now unused module bin2bcd.
Deleting now unused module sqrt.
Deleting now unused module mult_32.
Deleting now unused module FemtoRV32.
Deleting now unused module bram.
Deleting now unused module $paramod$e358107493866f19ba52d8dda1c67d080e76663e\peripheral_uart.
Deleting now unused module peripheral_mult.
Deleting now unused module peripheral_sqrt.
Deleting now unused module peripheral_bin2bcd.
Deleting now unused module peripheral_bcd2bin.
Deleting now unused module peripheral_ws2812.

47.7. Executing TRIBUF pass.

47.8. Executing DEMINOUT pass (demote inout ports to input or output).

47.9. Executing OPT_EXPR pass (perform const folding).
Optimizing module SOC.

47.10. Executing OPT_CLEAN pass (remove unused cells and wires).
Finding unused cells or wires in module \SOC..
Removed 40 unused cells and 929 unused wires.

47.11. Executing CHECK pass (checking for obvious problems).
Checking module SOC...
Warning: Wire SOC.\div_dout [31] is used but has no driver.
Warning: Wire SOC.\div_dout [30] is used but has no driver.
Warning: Wire SOC.\div_dout [29] is used but has no driver.
Warning: Wire SOC.\div_dout [28] is used but has no driver.
Warning: Wire SOC.\div_dout [27] is used but has no driver.
Warning: Wire SOC.\div_dout [26] is used but has no driver.
Warning: Wire SOC.\div_dout [25] is used but has no driver.
Warning: Wire SOC.\div_dout [24] is used but has no driver.
Warning: Wire SOC.\div_dout [23] is used but has no driver.
Warning: Wire SOC.\div_dout [22] is used but has no driver.
Warning: Wire SOC.\div_dout [21] is used but has no driver.
Warning: Wire SOC.\div_dout [20] is used but has no driver.
Warning: Wire SOC.\div_dout [19] is used but has no driver.
Warning: Wire SOC.\div_dout [18] is used but has no driver.
Warning: Wire SOC.\div_dout [17] is used but has no driver.
Warning: Wire SOC.\div_dout [16] is used but has no driver.
Warning: Wire SOC.\div_dout [15] is used but has no driver.
Warning: Wire SOC.\div_dout [14] is used but has no driver.
Warning: Wire SOC.\div_dout [13] is used but has no driver.
Warning: Wire SOC.\div_dout [12] is used but has no driver.
Warning: Wire SOC.\div_dout [11] is used but has no driver.
Warning: Wire SOC.\div_dout [10] is used but has no driver.
Warning: Wire SOC.\div_dout [9] is used but has no driver.
Warning: Wire SOC.\div_dout [8] is used but has no driver.
Warning: Wire SOC.\div_dout [7] is used but has no driver.
Warning: Wire SOC.\div_dout [6] is used but has no driver.
Warning: Wire SOC.\div_dout [5] is used but has no driver.
Warning: Wire SOC.\div_dout [4] is used but has no driver.
Warning: Wire SOC.\div_dout [3] is used but has no driver.
Warning: Wire SOC.\div_dout [2] is used but has no driver.
Warning: Wire SOC.\div_dout [1] is used but has no driver.
Warning: Wire SOC.\div_dout [0] is used but has no driver.
Warning: Wire SOC.\ws2812_0.ws2812_LED0.count0.inc is used but has no driver.
Warning: Wire SOC.\ws2812_0.result [31] is used but has no driver.
Warning: Wire SOC.\ws2812_0.result [30] is used but has no driver.
Warning: Wire SOC.\ws2812_0.result [29] is used but has no driver.
Warning: Wire SOC.\ws2812_0.result [28] is used but has no driver.
Warning: Wire SOC.\ws2812_0.result [27] is used but has no driver.
Warning: Wire SOC.\ws2812_0.result [26] is used but has no driver.
Warning: Wire SOC.\ws2812_0.result [25] is used but has no driver.
Warning: Wire SOC.\ws2812_0.result [24] is used but has no driver.
Warning: Wire SOC.\ws2812_0.result [23] is used but has no driver.
Warning: Wire SOC.\ws2812_0.result [22] is used but has no driver.
Warning: Wire SOC.\ws2812_0.result [21] is used but has no driver.
Warning: Wire SOC.\ws2812_0.result [20] is used but has no driver.
Warning: Wire SOC.\ws2812_0.result [19] is used but has no driver.
Warning: Wire SOC.\ws2812_0.result [18] is used but has no driver.
Warning: Wire SOC.\ws2812_0.result [17] is used but has no driver.
Warning: Wire SOC.\ws2812_0.result [16] is used but has no driver.
Warning: Wire SOC.\ws2812_0.result [15] is used but has no driver.
Warning: Wire SOC.\ws2812_0.result [14] is used but has no driver.
Warning: Wire SOC.\ws2812_0.result [13] is used but has no driver.
Warning: Wire SOC.\ws2812_0.result [12] is used but has no driver.
Warning: Wire SOC.\ws2812_0.result [11] is used but has no driver.
Warning: Wire SOC.\ws2812_0.result [10] is used but has no driver.
Warning: Wire SOC.\ws2812_0.result [9] is used but has no driver.
Warning: Wire SOC.\ws2812_0.result [8] is used but has no driver.
Warning: Wire SOC.\ws2812_0.result [7] is used but has no driver.
Warning: Wire SOC.\ws2812_0.result [6] is used but has no driver.
Warning: Wire SOC.\ws2812_0.result [5] is used but has no driver.
Warning: Wire SOC.\ws2812_0.result [4] is used but has no driver.
Warning: Wire SOC.\ws2812_0.result [3] is used but has no driver.
Warning: Wire SOC.\ws2812_0.result [2] is used but has no driver.
Warning: Wire SOC.\ws2812_0.result [1] is used but has no driver.
Warning: Wire SOC.\ws2812_0.result [0] is used but has no driver.
Found and reported 65 problems.

47.12. Executing OPT pass (performing simple optimizations).

47.12.1. Executing OPT_EXPR pass (perform const folding).
Optimizing module SOC.

47.12.2. Executing OPT_MERGE pass (detect identical cells).
Finding identical cells in module `\SOC'.
Removed a total of 125 cells.

47.12.3. Executing OPT_MUXTREE pass (detect dead branches in mux trees).
Running muxtree optimizer on module \SOC..
  Creating internal representation of mux trees.
  Evaluating internal representation of mux trees.
      Replacing known input bits on port A of cell $flatten\per_uart.\uart0.$procmux$1533: \per_uart.uart0.rx_busy -> 1'1
      Replacing known input bits on port A of cell $flatten\per_uart.\uart0.$procmux$1529: \per_uart.uart0.rx_busy -> 1'1
      Replacing known input bits on port A of cell $flatten\per_uart.\uart0.$procmux$1526: \per_uart.uart0.rx_busy -> 1'1
      Replacing known input bits on port B of cell $flatten\per_uart.\uart0.$procmux$1536: \per_uart.uart0.rx_busy -> 1'0
      Replacing known input bits on port B of cell $flatten\CPU.$procmux$1635: \CPU.state -> { 3'100 \CPU.state [0] }
  Analyzing evaluation results.
    dead port 2/2 on $mux $flatten\bcd2bin0.$procmux$1946.
    dead port 2/2 on $mux $flatten\bcd2bin0.$procmux$1949.
    dead port 2/2 on $mux $flatten\bcd2bin0.$procmux$1955.
    dead port 2/2 on $mux $flatten\bcd2bin0.$procmux$1964.
    dead port 2/2 on $mux $flatten\bcd2bin0.$procmux$1970.
    dead port 2/2 on $mux $flatten\bcd2bin0.$procmux$1985.
    dead port 2/2 on $mux $flatten\bcd2bin0.\bcd2bin0.\control0.$procmux$1274.
    dead port 2/2 on $mux $flatten\bcd2bin0.\bcd2bin0.\control0.$procmux$1277.
    dead port 2/2 on $mux $flatten\bcd2bin0.\bcd2bin0.\control0.$procmux$1288.
    dead port 2/2 on $mux $flatten\bcd2bin0.\bcd2bin0.\control0.$procmux$1291.
    dead port 2/2 on $mux $flatten\bcd2bin0.\bcd2bin0.\control0.$procmux$1302.
    dead port 2/2 on $mux $flatten\bcd2bin0.\bcd2bin0.\control0.$procmux$1309.
    dead port 2/2 on $mux $flatten\bin2bcd0.$procmux$1897.
    dead port 2/2 on $mux $flatten\bin2bcd0.$procmux$1900.
    dead port 2/2 on $mux $flatten\bin2bcd0.$procmux$1906.
    dead port 2/2 on $mux $flatten\bin2bcd0.$procmux$1915.
    dead port 2/2 on $mux $flatten\bin2bcd0.$procmux$1921.
    dead port 2/2 on $mux $flatten\bin2bcd0.$procmux$1936.
    dead port 2/2 on $mux $flatten\bin2bcd0.\bin2bcd0.\control0.$procmux$1274.
    dead port 2/2 on $mux $flatten\bin2bcd0.\bin2bcd0.\control0.$procmux$1277.
    dead port 2/2 on $mux $flatten\bin2bcd0.\bin2bcd0.\control0.$procmux$1288.
    dead port 2/2 on $mux $flatten\bin2bcd0.\bin2bcd0.\control0.$procmux$1291.
    dead port 2/2 on $mux $flatten\bin2bcd0.\bin2bcd0.\control0.$procmux$1302.
    dead port 2/2 on $mux $flatten\bin2bcd0.\bin2bcd0.\control0.$procmux$1309.
    dead port 2/2 on $mux $flatten\mult1.$procmux$1789.
    dead port 2/2 on $mux $flatten\mult1.$procmux$1792.
    dead port 2/2 on $mux $flatten\mult1.$procmux$1798.
    dead port 2/2 on $mux $flatten\mult1.$procmux$1807.
    dead port 2/2 on $mux $flatten\mult1.$procmux$1813.
    dead port 2/2 on $mux $flatten\mult1.$procmux$1819.
    dead port 2/2 on $mux $flatten\mult1.$procmux$1838.
    dead port 1/2 on $mux $flatten\mult1.\mult1.\acc0.$procmux$871.
    dead port 2/2 on $mux $flatten\mult1.\mult1.\control0.$procmux$882.
    dead port 2/2 on $mux $flatten\mult1.\mult1.\control0.$procmux$885.
    dead port 2/2 on $mux $flatten\mult1.\mult1.\control0.$procmux$894.
    dead port 2/2 on $mux $flatten\mult1.\mult1.\control0.$procmux$897.
    dead port 2/2 on $mux $flatten\mult1.\mult1.\control0.$procmux$907.
    dead port 2/2 on $mux $flatten\mult1.\mult1.\control0.$procmux$910.
    dead port 2/2 on $mux $flatten\mult1.\mult1.\control0.$procmux$920.
    dead port 2/2 on $mux $flatten\mult1.\mult1.\control0.$procmux$930.
    dead port 2/2 on $mux $flatten\mult1.\mult1.\control0.$procmux$940.
    dead port 2/2 on $mux $flatten\mult1.\mult1.\control0.$procmux$950.
    dead port 2/2 on $mux $flatten\mult1.\mult1.\control0.$procmux$960.
    dead port 2/2 on $mux $flatten\mult1.\mult1.\control0.$procmux$966.
    dead port 1/2 on $mux $flatten\mult1.\mult1.\lsr0.$procmux$862.
    dead port 1/2 on $mux $flatten\mult1.\mult1.\rsr0.$procmux$853.
    dead port 2/2 on $mux $flatten\sqrt1.$procmux$1848.
    dead port 2/2 on $mux $flatten\sqrt1.$procmux$1851.
    dead port 2/2 on $mux $flatten\sqrt1.$procmux$1857.
    dead port 2/2 on $mux $flatten\sqrt1.$procmux$1866.
    dead port 2/2 on $mux $flatten\sqrt1.$procmux$1872.
    dead port 2/2 on $mux $flatten\sqrt1.$procmux$1887.
    dead port 2/2 on $mux $flatten\sqrt1.\sqrt0.\control0.$procmux$1053.
    dead port 2/2 on $mux $flatten\sqrt1.\sqrt0.\control0.$procmux$1056.
    dead port 2/2 on $mux $flatten\sqrt1.\sqrt0.\control0.$procmux$1065.
    dead port 2/2 on $mux $flatten\sqrt1.\sqrt0.\control0.$procmux$1068.
    dead port 2/2 on $mux $flatten\sqrt1.\sqrt0.\control0.$procmux$1075.
    dead port 2/2 on $mux $flatten\sqrt1.\sqrt0.\control0.$procmux$1077.
    dead port 2/2 on $mux $flatten\sqrt1.\sqrt0.\control0.$procmux$1080.
    dead port 2/2 on $mux $flatten\sqrt1.\sqrt0.\control0.$procmux$1092.
    dead port 2/2 on $mux $flatten\sqrt1.\sqrt0.\control0.$procmux$1095.
    dead port 2/2 on $mux $flatten\sqrt1.\sqrt0.\control0.$procmux$1102.
    dead port 2/2 on $mux $flatten\sqrt1.\sqrt0.\control0.$procmux$1114.
    dead port 2/2 on $mux $flatten\ws2812_0.$procmux$1995.
    dead port 2/2 on $mux $flatten\ws2812_0.$procmux$1998.
    dead port 2/2 on $mux $flatten\ws2812_0.$procmux$2004.
    dead port 2/2 on $mux $flatten\ws2812_0.$procmux$2013.
    dead port 2/2 on $mux $flatten\ws2812_0.$procmux$2025.
    dead port 2/2 on $mux $flatten\ws2812_0.$procmux$2044.
    dead port 2/2 on $mux $flatten\ws2812_0.\ws2812_LED0.\ctrl0.$procmux$1360.
    dead port 2/2 on $mux $flatten\ws2812_0.\ws2812_LED0.\ctrl0.$procmux$1363.
    dead port 2/2 on $mux $flatten\ws2812_0.\ws2812_LED0.\ctrl0.$procmux$1372.
    dead port 2/2 on $mux $flatten\ws2812_0.\ws2812_LED0.\ctrl0.$procmux$1375.
    dead port 2/2 on $mux $flatten\ws2812_0.\ws2812_LED0.\ctrl0.$procmux$1387.
    dead port 2/2 on $mux $flatten\ws2812_0.\ws2812_LED0.\ctrl0.$procmux$1390.
    dead port 2/2 on $mux $flatten\ws2812_0.\ws2812_LED0.\ctrl0.$procmux$1402.
    dead port 2/2 on $mux $flatten\ws2812_0.\ws2812_LED0.\ws2812_0.\control0.$procmux$802.
    dead port 2/2 on $mux $flatten\ws2812_0.\ws2812_LED0.\ws2812_0.\control0.$procmux$805.
    dead port 2/2 on $mux $flatten\ws2812_0.\ws2812_LED0.\ws2812_0.\control0.$procmux$814.
    dead port 2/2 on $mux $flatten\ws2812_0.\ws2812_LED0.\ws2812_0.\control0.$procmux$817.
    dead port 2/2 on $mux $flatten\ws2812_0.\ws2812_LED0.\ws2812_0.\control0.$procmux$829.
    dead port 2/2 on $mux $flatten\ws2812_0.\ws2812_LED0.\ws2812_0.\control0.$procmux$832.
    dead port 2/2 on $mux $flatten\ws2812_0.\ws2812_LED0.\ws2812_0.\control0.$procmux$844.
    dead port 1/2 on $mux $flatten\ws2812_0.\ws2812_LED0.\ws2812_0.\lsr0.$procmux$754.
    dead port 2/2 on $mux $flatten\CPU.$procmux$1685.
    dead port 2/2 on $mux $flatten\CPU.$procmux$1688.
    dead port 2/2 on $mux $flatten\ws2812_0.\ws2812_LED0.\ws2812_0.\ws28120.\ctrl0.$procmux$666.
    dead port 2/2 on $mux $flatten\CPU.$procmux$1694.
    dead port 2/2 on $mux $flatten\ws2812_0.\ws2812_LED0.\ws2812_0.\ws28120.\ctrl0.$procmux$669.
    dead port 2/2 on $mux $flatten\ws2812_0.\ws2812_LED0.\ws2812_0.\ws28120.\ctrl0.$procmux$677.
    dead port 2/2 on $mux $flatten\CPU.$procmux$1697.
    dead port 2/2 on $mux $flatten\ws2812_0.\ws2812_LED0.\ws2812_0.\ws28120.\ctrl0.$procmux$680.
    dead port 2/2 on $mux $flatten\ws2812_0.\ws2812_LED0.\ws2812_0.\ws28120.\ctrl0.$procmux$690.
    dead port 2/2 on $mux $flatten\ws2812_0.\ws2812_LED0.\ws2812_0.\ws28120.\ctrl0.$procmux$693.
    dead port 2/2 on $mux $flatten\CPU.$procmux$1703.
    dead port 2/2 on $mux $flatten\ws2812_0.\ws2812_LED0.\ws2812_0.\ws28120.\ctrl0.$procmux$709.
    dead port 2/2 on $mux $flatten\ws2812_0.\ws2812_LED0.\ws2812_0.\ws28120.\ctrl0.$procmux$712.
    dead port 2/2 on $mux $flatten\ws2812_0.\ws2812_LED0.\ws2812_0.\ws28120.\ctrl0.$procmux$727.
    dead port 2/2 on $mux $flatten\CPU.$procmux$1706.
    dead port 2/2 on $mux $flatten\ws2812_0.\ws2812_LED0.\ws2812_0.\ws28120.\ctrl0.$procmux$730.
    dead port 2/2 on $mux $flatten\CPU.$procmux$1712.
    dead port 2/2 on $mux $flatten\CPU.$procmux$1718.
    dead port 2/2 on $mux $flatten\CPU.$procmux$1724.
    dead port 2/2 on $mux $flatten\ws2812_0.\ws2812_LED0.\ws2812_0.\ws28120.\ctrl0.$procmux$745.
Removed 104 multiplexer ports.

47.12.4. Executing OPT_REDUCE pass (consolidate $*mux and $reduce_* inputs).
  Optimizing cells in module \SOC.
    New ctrl vector for $pmux cell $flatten\bcd2bin0.\bcd2bin0.\control0.$procmux$1237: $auto$opt_reduce.cc:134:opt_pmux$2186
    New ctrl vector for $pmux cell $flatten\bcd2bin0.\bcd2bin0.\control0.$procmux$1254: $auto$opt_reduce.cc:134:opt_pmux$2188
    New ctrl vector for $pmux cell $flatten\bcd2bin0.\bcd2bin0.\control0.$procmux$1261: $auto$opt_reduce.cc:134:opt_pmux$2190
    New ctrl vector for $pmux cell $flatten\bin2bcd0.\bin2bcd0.\control0.$procmux$1237: $auto$opt_reduce.cc:134:opt_pmux$2192
    New ctrl vector for $pmux cell $flatten\bin2bcd0.\bin2bcd0.\control0.$procmux$1254: $auto$opt_reduce.cc:134:opt_pmux$2194
    New ctrl vector for $pmux cell $flatten\bin2bcd0.\bin2bcd0.\control0.$procmux$1261: $auto$opt_reduce.cc:134:opt_pmux$2196
    New ctrl vector for $pmux cell $flatten\mult1.\mult1.\control0.$procmux$923: { $flatten\mult1.\mult1.\control0.$procmux$915_CMP $auto$opt_reduce.cc:134:opt_pmux$2198 }
    New ctrl vector for $pmux cell $flatten\mult1.\mult1.\control0.$procmux$933: { $flatten\mult1.\mult1.\control0.$procmux$908_CMP $auto$opt_reduce.cc:134:opt_pmux$2200 }
    New ctrl vector for $pmux cell $flatten\mult1.\mult1.\control0.$procmux$943: { $flatten\mult1.\mult1.\control0.$procmux$883_CMP $auto$opt_reduce.cc:134:opt_pmux$2202 }
    New ctrl vector for $pmux cell $flatten\mult1.\mult1.\control0.$procmux$953: { $auto$opt_reduce.cc:134:opt_pmux$2204 $flatten\mult1.\mult1.\control0.$procmux$914_CMP }
    Consolidated identical input bits for $mux cell $flatten\RAM.$procmux$1739:
      Old ports: A=0, B=32'11111111000000000000000000000000, Y=$flatten\RAM.$0$memwr$\MEM$cores/bram/bram.v:27$284_EN[31:0]$297
      New ports: A=1'0, B=1'1, Y=$flatten\RAM.$0$memwr$\MEM$cores/bram/bram.v:27$284_EN[31:0]$297 [24]
      New connections: { $flatten\RAM.$0$memwr$\MEM$cores/bram/bram.v:27$284_EN[31:0]$297 [31:25] $flatten\RAM.$0$memwr$\MEM$cores/bram/bram.v:27$284_EN[31:0]$297 [23:0] } = { $flatten\RAM.$0$memwr$\MEM$cores/bram/bram.v:27$284_EN[31:0]$297 [24] $flatten\RAM.$0$memwr$\MEM$cores/bram/bram.v:27$284_EN[31:0]$297 [24] $flatten\RAM.$0$memwr$\MEM$cores/bram/bram.v:27$284_EN[31:0]$297 [24] $flatten\RAM.$0$memwr$\MEM$cores/bram/bram.v:27$284_EN[31:0]$297 [24] $flatten\RAM.$0$memwr$\MEM$cores/bram/bram.v:27$284_EN[31:0]$297 [24] $flatten\RAM.$0$memwr$\MEM$cores/bram/bram.v:27$284_EN[31:0]$297 [24] $flatten\RAM.$0$memwr$\MEM$cores/bram/bram.v:27$284_EN[31:0]$297 [24] 24'000000000000000000000000 }
    Consolidated identical input bits for $mux cell $flatten\RAM.$procmux$1748:
      Old ports: A=0, B=16711680, Y=$flatten\RAM.$0$memwr$\MEM$cores/bram/bram.v:26$283_EN[31:0]$294
      New ports: A=1'0, B=1'1, Y=$flatten\RAM.$0$memwr$\MEM$cores/bram/bram.v:26$283_EN[31:0]$294 [16]
      New connections: { $flatten\RAM.$0$memwr$\MEM$cores/bram/bram.v:26$283_EN[31:0]$294 [31:17] $flatten\RAM.$0$memwr$\MEM$cores/bram/bram.v:26$283_EN[31:0]$294 [15:0] } = { 8'00000000 $flatten\RAM.$0$memwr$\MEM$cores/bram/bram.v:26$283_EN[31:0]$294 [16] $flatten\RAM.$0$memwr$\MEM$cores/bram/bram.v:26$283_EN[31:0]$294 [16] $flatten\RAM.$0$memwr$\MEM$cores/bram/bram.v:26$283_EN[31:0]$294 [16] $flatten\RAM.$0$memwr$\MEM$cores/bram/bram.v:26$283_EN[31:0]$294 [16] $flatten\RAM.$0$memwr$\MEM$cores/bram/bram.v:26$283_EN[31:0]$294 [16] $flatten\RAM.$0$memwr$\MEM$cores/bram/bram.v:26$283_EN[31:0]$294 [16] $flatten\RAM.$0$memwr$\MEM$cores/bram/bram.v:26$283_EN[31:0]$294 [16] 16'0000000000000000 }
    Consolidated identical input bits for $mux cell $flatten\RAM.$procmux$1757:
      Old ports: A=0, B=65280, Y=$flatten\RAM.$0$memwr$\MEM$cores/bram/bram.v:25$282_EN[31:0]$291
      New ports: A=1'0, B=1'1, Y=$flatten\RAM.$0$memwr$\MEM$cores/bram/bram.v:25$282_EN[31:0]$291 [8]
      New connections: { $flatten\RAM.$0$memwr$\MEM$cores/bram/bram.v:25$282_EN[31:0]$291 [31:9] $flatten\RAM.$0$memwr$\MEM$cores/bram/bram.v:25$282_EN[31:0]$291 [7:0] } = { 16'0000000000000000 $flatten\RAM.$0$memwr$\MEM$cores/bram/bram.v:25$282_EN[31:0]$291 [8] $flatten\RAM.$0$memwr$\MEM$cores/bram/bram.v:25$282_EN[31:0]$291 [8] $flatten\RAM.$0$memwr$\MEM$cores/bram/bram.v:25$282_EN[31:0]$291 [8] $flatten\RAM.$0$memwr$\MEM$cores/bram/bram.v:25$282_EN[31:0]$291 [8] $flatten\RAM.$0$memwr$\MEM$cores/bram/bram.v:25$282_EN[31:0]$291 [8] $flatten\RAM.$0$memwr$\MEM$cores/bram/bram.v:25$282_EN[31:0]$291 [8] $flatten\RAM.$0$memwr$\MEM$cores/bram/bram.v:25$282_EN[31:0]$291 [8] 8'00000000 }
    Consolidated identical input bits for $mux cell $flatten\RAM.$procmux$1766:
      Old ports: A=0, B=255, Y=$flatten\RAM.$0$memwr$\MEM$cores/bram/bram.v:24$281_EN[31:0]$288
      New ports: A=1'0, B=1'1, Y=$flatten\RAM.$0$memwr$\MEM$cores/bram/bram.v:24$281_EN[31:0]$288 [0]
      New connections: $flatten\RAM.$0$memwr$\MEM$cores/bram/bram.v:24$281_EN[31:0]$288 [31:1] = { 24'000000000000000000000000 $flatten\RAM.$0$memwr$\MEM$cores/bram/bram.v:24$281_EN[31:0]$288 [0] $flatten\RAM.$0$memwr$\MEM$cores/bram/bram.v:24$281_EN[31:0]$288 [0] $flatten\RAM.$0$memwr$\MEM$cores/bram/bram.v:24$281_EN[31:0]$288 [0] $flatten\RAM.$0$memwr$\MEM$cores/bram/bram.v:24$281_EN[31:0]$288 [0] $flatten\RAM.$0$memwr$\MEM$cores/bram/bram.v:24$281_EN[31:0]$288 [0] $flatten\RAM.$0$memwr$\MEM$cores/bram/bram.v:24$281_EN[31:0]$288 [0] $flatten\RAM.$0$memwr$\MEM$cores/bram/bram.v:24$281_EN[31:0]$288 [0] }
    New ctrl vector for $pmux cell $flatten\ws2812_0.\ws2812_LED0.\ws2812_0.\ws28120.\ctrl0.$procmux$619: { $auto$opt_reduce.cc:134:opt_pmux$2210 $flatten\ws2812_0.\ws2812_LED0.\ws2812_0.\ws28120.\ctrl0.$procmux$623_CMP $auto$opt_reduce.cc:134:opt_pmux$2208 $auto$opt_reduce.cc:134:opt_pmux$2206 }
    New ctrl vector for $pmux cell $flatten\ws2812_0.\ws2812_LED0.\ws2812_0.\ws28120.\ctrl0.$procmux$629: $auto$opt_reduce.cc:134:opt_pmux$2212
    Consolidated identical input bits for $mux cell $flatten\CPU.$procmux$1683:
      Old ports: A=0, B=32'11111111111111111111111111111111, Y=$flatten\CPU.$procmux$1683_Y
      New ports: A=1'0, B=1'1, Y=$flatten\CPU.$procmux$1683_Y [0]
      New connections: $flatten\CPU.$procmux$1683_Y [31:1] = { $flatten\CPU.$procmux$1683_Y [0] $flatten\CPU.$procmux$1683_Y [0] $flatten\CPU.$procmux$1683_Y [0] $flatten\CPU.$procmux$1683_Y [0] $flatten\CPU.$procmux$1683_Y [0] $flatten\CPU.$procmux$1683_Y [0] $flatten\CPU.$procmux$1683_Y [0] $flatten\CPU.$procmux$1683_Y [0] $flatten\CPU.$procmux$1683_Y [0] $flatten\CPU.$procmux$1683_Y [0] $flatten\CPU.$procmux$1683_Y [0] $flatten\CPU.$procmux$1683_Y [0] $flatten\CPU.$procmux$1683_Y [0] $flatten\CPU.$procmux$1683_Y [0] $flatten\CPU.$procmux$1683_Y [0] $flatten\CPU.$procmux$1683_Y [0] $flatten\CPU.$procmux$1683_Y [0] $flatten\CPU.$procmux$1683_Y [0] $flatten\CPU.$procmux$1683_Y [0] $flatten\CPU.$procmux$1683_Y [0] $flatten\CPU.$procmux$1683_Y [0] $flatten\CPU.$procmux$1683_Y [0] $flatten\CPU.$procmux$1683_Y [0] $flatten\CPU.$procmux$1683_Y [0] $flatten\CPU.$procmux$1683_Y [0] $flatten\CPU.$procmux$1683_Y [0] $flatten\CPU.$procmux$1683_Y [0] $flatten\CPU.$procmux$1683_Y [0] $flatten\CPU.$procmux$1683_Y [0] $flatten\CPU.$procmux$1683_Y [0] $flatten\CPU.$procmux$1683_Y [0] }
    New ctrl vector for $pmux cell $flatten\ws2812_0.\ws2812_LED0.\ws2812_0.\ws28120.\ctrl0.$procmux$657: $auto$opt_reduce.cc:134:opt_pmux$2214
    New ctrl vector for $pmux cell $flatten\ws2812_0.\ws2812_LED0.\ws2812_0.\ws28120.\ctrl0.$procmux$704: { $flatten\ws2812_0.\ws2812_LED0.\ws2812_0.\ws28120.\ctrl0.$eq$cores/ws2812/ctrl_ws.v:118$573_Y $flatten\ws2812_0.\ws2812_LED0.\ws2812_0.\ws28120.\ctrl0.$procmux$707_CMP $auto$opt_reduce.cc:134:opt_pmux$2216 }
    New ctrl vector for $pmux cell $flatten\ws2812_0.\ws2812_LED0.\ws2812_0.\ws28120.\ctrl0.$procmux$734: { $flatten\ws2812_0.\ws2812_LED0.\ws2812_0.\ws28120.\ctrl0.$procmux$626_CMP $flatten\ws2812_0.\ws2812_LED0.\ws2812_0.\ws28120.\ctrl0.$procmux$710_CMP $flatten\ws2812_0.\ws2812_LED0.\ws2812_0.\ws28120.\ctrl0.$procmux$625_CMP $auto$opt_reduce.cc:134:opt_pmux$2218 $flatten\ws2812_0.\ws2812_LED0.\ws2812_0.\ws28120.\ctrl0.$procmux$623_CMP $flatten\ws2812_0.\ws2812_LED0.\ws2812_0.\ws28120.\ctrl0.$procmux$622_CMP $flatten\ws2812_0.\ws2812_LED0.\ws2812_0.\ws28120.\ctrl0.$procmux$621_CMP $flatten\ws2812_0.\ws2812_LED0.\ws2812_0.\ws28120.\ctrl0.$procmux$620_CMP }
    Consolidated identical input bits for $mux cell $flatten\CPU.$procmux$1727:
      Old ports: A=32'11111111111111111111111111111111, B=0, Y=$flatten\CPU.$0$memwr$\registerFile$cores/cpu/femtorv32_quark_V2.v:181$313_EN[31:0]$395
      New ports: A=1'1, B=1'0, Y=$flatten\CPU.$0$memwr$\registerFile$cores/cpu/femtorv32_quark_V2.v:181$313_EN[31:0]$395 [0]
      New connections: $flatten\CPU.$0$memwr$\registerFile$cores/cpu/femtorv32_quark_V2.v:181$313_EN[31:0]$395 [31:1] = { $flatten\CPU.$0$memwr$\registerFile$cores/cpu/femtorv32_quark_V2.v:181$313_EN[31:0]$395 [0] $flatten\CPU.$0$memwr$\registerFile$cores/cpu/femtorv32_quark_V2.v:181$313_EN[31:0]$395 [0] $flatten\CPU.$0$memwr$\registerFile$cores/cpu/femtorv32_quark_V2.v:181$313_EN[31:0]$395 [0] $flatten\CPU.$0$memwr$\registerFile$cores/cpu/femtorv32_quark_V2.v:181$313_EN[31:0]$395 [0] $flatten\CPU.$0$memwr$\registerFile$cores/cpu/femtorv32_quark_V2.v:181$313_EN[31:0]$395 [0] $flatten\CPU.$0$memwr$\registerFile$cores/cpu/femtorv32_quark_V2.v:181$313_EN[31:0]$395 [0] $flatten\CPU.$0$memwr$\registerFile$cores/cpu/femtorv32_quark_V2.v:181$313_EN[31:0]$395 [0] $flatten\CPU.$0$memwr$\registerFile$cores/cpu/femtorv32_quark_V2.v:181$313_EN[31:0]$395 [0] $flatten\CPU.$0$memwr$\registerFile$cores/cpu/femtorv32_quark_V2.v:181$313_EN[31:0]$395 [0] $flatten\CPU.$0$memwr$\registerFile$cores/cpu/femtorv32_quark_V2.v:181$313_EN[31:0]$395 [0] $flatten\CPU.$0$memwr$\registerFile$cores/cpu/femtorv32_quark_V2.v:181$313_EN[31:0]$395 [0] $flatten\CPU.$0$memwr$\registerFile$cores/cpu/femtorv32_quark_V2.v:181$313_EN[31:0]$395 [0] $flatten\CPU.$0$memwr$\registerFile$cores/cpu/femtorv32_quark_V2.v:181$313_EN[31:0]$395 [0] $flatten\CPU.$0$memwr$\registerFile$cores/cpu/femtorv32_quark_V2.v:181$313_EN[31:0]$395 [0] $flatten\CPU.$0$memwr$\registerFile$cores/cpu/femtorv32_quark_V2.v:181$313_EN[31:0]$395 [0] $flatten\CPU.$0$memwr$\registerFile$cores/cpu/femtorv32_quark_V2.v:181$313_EN[31:0]$395 [0] $flatten\CPU.$0$memwr$\registerFile$cores/cpu/femtorv32_quark_V2.v:181$313_EN[31:0]$395 [0] $flatten\CPU.$0$memwr$\registerFile$cores/cpu/femtorv32_quark_V2.v:181$313_EN[31:0]$395 [0] $flatten\CPU.$0$memwr$\registerFile$cores/cpu/femtorv32_quark_V2.v:181$313_EN[31:0]$395 [0] $flatten\CPU.$0$memwr$\registerFile$cores/cpu/femtorv32_quark_V2.v:181$313_EN[31:0]$395 [0] $flatten\CPU.$0$memwr$\registerFile$cores/cpu/femtorv32_quark_V2.v:181$313_EN[31:0]$395 [0] $flatten\CPU.$0$memwr$\registerFile$cores/cpu/femtorv32_quark_V2.v:181$313_EN[31:0]$395 [0] $flatten\CPU.$0$memwr$\registerFile$cores/cpu/femtorv32_quark_V2.v:181$313_EN[31:0]$395 [0] $flatten\CPU.$0$memwr$\registerFile$cores/cpu/femtorv32_quark_V2.v:181$313_EN[31:0]$395 [0] $flatten\CPU.$0$memwr$\registerFile$cores/cpu/femtorv32_quark_V2.v:181$313_EN[31:0]$395 [0] $flatten\CPU.$0$memwr$\registerFile$cores/cpu/femtorv32_quark_V2.v:181$313_EN[31:0]$395 [0] $flatten\CPU.$0$memwr$\registerFile$cores/cpu/femtorv32_quark_V2.v:181$313_EN[31:0]$395 [0] $flatten\CPU.$0$memwr$\registerFile$cores/cpu/femtorv32_quark_V2.v:181$313_EN[31:0]$395 [0] $flatten\CPU.$0$memwr$\registerFile$cores/cpu/femtorv32_quark_V2.v:181$313_EN[31:0]$395 [0] $flatten\CPU.$0$memwr$\registerFile$cores/cpu/femtorv32_quark_V2.v:181$313_EN[31:0]$395 [0] $flatten\CPU.$0$memwr$\registerFile$cores/cpu/femtorv32_quark_V2.v:181$313_EN[31:0]$395 [0] }
  Optimizing cells in module \SOC.
    Consolidated identical input bits for $mux cell $flatten\CPU.$procmux$1709:
      Old ports: A=0, B=$flatten\CPU.$3$memwr$\registerFile$cores/cpu/femtorv32_quark_V2.v:185$314_EN[31:0]$410, Y=$flatten\CPU.$procmux$1709_Y
      New ports: A=1'0, B=$flatten\CPU.$procmux$1683_Y [0], Y=$flatten\CPU.$procmux$1709_Y [0]
      New connections: $flatten\CPU.$procmux$1709_Y [31:1] = { $flatten\CPU.$procmux$1709_Y [0] $flatten\CPU.$procmux$1709_Y [0] $flatten\CPU.$procmux$1709_Y [0] $flatten\CPU.$procmux$1709_Y [0] $flatten\CPU.$procmux$1709_Y [0] $flatten\CPU.$procmux$1709_Y [0] $flatten\CPU.$procmux$1709_Y [0] $flatten\CPU.$procmux$1709_Y [0] $flatten\CPU.$procmux$1709_Y [0] $flatten\CPU.$procmux$1709_Y [0] $flatten\CPU.$procmux$1709_Y [0] $flatten\CPU.$procmux$1709_Y [0] $flatten\CPU.$procmux$1709_Y [0] $flatten\CPU.$procmux$1709_Y [0] $flatten\CPU.$procmux$1709_Y [0] $flatten\CPU.$procmux$1709_Y [0] $flatten\CPU.$procmux$1709_Y [0] $flatten\CPU.$procmux$1709_Y [0] $flatten\CPU.$procmux$1709_Y [0] $flatten\CPU.$procmux$1709_Y [0] $flatten\CPU.$procmux$1709_Y [0] $flatten\CPU.$procmux$1709_Y [0] $flatten\CPU.$procmux$1709_Y [0] $flatten\CPU.$procmux$1709_Y [0] $flatten\CPU.$procmux$1709_Y [0] $flatten\CPU.$procmux$1709_Y [0] $flatten\CPU.$procmux$1709_Y [0] $flatten\CPU.$procmux$1709_Y [0] $flatten\CPU.$procmux$1709_Y [0] $flatten\CPU.$procmux$1709_Y [0] $flatten\CPU.$procmux$1709_Y [0] }
  Optimizing cells in module \SOC.
    Consolidated identical input bits for $mux cell $flatten\CPU.$procmux$1730:
      Old ports: A=0, B=$flatten\CPU.$2$memwr$\registerFile$cores/cpu/femtorv32_quark_V2.v:185$314_EN[31:0]$406, Y=$flatten\CPU.$0$memwr$\registerFile$cores/cpu/femtorv32_quark_V2.v:185$314_EN[31:0]$398
      New ports: A=1'0, B=$flatten\CPU.$procmux$1709_Y [0], Y=$flatten\CPU.$0$memwr$\registerFile$cores/cpu/femtorv32_quark_V2.v:185$314_EN[31:0]$398 [0]
      New connections: $flatten\CPU.$0$memwr$\registerFile$cores/cpu/femtorv32_quark_V2.v:185$314_EN[31:0]$398 [31:1] = { $flatten\CPU.$0$memwr$\registerFile$cores/cpu/femtorv32_quark_V2.v:185$314_EN[31:0]$398 [0] $flatten\CPU.$0$memwr$\registerFile$cores/cpu/femtorv32_quark_V2.v:185$314_EN[31:0]$398 [0] $flatten\CPU.$0$memwr$\registerFile$cores/cpu/femtorv32_quark_V2.v:185$314_EN[31:0]$398 [0] $flatten\CPU.$0$memwr$\registerFile$cores/cpu/femtorv32_quark_V2.v:185$314_EN[31:0]$398 [0] $flatten\CPU.$0$memwr$\registerFile$cores/cpu/femtorv32_quark_V2.v:185$314_EN[31:0]$398 [0] $flatten\CPU.$0$memwr$\registerFile$cores/cpu/femtorv32_quark_V2.v:185$314_EN[31:0]$398 [0] $flatten\CPU.$0$memwr$\registerFile$cores/cpu/femtorv32_quark_V2.v:185$314_EN[31:0]$398 [0] $flatten\CPU.$0$memwr$\registerFile$cores/cpu/femtorv32_quark_V2.v:185$314_EN[31:0]$398 [0] $flatten\CPU.$0$memwr$\registerFile$cores/cpu/femtorv32_quark_V2.v:185$314_EN[31:0]$398 [0] $flatten\CPU.$0$memwr$\registerFile$cores/cpu/femtorv32_quark_V2.v:185$314_EN[31:0]$398 [0] $flatten\CPU.$0$memwr$\registerFile$cores/cpu/femtorv32_quark_V2.v:185$314_EN[31:0]$398 [0] $flatten\CPU.$0$memwr$\registerFile$cores/cpu/femtorv32_quark_V2.v:185$314_EN[31:0]$398 [0] $flatten\CPU.$0$memwr$\registerFile$cores/cpu/femtorv32_quark_V2.v:185$314_EN[31:0]$398 [0] $flatten\CPU.$0$memwr$\registerFile$cores/cpu/femtorv32_quark_V2.v:185$314_EN[31:0]$398 [0] $flatten\CPU.$0$memwr$\registerFile$cores/cpu/femtorv32_quark_V2.v:185$314_EN[31:0]$398 [0] $flatten\CPU.$0$memwr$\registerFile$cores/cpu/femtorv32_quark_V2.v:185$314_EN[31:0]$398 [0] $flatten\CPU.$0$memwr$\registerFile$cores/cpu/femtorv32_quark_V2.v:185$314_EN[31:0]$398 [0] $flatten\CPU.$0$memwr$\registerFile$cores/cpu/femtorv32_quark_V2.v:185$314_EN[31:0]$398 [0] $flatten\CPU.$0$memwr$\registerFile$cores/cpu/femtorv32_quark_V2.v:185$314_EN[31:0]$398 [0] $flatten\CPU.$0$memwr$\registerFile$cores/cpu/femtorv32_quark_V2.v:185$314_EN[31:0]$398 [0] $flatten\CPU.$0$memwr$\registerFile$cores/cpu/femtorv32_quark_V2.v:185$314_EN[31:0]$398 [0] $flatten\CPU.$0$memwr$\registerFile$cores/cpu/femtorv32_quark_V2.v:185$314_EN[31:0]$398 [0] $flatten\CPU.$0$memwr$\registerFile$cores/cpu/femtorv32_quark_V2.v:185$314_EN[31:0]$398 [0] $flatten\CPU.$0$memwr$\registerFile$cores/cpu/femtorv32_quark_V2.v:185$314_EN[31:0]$398 [0] $flatten\CPU.$0$memwr$\registerFile$cores/cpu/femtorv32_quark_V2.v:185$314_EN[31:0]$398 [0] $flatten\CPU.$0$memwr$\registerFile$cores/cpu/femtorv32_quark_V2.v:185$314_EN[31:0]$398 [0] $flatten\CPU.$0$memwr$\registerFile$cores/cpu/femtorv32_quark_V2.v:185$314_EN[31:0]$398 [0] $flatten\CPU.$0$memwr$\registerFile$cores/cpu/femtorv32_quark_V2.v:185$314_EN[31:0]$398 [0] $flatten\CPU.$0$memwr$\registerFile$cores/cpu/femtorv32_quark_V2.v:185$314_EN[31:0]$398 [0] $flatten\CPU.$0$memwr$\registerFile$cores/cpu/femtorv32_quark_V2.v:185$314_EN[31:0]$398 [0] $flatten\CPU.$0$memwr$\registerFile$cores/cpu/femtorv32_quark_V2.v:185$314_EN[31:0]$398 [0] }
  Optimizing cells in module \SOC.
Performed a total of 23 changes.

47.12.5. Executing OPT_MERGE pass (detect identical cells).
Finding identical cells in module `\SOC'.
Removed a total of 19 cells.

47.12.6. Executing OPT_DFF pass (perform DFF optimizations).

47.12.7. Executing OPT_CLEAN pass (remove unused cells and wires).
Finding unused cells or wires in module \SOC..
Removed 0 unused cells and 242 unused wires.

47.12.8. Executing OPT_EXPR pass (perform const folding).
Optimizing module SOC.

47.12.9. Rerunning OPT passes. (Maybe there is more to do..)

47.12.10. Executing OPT_MUXTREE pass (detect dead branches in mux trees).
Running muxtree optimizer on module \SOC..
  Creating internal representation of mux trees.
  Evaluating internal representation of mux trees.
      Replacing known input bits on port B of cell $flatten\sqrt1.\sqrt0.\lsr_R.$procmux$1002: { \sqrt1.sqrt0.lsr_R.out_r [15:1] \sqrt1.sqrt0.control0.lda2 } -> { \sqrt1.sqrt0.lsr_R.out_r [15:1] 1'1 }
  Analyzing evaluation results.
    dead port 1/2 on $mux $flatten\bcd2bin0.\bcd2bin0.\control0.$procmux$1237.
    dead port 2/2 on $mux $flatten\bcd2bin0.\bcd2bin0.\control0.$procmux$1237.
    dead port 1/2 on $mux $flatten\bin2bcd0.\bin2bcd0.\control0.$procmux$1237.
    dead port 2/2 on $mux $flatten\bin2bcd0.\bin2bcd0.\control0.$procmux$1237.
Removed 4 multiplexer ports.

47.12.11. Executing OPT_REDUCE pass (consolidate $*mux and $reduce_* inputs).
  Optimizing cells in module \SOC.
Performed a total of 0 changes.

47.12.12. Executing OPT_MERGE pass (detect identical cells).
Finding identical cells in module `\SOC'.
Removed a total of 0 cells.

47.12.13. Executing OPT_DFF pass (perform DFF optimizations).

47.12.14. Executing OPT_CLEAN pass (remove unused cells and wires).
Finding unused cells or wires in module \SOC..
Removed 0 unused cells and 10 unused wires.

47.12.15. Executing OPT_EXPR pass (perform const folding).
Optimizing module SOC.

47.12.16. Rerunning OPT passes. (Maybe there is more to do..)

47.12.17. Executing OPT_MUXTREE pass (detect dead branches in mux trees).
Running muxtree optimizer on module \SOC..
  Creating internal representation of mux trees.
  Evaluating internal representation of mux trees.
  Analyzing evaluation results.
Removed 0 multiplexer ports.

47.12.18. Executing OPT_REDUCE pass (consolidate $*mux and $reduce_* inputs).
  Optimizing cells in module \SOC.
Performed a total of 0 changes.

47.12.19. Executing OPT_MERGE pass (detect identical cells).
Finding identical cells in module `\SOC'.
Removed a total of 0 cells.

47.12.20. Executing OPT_DFF pass (perform DFF optimizations).

47.12.21. Executing OPT_CLEAN pass (remove unused cells and wires).
Finding unused cells or wires in module \SOC..

47.12.22. Executing OPT_EXPR pass (perform const folding).
Optimizing module SOC.

47.12.23. Finished OPT passes. (There is nothing left to do.)

47.13. Executing FSM pass (extract and optimize FSM).

47.13.1. Executing FSM_DETECT pass (finding FSMs in design).
Found FSM state register SOC.bcd2bin0.bcd2bin0.control0.state.
Found FSM state register SOC.bin2bcd0.bin2bcd0.control0.state.
Not marking SOC.mult1.mult1.control0.state as FSM state register:
    Register has an initialization value.
Found FSM state register SOC.sqrt1.sqrt0.control0.state.
Not marking SOC.ws2812_0.d_out as FSM state register:
    Users of register don't seem to benefit from recoding.
Found FSM state register SOC.ws2812_0.ws2812_LED0.ctrl0.state.
Found FSM state register SOC.ws2812_0.ws2812_LED0.ws2812_0.control0.state.
Found FSM state register SOC.ws2812_0.ws2812_LED0.ws2812_0.ws28120.ctrl0.state.

47.13.2. Executing FSM_EXTRACT pass (extracting FSM from design).
Extracting FSM `\bcd2bin0.bcd2bin0.control0.state' from module `\SOC'.
  found $dff cell for state register: $flatten\bcd2bin0.\bcd2bin0.\control0.$procdff$2113
  root of input selection tree: $flatten\bcd2bin0.\bcd2bin0.\control0.$0\state[2:0]
  found reset state: 3'000 (guessed from mux tree)
  found ctrl input: \resetn
  found state code: 3'000
  found ctrl input: $flatten\bcd2bin0.\bcd2bin0.\control0.$procmux$1238_CMP
  found ctrl input: $flatten\bcd2bin0.\bcd2bin0.\control0.$procmux$1239_CMP
  found ctrl input: $flatten\bcd2bin0.\bcd2bin0.\control0.$procmux$1235_CMP
  found ctrl input: $flatten\bcd2bin0.\bcd2bin0.\control0.$procmux$1241_CMP
  found ctrl input: $flatten\bcd2bin0.\bcd2bin0.\control0.$procmux$1242_CMP
  found ctrl input: $flatten\bcd2bin0.\bcd2bin0.\control0.$procmux$1289_CMP
  found ctrl input: $flatten\bcd2bin0.\bcd2bin0.\control0.$gt$cores/bin2bcd/ctrl_b2b.v:64$503_Y
  found state code: 3'101
  found state code: 3'010
  found state code: 3'011
  found ctrl input: \bcd2bin0.bcd2bin0.count0.z
  found state code: 3'100
  found state code: 3'001
  found ctrl input: \bcd2bin0.init
  found ctrl output: $flatten\bcd2bin0.\bcd2bin0.\control0.$procmux$1289_CMP
  found ctrl output: $flatten\bcd2bin0.\bcd2bin0.\control0.$procmux$1242_CMP
  found ctrl output: $flatten\bcd2bin0.\bcd2bin0.\control0.$procmux$1241_CMP
  found ctrl output: $flatten\bcd2bin0.\bcd2bin0.\control0.$procmux$1239_CMP
  found ctrl output: $flatten\bcd2bin0.\bcd2bin0.\control0.$procmux$1238_CMP
  found ctrl output: $flatten\bcd2bin0.\bcd2bin0.\control0.$procmux$1235_CMP
  ctrl inputs: { $flatten\bcd2bin0.\bcd2bin0.\control0.$gt$cores/bin2bcd/ctrl_b2b.v:64$503_Y \bcd2bin0.bcd2bin0.count0.z \bcd2bin0.init \resetn }
  ctrl outputs: { $flatten\bcd2bin0.\bcd2bin0.\control0.$0\state[2:0] $flatten\bcd2bin0.\bcd2bin0.\control0.$procmux$1235_CMP $flatten\bcd2bin0.\bcd2bin0.\control0.$procmux$1238_CMP $flatten\bcd2bin0.\bcd2bin0.\control0.$procmux$1239_CMP $flatten\bcd2bin0.\bcd2bin0.\control0.$procmux$1241_CMP $flatten\bcd2bin0.\bcd2bin0.\control0.$procmux$1242_CMP $flatten\bcd2bin0.\bcd2bin0.\control0.$procmux$1289_CMP }
  transition:      3'000 4'---0 ->      3'000 9'000000001
  transition:      3'000 4'--01 ->      3'000 9'000000001
  transition:      3'000 4'--11 ->      3'010 9'010000001
  transition:      3'100 4'---0 ->      3'000 9'000100000
  transition:      3'100 4'---1 ->      3'011 9'011100000
  transition:      3'010 4'---0 ->      3'000 9'000000010
  transition:      3'010 4'---1 ->      3'001 9'001000010
  transition:      3'001 4'---0 ->      3'000 9'000000100
  transition:      3'001 4'-0-1 ->      3'100 9'100000100
  transition:      3'001 4'-1-1 ->      3'101 9'101000100
  transition:      3'101 4'---0 ->      3'000 9'000010000
  transition:      3'101 4'0--1 ->      3'101 9'101010000
  transition:      3'101 4'1--1 ->      3'000 9'000010000
  transition:      3'011 4'---0 ->      3'000 9'000001000
  transition:      3'011 4'---1 ->      3'010 9'010001000
Extracting FSM `\bin2bcd0.bin2bcd0.control0.state' from module `\SOC'.
  found $dff cell for state register: $flatten\bin2bcd0.\bin2bcd0.\control0.$procdff$2113
  root of input selection tree: $flatten\bin2bcd0.\bin2bcd0.\control0.$0\state[2:0]
  found reset state: 3'000 (guessed from mux tree)
  found ctrl input: \resetn
  found state code: 3'000
  found ctrl input: $flatten\bin2bcd0.\bin2bcd0.\control0.$procmux$1238_CMP
  found ctrl input: $flatten\bin2bcd0.\bin2bcd0.\control0.$procmux$1239_CMP
  found ctrl input: $flatten\bin2bcd0.\bin2bcd0.\control0.$procmux$1235_CMP
  found ctrl input: $flatten\bin2bcd0.\bin2bcd0.\control0.$procmux$1241_CMP
  found ctrl input: $flatten\bin2bcd0.\bin2bcd0.\control0.$procmux$1242_CMP
  found ctrl input: $flatten\bin2bcd0.\bin2bcd0.\control0.$procmux$1289_CMP
  found ctrl input: $flatten\bin2bcd0.\bin2bcd0.\control0.$gt$cores/bin2bcd/ctrl_b2b.v:64$503_Y
  found state code: 3'101
  found state code: 3'010
  found state code: 3'011
  found ctrl input: \bin2bcd0.bin2bcd0.count0.z
  found state code: 3'100
  found state code: 3'001
  found ctrl input: \bin2bcd0.init
  found ctrl output: $flatten\bin2bcd0.\bin2bcd0.\control0.$procmux$1289_CMP
  found ctrl output: $flatten\bin2bcd0.\bin2bcd0.\control0.$procmux$1242_CMP
  found ctrl output: $flatten\bin2bcd0.\bin2bcd0.\control0.$procmux$1241_CMP
  found ctrl output: $flatten\bin2bcd0.\bin2bcd0.\control0.$procmux$1239_CMP
  found ctrl output: $flatten\bin2bcd0.\bin2bcd0.\control0.$procmux$1238_CMP
  found ctrl output: $flatten\bin2bcd0.\bin2bcd0.\control0.$procmux$1235_CMP
  ctrl inputs: { $flatten\bin2bcd0.\bin2bcd0.\control0.$gt$cores/bin2bcd/ctrl_b2b.v:64$503_Y \bin2bcd0.bin2bcd0.count0.z \bin2bcd0.init \resetn }
  ctrl outputs: { $flatten\bin2bcd0.\bin2bcd0.\control0.$0\state[2:0] $flatten\bin2bcd0.\bin2bcd0.\control0.$procmux$1235_CMP $flatten\bin2bcd0.\bin2bcd0.\control0.$procmux$1238_CMP $flatten\bin2bcd0.\bin2bcd0.\control0.$procmux$1239_CMP $flatten\bin2bcd0.\bin2bcd0.\control0.$procmux$1241_CMP $flatten\bin2bcd0.\bin2bcd0.\control0.$procmux$1242_CMP $flatten\bin2bcd0.\bin2bcd0.\control0.$procmux$1289_CMP }
  transition:      3'000 4'---0 ->      3'000 9'000000001
  transition:      3'000 4'--01 ->      3'000 9'000000001
  transition:      3'000 4'--11 ->      3'010 9'010000001
  transition:      3'100 4'---0 ->      3'000 9'000100000
  transition:      3'100 4'---1 ->      3'011 9'011100000
  transition:      3'010 4'---0 ->      3'000 9'000000010
  transition:      3'010 4'---1 ->      3'001 9'001000010
  transition:      3'001 4'---0 ->      3'000 9'000000100
  transition:      3'001 4'-0-1 ->      3'100 9'100000100
  transition:      3'001 4'-1-1 ->      3'101 9'101000100
  transition:      3'101 4'---0 ->      3'000 9'000010000
  transition:      3'101 4'0--1 ->      3'101 9'101010000
  transition:      3'101 4'1--1 ->      3'000 9'000010000
  transition:      3'011 4'---0 ->      3'000 9'000001000
  transition:      3'011 4'---1 ->      3'010 9'010001000
Extracting FSM `\sqrt1.sqrt0.control0.state' from module `\SOC'.
  found $dff cell for state register: $flatten\sqrt1.\sqrt0.\control0.$procdff$2106
  root of input selection tree: $flatten\sqrt1.\sqrt0.\control0.$0\state[2:0]
  found reset state: 3'000 (guessed from mux tree)
  found ctrl input: \resetn
  found state code: 3'000
  found ctrl input: $flatten\sqrt1.\sqrt0.\control0.$procmux$1047_CMP
  found ctrl input: $flatten\sqrt1.\sqrt0.\control0.$procmux$1054_CMP
  found ctrl input: $flatten\sqrt1.\sqrt0.\control0.$procmux$1017_CMP
  found ctrl input: $flatten\sqrt1.\sqrt0.\control0.$procmux$1066_CMP
  found ctrl input: $flatten\sqrt1.\sqrt0.\control0.$procmux$1044_CMP
  found ctrl input: $flatten\sqrt1.\sqrt0.\control0.$procmux$1033_CMP
  found ctrl input: $flatten\sqrt1.\sqrt0.\control0.$procmux$1026_CMP
  found ctrl input: $flatten\sqrt1.\sqrt0.\control0.$gt$cores/sqrt_ASM/control.v:77$532_Y
  found state code: 3'110
  found ctrl input: \sqrt1.sqrt0.count0.z
  found state code: 3'010
  found state code: 3'101
  found ctrl input: \sqrt1.sqrt0.control0.msb
  found state code: 3'100
  found state code: 3'001
  found state code: 3'011
  found ctrl input: \sqrt1.init
  found ctrl output: $flatten\sqrt1.\sqrt0.\control0.$procmux$1066_CMP
  found ctrl output: $flatten\sqrt1.\sqrt0.\control0.$procmux$1054_CMP
  found ctrl output: $flatten\sqrt1.\sqrt0.\control0.$procmux$1047_CMP
  found ctrl output: $flatten\sqrt1.\sqrt0.\control0.$procmux$1044_CMP
  found ctrl output: $flatten\sqrt1.\sqrt0.\control0.$procmux$1033_CMP
  found ctrl output: $flatten\sqrt1.\sqrt0.\control0.$procmux$1026_CMP
  found ctrl output: $flatten\sqrt1.\sqrt0.\control0.$procmux$1017_CMP
  ctrl inputs: { \sqrt1.init \sqrt1.sqrt0.control0.msb $flatten\sqrt1.\sqrt0.\control0.$gt$cores/sqrt_ASM/control.v:77$532_Y \sqrt1.sqrt0.count0.z \resetn }
  ctrl outputs: { $flatten\sqrt1.\sqrt0.\control0.$0\state[2:0] $flatten\sqrt1.\sqrt0.\control0.$procmux$1017_CMP $flatten\sqrt1.\sqrt0.\control0.$procmux$1026_CMP $flatten\sqrt1.\sqrt0.\control0.$procmux$1033_CMP $flatten\sqrt1.\sqrt0.\control0.$procmux$1044_CMP $flatten\sqrt1.\sqrt0.\control0.$procmux$1047_CMP $flatten\sqrt1.\sqrt0.\control0.$procmux$1054_CMP $flatten\sqrt1.\sqrt0.\control0.$procmux$1066_CMP }
  transition:      3'000 5'----0 ->      3'000 10'0000100000
  transition:      3'000 5'0---1 ->      3'000 10'0000100000
  transition:      3'000 5'1---1 ->      3'010 10'0100100000
  transition:      3'100 5'----0 ->      3'000 10'0001000000
  transition:      3'100 5'----1 ->      3'101 10'1011000000
  transition:      3'010 5'----0 ->      3'000 10'0000010000
  transition:      3'010 5'----1 ->      3'011 10'0110010000
  transition:      3'110 5'----0 ->      3'000 10'0000000100
  transition:      3'110 5'--0-1 ->      3'110 10'1100000100
  transition:      3'110 5'--1-1 ->      3'000 10'0000000100
  transition:      3'001 5'----0 ->      3'000 10'0000000001
  transition:      3'001 5'-0--1 ->      3'100 10'1000000001
  transition:      3'001 5'-1--1 ->      3'101 10'1010000001
  transition:      3'101 5'----0 ->      3'000 10'0000000010
  transition:      3'101 5'---01 ->      3'010 10'0100000010
  transition:      3'101 5'---11 ->      3'110 10'1100000010
  transition:      3'011 5'----0 ->      3'000 10'0000001000
  transition:      3'011 5'----1 ->      3'001 10'0010001000
Extracting FSM `\ws2812_0.ws2812_LED0.ctrl0.state' from module `\SOC'.
  found $dff cell for state register: $flatten\ws2812_0.\ws2812_LED0.\ctrl0.$procdff$2117
  root of input selection tree: $flatten\ws2812_0.\ws2812_LED0.\ctrl0.$0\state[2:0]
  found reset state: 3'000 (guessed from mux tree)
  found ctrl input: \resetn
  found state code: 3'000
  found ctrl input: $flatten\ws2812_0.\ws2812_LED0.\ctrl0.$procmux$1361_CMP
  found ctrl input: $flatten\ws2812_0.\ws2812_LED0.\ctrl0.$procmux$1396_CMP
  found ctrl input: $flatten\ws2812_0.\ws2812_LED0.\ctrl0.$procmux$1373_CMP
  found ctrl input: $flatten\ws2812_0.\ws2812_LED0.\ctrl0.$procmux$1398_CMP
  found ctrl input: $flatten\ws2812_0.\ws2812_LED0.\ctrl0.$procmux$1346_CMP
  found ctrl input: $flatten\ws2812_0.\ws2812_LED0.\ctrl0.$procmux$1388_CMP
  found ctrl input: \ws2812_0.ws2812_LED0.comp0.z
  found state code: 3'001
  found state code: 3'110
  found state code: 3'101
  found ctrl input: \ws2812_0.ws2812_LED0.ctrl0.done_led
  found state code: 3'011
  found state code: 3'100
  found state code: 3'010
  found ctrl input: \ws2812_0.init
  found ctrl output: $flatten\ws2812_0.\ws2812_LED0.\ctrl0.$procmux$1325_CMP
  found ctrl output: $flatten\ws2812_0.\ws2812_LED0.\ctrl0.$procmux$1398_CMP
  found ctrl output: $flatten\ws2812_0.\ws2812_LED0.\ctrl0.$procmux$1396_CMP
  found ctrl output: $flatten\ws2812_0.\ws2812_LED0.\ctrl0.$procmux$1388_CMP
  found ctrl output: $flatten\ws2812_0.\ws2812_LED0.\ctrl0.$procmux$1373_CMP
  found ctrl output: $flatten\ws2812_0.\ws2812_LED0.\ctrl0.$procmux$1361_CMP
  found ctrl output: $flatten\ws2812_0.\ws2812_LED0.\ctrl0.$procmux$1346_CMP
  ctrl inputs: { \ws2812_0.ws2812_LED0.comp0.z \ws2812_0.ws2812_LED0.ctrl0.done_led \ws2812_0.init \resetn }
  ctrl outputs: { $flatten\ws2812_0.\ws2812_LED0.\ctrl0.$0\state[2:0] $flatten\ws2812_0.\ws2812_LED0.\ctrl0.$procmux$1325_CMP $flatten\ws2812_0.\ws2812_LED0.\ctrl0.$procmux$1346_CMP $flatten\ws2812_0.\ws2812_LED0.\ctrl0.$procmux$1361_CMP $flatten\ws2812_0.\ws2812_LED0.\ctrl0.$procmux$1373_CMP $flatten\ws2812_0.\ws2812_LED0.\ctrl0.$procmux$1388_CMP $flatten\ws2812_0.\ws2812_LED0.\ctrl0.$procmux$1396_CMP $flatten\ws2812_0.\ws2812_LED0.\ctrl0.$procmux$1398_CMP }
  transition:      3'000 4'---0 ->      3'000 10'0000000100
  transition:      3'000 4'--01 ->      3'000 10'0000000100
  transition:      3'000 4'--11 ->      3'001 10'0010000100
  transition:      3'100 4'---0 ->      3'000 10'0000000010
  transition:      3'100 4'---1 ->      3'101 10'1010000010
  transition:      3'010 4'---0 ->      3'000 10'0000000001
  transition:      3'010 4'---1 ->      3'011 10'0110000001
  transition:      3'110 4'---0 ->      3'000 10'0001000000
  transition:      3'110 4'---1 ->      3'000 10'0001000000
  transition:      3'001 4'---0 ->      3'000 10'0000100000
  transition:      3'001 4'---1 ->      3'010 10'0100100000
  transition:      3'101 4'---0 ->      3'000 10'0000010000
  transition:      3'101 4'0--1 ->      3'001 10'0010010000
  transition:      3'101 4'1--1 ->      3'110 10'1100010000
  transition:      3'011 4'---0 ->      3'000 10'0000001000
  transition:      3'011 4'-0-1 ->      3'011 10'0110001000
  transition:      3'011 4'-1-1 ->      3'100 10'1000001000
Extracting FSM `\ws2812_0.ws2812_LED0.ws2812_0.control0.state' from module `\SOC'.
  found $dff cell for state register: $flatten\ws2812_0.\ws2812_LED0.\ws2812_0.\control0.$procdff$2092
  root of input selection tree: $flatten\ws2812_0.\ws2812_LED0.\ws2812_0.\control0.$0\state[2:0]
  found reset state: 3'000 (guessed from mux tree)
  found ctrl input: \resetn
  found state code: 3'000
  found ctrl input: $flatten\ws2812_0.\ws2812_LED0.\ws2812_0.\control0.$procmux$803_CMP
  found ctrl input: $flatten\ws2812_0.\ws2812_LED0.\ws2812_0.\control0.$procmux$783_CMP
  found ctrl input: $flatten\ws2812_0.\ws2812_LED0.\ws2812_0.\control0.$procmux$815_CMP
  found ctrl input: $flatten\ws2812_0.\ws2812_LED0.\ws2812_0.\control0.$procmux$840_CMP
  found ctrl input: $flatten\ws2812_0.\ws2812_LED0.\ws2812_0.\control0.$procmux$791_CMP
  found ctrl input: $flatten\ws2812_0.\ws2812_LED0.\ws2812_0.\control0.$procmux$778_CMP
  found ctrl input: \ws2812_0.ws2812_LED0.ws2812_0.control0.z
  found state code: 3'001
  found state code: 3'110
  found state code: 3'101
  found ctrl input: \ws2812_0.ws2812_LED0.ws2812_0.control0.done_t
  found state code: 3'011
  found state code: 3'100
  found state code: 3'010
  found ctrl input: \ws2812_0.ws2812_LED0.ctrl0.init_led
  found ctrl output: $flatten\ws2812_0.\ws2812_LED0.\ws2812_0.\control0.$procmux$778_CMP
  found ctrl output: $flatten\ws2812_0.\ws2812_LED0.\ws2812_0.\control0.$procmux$783_CMP
  found ctrl output: $flatten\ws2812_0.\ws2812_LED0.\ws2812_0.\control0.$procmux$791_CMP
  found ctrl output: $flatten\ws2812_0.\ws2812_LED0.\ws2812_0.\control0.$procmux$803_CMP
  found ctrl output: $flatten\ws2812_0.\ws2812_LED0.\ws2812_0.\control0.$procmux$815_CMP
  found ctrl output: $flatten\ws2812_0.\ws2812_LED0.\ws2812_0.\control0.$procmux$840_CMP
  found ctrl output: $flatten\ws2812_0.\ws2812_LED0.\ws2812_0.\control0.$procmux$769_CMP
  ctrl inputs: { \ws2812_0.ws2812_LED0.ctrl0.init_led \ws2812_0.ws2812_LED0.ws2812_0.control0.z \ws2812_0.ws2812_LED0.ws2812_0.control0.done_t \resetn }
  ctrl outputs: { $flatten\ws2812_0.\ws2812_LED0.\ws2812_0.\control0.$procmux$840_CMP $flatten\ws2812_0.\ws2812_LED0.\ws2812_0.\control0.$procmux$815_CMP $flatten\ws2812_0.\ws2812_LED0.\ws2812_0.\control0.$procmux$803_CMP $flatten\ws2812_0.\ws2812_LED0.\ws2812_0.\control0.$procmux$791_CMP $flatten\ws2812_0.\ws2812_LED0.\ws2812_0.\control0.$procmux$783_CMP $flatten\ws2812_0.\ws2812_LED0.\ws2812_0.\control0.$procmux$778_CMP $flatten\ws2812_0.\ws2812_LED0.\ws2812_0.\control0.$procmux$769_CMP $flatten\ws2812_0.\ws2812_LED0.\ws2812_0.\control0.$0\state[2:0] }
  transition:      3'000 4'---0 ->      3'000 10'0000010000
  transition:      3'000 4'0--1 ->      3'000 10'0000010000
  transition:      3'000 4'1--1 ->      3'001 10'0000010001
  transition:      3'100 4'---0 ->      3'000 10'0000100000
  transition:      3'100 4'---1 ->      3'101 10'0000100101
  transition:      3'010 4'---0 ->      3'000 10'1000000000
  transition:      3'010 4'---1 ->      3'011 10'1000000011
  transition:      3'110 4'---0 ->      3'000 10'0000001000
  transition:      3'110 4'---1 ->      3'000 10'0000001000
  transition:      3'001 4'---0 ->      3'000 10'0001000000
  transition:      3'001 4'---1 ->      3'010 10'0001000010
  transition:      3'101 4'---0 ->      3'000 10'0010000000
  transition:      3'101 4'-0-1 ->      3'001 10'0010000001
  transition:      3'101 4'-1-1 ->      3'110 10'0010000110
  transition:      3'011 4'---0 ->      3'000 10'0100000000
  transition:      3'011 4'--01 ->      3'011 10'0100000011
  transition:      3'011 4'--11 ->      3'100 10'0100000100
Extracting FSM `\ws2812_0.ws2812_LED0.ws2812_0.ws28120.ctrl0.state' from module `\SOC'.
  found $dff cell for state register: $flatten\ws2812_0.\ws2812_LED0.\ws2812_0.\ws28120.\ctrl0.$procdff$2089
  root of input selection tree: $flatten\ws2812_0.\ws2812_LED0.\ws2812_0.\ws28120.\ctrl0.$0\state[3:0]
  found reset state: 4'0000 (guessed from mux tree)
  found ctrl input: \resetn
  found state code: 4'0000
  found ctrl input: $flatten\ws2812_0.\ws2812_LED0.\ws2812_0.\ws28120.\ctrl0.$procmux$620_CMP
  found ctrl input: $flatten\ws2812_0.\ws2812_LED0.\ws2812_0.\ws28120.\ctrl0.$procmux$621_CMP
  found ctrl input: $flatten\ws2812_0.\ws2812_LED0.\ws2812_0.\ws28120.\ctrl0.$procmux$622_CMP
  found ctrl input: $flatten\ws2812_0.\ws2812_LED0.\ws2812_0.\ws28120.\ctrl0.$procmux$623_CMP
  found ctrl input: $auto$opt_reduce.cc:134:opt_pmux$2218
  found ctrl input: $flatten\ws2812_0.\ws2812_LED0.\ws2812_0.\ws28120.\ctrl0.$procmux$625_CMP
  found ctrl input: $flatten\ws2812_0.\ws2812_LED0.\ws2812_0.\ws28120.\ctrl0.$procmux$710_CMP
  found ctrl input: $flatten\ws2812_0.\ws2812_LED0.\ws2812_0.\ws28120.\ctrl0.$procmux$626_CMP
  found ctrl input: \ws2812_0.ws2812_LED0.ws2812_0.ws28120.comp0.z
  found state code: 4'0101
  found state code: 4'1001
  found state code: 4'1000
  found state code: 4'0110
  found state code: 4'0111
  found ctrl input: $auto$opt_reduce.cc:134:opt_pmux$2216
  found ctrl input: $flatten\ws2812_0.\ws2812_LED0.\ws2812_0.\ws28120.\ctrl0.$procmux$707_CMP
  found ctrl input: $flatten\ws2812_0.\ws2812_LED0.\ws2812_0.\ws28120.\ctrl0.$eq$cores/ws2812/ctrl_ws.v:118$573_Y
  found state code: 4'0010
  found state code: 4'0100
  found state code: 4'0011
  found ctrl input: \ws2812_0.ws2812_LED0.ws2812_0.control0.init_t
  found state code: 4'0001
  found ctrl output: $flatten\ws2812_0.\ws2812_LED0.\ws2812_0.\ws28120.\ctrl0.$procmux$710_CMP
  found ctrl output: $flatten\ws2812_0.\ws2812_LED0.\ws2812_0.\ws28120.\ctrl0.$procmux$651_CMP
  found ctrl output: $flatten\ws2812_0.\ws2812_LED0.\ws2812_0.\ws28120.\ctrl0.$procmux$635_CMP
  found ctrl output: $flatten\ws2812_0.\ws2812_LED0.\ws2812_0.\ws28120.\ctrl0.$procmux$626_CMP
  found ctrl output: $flatten\ws2812_0.\ws2812_LED0.\ws2812_0.\ws28120.\ctrl0.$procmux$625_CMP
  found ctrl output: $flatten\ws2812_0.\ws2812_LED0.\ws2812_0.\ws28120.\ctrl0.$procmux$624_CMP
  found ctrl output: $flatten\ws2812_0.\ws2812_LED0.\ws2812_0.\ws28120.\ctrl0.$procmux$623_CMP
  found ctrl output: $flatten\ws2812_0.\ws2812_LED0.\ws2812_0.\ws28120.\ctrl0.$procmux$622_CMP
  found ctrl output: $flatten\ws2812_0.\ws2812_LED0.\ws2812_0.\ws28120.\ctrl0.$procmux$621_CMP
  found ctrl output: $flatten\ws2812_0.\ws2812_LED0.\ws2812_0.\ws28120.\ctrl0.$procmux$620_CMP
  ctrl inputs: { $auto$opt_reduce.cc:134:opt_pmux$2218 $auto$opt_reduce.cc:134:opt_pmux$2216 $flatten\ws2812_0.\ws2812_LED0.\ws2812_0.\ws28120.\ctrl0.$eq$cores/ws2812/ctrl_ws.v:118$573_Y $flatten\ws2812_0.\ws2812_LED0.\ws2812_0.\ws28120.\ctrl0.$procmux$707_CMP \ws2812_0.ws2812_LED0.ws2812_0.ws28120.comp0.z \ws2812_0.ws2812_LED0.ws2812_0.control0.init_t \resetn }
  ctrl outputs: { $flatten\ws2812_0.\ws2812_LED0.\ws2812_0.\ws28120.\ctrl0.$0\state[3:0] $flatten\ws2812_0.\ws2812_LED0.\ws2812_0.\ws28120.\ctrl0.$procmux$620_CMP $flatten\ws2812_0.\ws2812_LED0.\ws2812_0.\ws28120.\ctrl0.$procmux$621_CMP $flatten\ws2812_0.\ws2812_LED0.\ws2812_0.\ws28120.\ctrl0.$procmux$622_CMP $flatten\ws2812_0.\ws2812_LED0.\ws2812_0.\ws28120.\ctrl0.$procmux$623_CMP $flatten\ws2812_0.\ws2812_LED0.\ws2812_0.\ws28120.\ctrl0.$procmux$624_CMP $flatten\ws2812_0.\ws2812_LED0.\ws2812_0.\ws28120.\ctrl0.$procmux$625_CMP $flatten\ws2812_0.\ws2812_LED0.\ws2812_0.\ws28120.\ctrl0.$procmux$626_CMP $flatten\ws2812_0.\ws2812_LED0.\ws2812_0.\ws28120.\ctrl0.$procmux$635_CMP $flatten\ws2812_0.\ws2812_LED0.\ws2812_0.\ws28120.\ctrl0.$procmux$651_CMP $flatten\ws2812_0.\ws2812_LED0.\ws2812_0.\ws28120.\ctrl0.$procmux$710_CMP }
  transition:     4'0000 7'------0 ->     4'0000 14'00000000001000
  transition:     4'0000 7'-----01 ->     4'0000 14'00000000001000
  transition:     4'0000 7'-----11 ->     4'0001 14'00010000001000
  transition:     4'1000 7'------0 ->     4'0000 14'00000100000000
  transition:     4'1000 7'----0-1 ->     4'1000 14'10000100000000
  transition:     4'1000 7'----1-1 ->     4'1001 14'10010100000000
  transition:     4'0100 7'------0 ->     4'0000 14'00000000100000
  transition:     4'0100 7'------1 ->     4'0110 14'01100000100000
  transition:     4'0010 7'------0 ->     4'0000 14'00000000010000
  transition:     4'0010 7'------1 ->     4'0101 14'01010000010000
  transition:     4'0110 7'------0 ->     4'0000 14'00000001000000
  transition:     4'0110 7'----0-1 ->     4'0110 14'01100001000000
  transition:     4'0110 7'----1-1 ->     4'0111 14'01110001000000
  transition:     4'0001 7'------0 ->     4'0000 14'00000000000001
  transition:     4'0001 7'-000--1 -> INVALID_STATE(4'x) 14'xxxx0000000001  <ignored invalid transition!>
  transition:     4'0001 7'--1---1 ->     4'0011 14'00110000000001
  transition:     4'0001 7'---1--1 ->     4'0100 14'01000000000001
  transition:     4'0001 7'-1----1 ->     4'0010 14'00100000000001
  transition:     4'1001 7'------0 ->     4'0000 14'00000000000010
  transition:     4'1001 7'------1 ->     4'0000 14'00000000000010
  transition:     4'0101 7'------0 ->     4'0000 14'00001000000000
  transition:     4'0101 7'----0-1 ->     4'0101 14'01011000000000
  transition:     4'0101 7'----1-1 ->     4'1001 14'10011000000000
  transition:     4'0011 7'------0 ->     4'0000 14'00000000000100
  transition:     4'0011 7'------1 ->     4'0110 14'01100000000100
  transition:     4'0111 7'------0 ->     4'0000 14'00000010000000
  transition:     4'0111 7'------1 ->     4'1000 14'10000010000000

47.13.3. Executing FSM_OPT pass (simple optimizations of FSMs).
Optimizing FSM `$fsm$\ws2812_0.ws2812_LED0.ws2812_0.ws28120.ctrl0.state$2262' from module `\SOC'.
  Merging pattern 7'------0 and 7'------1 from group (6 0 14'00000000000010).
  Merging pattern 7'------1 and 7'------0 from group (6 0 14'00000000000010).
  Removing unused input signal $auto$opt_reduce.cc:134:opt_pmux$2218.
Optimizing FSM `$fsm$\ws2812_0.ws2812_LED0.ws2812_0.control0.state$2253' from module `\SOC'.
  Merging pattern 4'---0 and 4'---1 from group (3 0 10'0000001000).
  Merging pattern 4'---1 and 4'---0 from group (3 0 10'0000001000).
Optimizing FSM `$fsm$\ws2812_0.ws2812_LED0.ctrl0.state$2244' from module `\SOC'.
  Merging pattern 4'---0 and 4'---1 from group (3 0 10'0001000000).
  Merging pattern 4'---1 and 4'---0 from group (3 0 10'0001000000).
Optimizing FSM `$fsm$\sqrt1.sqrt0.control0.state$2235' from module `\SOC'.
Optimizing FSM `$fsm$\bin2bcd0.bin2bcd0.control0.state$2227' from module `\SOC'.
Optimizing FSM `$fsm$\bcd2bin0.bcd2bin0.control0.state$2219' from module `\SOC'.

47.13.4. Executing OPT_CLEAN pass (remove unused cells and wires).
Finding unused cells or wires in module \SOC..
Removed 83 unused cells and 83 unused wires.

47.13.5. Executing FSM_OPT pass (simple optimizations of FSMs).
Optimizing FSM `$fsm$\bcd2bin0.bcd2bin0.control0.state$2219' from module `\SOC'.
  Removing unused output signal $flatten\bcd2bin0.\bcd2bin0.\control0.$0\state[2:0] [0].
  Removing unused output signal $flatten\bcd2bin0.\bcd2bin0.\control0.$0\state[2:0] [1].
  Removing unused output signal $flatten\bcd2bin0.\bcd2bin0.\control0.$0\state[2:0] [2].
Optimizing FSM `$fsm$\bin2bcd0.bin2bcd0.control0.state$2227' from module `\SOC'.
  Removing unused output signal $flatten\bin2bcd0.\bin2bcd0.\control0.$0\state[2:0] [0].
  Removing unused output signal $flatten\bin2bcd0.\bin2bcd0.\control0.$0\state[2:0] [1].
  Removing unused output signal $flatten\bin2bcd0.\bin2bcd0.\control0.$0\state[2:0] [2].
Optimizing FSM `$fsm$\sqrt1.sqrt0.control0.state$2235' from module `\SOC'.
  Removing unused output signal $flatten\sqrt1.\sqrt0.\control0.$procmux$1066_CMP.
  Removing unused output signal $flatten\sqrt1.\sqrt0.\control0.$procmux$1054_CMP.
  Removing unused output signal $flatten\sqrt1.\sqrt0.\control0.$0\state[2:0] [0].
  Removing unused output signal $flatten\sqrt1.\sqrt0.\control0.$0\state[2:0] [1].
  Removing unused output signal $flatten\sqrt1.\sqrt0.\control0.$0\state[2:0] [2].
Optimizing FSM `$fsm$\ws2812_0.ws2812_LED0.ctrl0.state$2244' from module `\SOC'.
  Removing unused output signal $flatten\ws2812_0.\ws2812_LED0.\ctrl0.$procmux$1398_CMP.
  Removing unused output signal $flatten\ws2812_0.\ws2812_LED0.\ctrl0.$procmux$1396_CMP.
  Removing unused output signal $flatten\ws2812_0.\ws2812_LED0.\ctrl0.$procmux$1388_CMP.
  Removing unused output signal $flatten\ws2812_0.\ws2812_LED0.\ctrl0.$procmux$1373_CMP.
  Removing unused output signal $flatten\ws2812_0.\ws2812_LED0.\ctrl0.$procmux$1361_CMP.
  Removing unused output signal $flatten\ws2812_0.\ws2812_LED0.\ctrl0.$0\state[2:0] [0].
  Removing unused output signal $flatten\ws2812_0.\ws2812_LED0.\ctrl0.$0\state[2:0] [1].
  Removing unused output signal $flatten\ws2812_0.\ws2812_LED0.\ctrl0.$0\state[2:0] [2].
Optimizing FSM `$fsm$\ws2812_0.ws2812_LED0.ws2812_0.control0.state$2253' from module `\SOC'.
  Removing unused output signal $flatten\ws2812_0.\ws2812_LED0.\ws2812_0.\control0.$0\state[2:0] [0].
  Removing unused output signal $flatten\ws2812_0.\ws2812_LED0.\ws2812_0.\control0.$0\state[2:0] [1].
  Removing unused output signal $flatten\ws2812_0.\ws2812_LED0.\ws2812_0.\control0.$0\state[2:0] [2].
  Removing unused output signal $flatten\ws2812_0.\ws2812_LED0.\ws2812_0.\control0.$procmux$803_CMP.
  Removing unused output signal $flatten\ws2812_0.\ws2812_LED0.\ws2812_0.\control0.$procmux$815_CMP.
  Removing unused output signal $flatten\ws2812_0.\ws2812_LED0.\ws2812_0.\control0.$procmux$840_CMP.
Optimizing FSM `$fsm$\ws2812_0.ws2812_LED0.ws2812_0.ws28120.ctrl0.state$2262' from module `\SOC'.
  Removing unused output signal $flatten\ws2812_0.\ws2812_LED0.\ws2812_0.\ws28120.\ctrl0.$procmux$710_CMP.
  Removing unused output signal $flatten\ws2812_0.\ws2812_LED0.\ws2812_0.\ws28120.\ctrl0.$0\state[3:0] [0].
  Removing unused output signal $flatten\ws2812_0.\ws2812_LED0.\ws2812_0.\ws28120.\ctrl0.$0\state[3:0] [1].
  Removing unused output signal $flatten\ws2812_0.\ws2812_LED0.\ws2812_0.\ws28120.\ctrl0.$0\state[3:0] [2].
  Removing unused output signal $flatten\ws2812_0.\ws2812_LED0.\ws2812_0.\ws28120.\ctrl0.$0\state[3:0] [3].

47.13.6. Executing FSM_RECODE pass (re-assigning FSM state encoding).
Recoding FSM `$fsm$\bcd2bin0.bcd2bin0.control0.state$2219' from module `\SOC' using `auto' encoding:
  mapping auto encoding to `one-hot` for this FSM.
  000 -> -----1
  100 -> ----1-
  010 -> ---1--
  001 -> --1---
  101 -> -1----
  011 -> 1-----
Recoding FSM `$fsm$\bin2bcd0.bin2bcd0.control0.state$2227' from module `\SOC' using `auto' encoding:
  mapping auto encoding to `one-hot` for this FSM.
  000 -> -----1
  100 -> ----1-
  010 -> ---1--
  001 -> --1---
  101 -> -1----
  011 -> 1-----
Recoding FSM `$fsm$\sqrt1.sqrt0.control0.state$2235' from module `\SOC' using `auto' encoding:
  mapping auto encoding to `one-hot` for this FSM.
  000 -> ------1
  100 -> -----1-
  010 -> ----1--
  110 -> ---1---
  001 -> --1----
  101 -> -1-----
  011 -> 1------
Recoding FSM `$fsm$\ws2812_0.ws2812_LED0.ctrl0.state$2244' from module `\SOC' using `auto' encoding:
  mapping auto encoding to `one-hot` for this FSM.
  000 -> ------1
  100 -> -----1-
  010 -> ----1--
  110 -> ---1---
  001 -> --1----
  101 -> -1-----
  011 -> 1------
Recoding FSM `$fsm$\ws2812_0.ws2812_LED0.ws2812_0.control0.state$2253' from module `\SOC' using `auto' encoding:
  mapping auto encoding to `one-hot` for this FSM.
  000 -> ------1
  100 -> -----1-
  010 -> ----1--
  110 -> ---1---
  001 -> --1----
  101 -> -1-----
  011 -> 1------
Recoding FSM `$fsm$\ws2812_0.ws2812_LED0.ws2812_0.ws28120.ctrl0.state$2262' from module `\SOC' using `auto' encoding:
  mapping auto encoding to `one-hot` for this FSM.
  0000 -> ---------1
  1000 -> --------1-
  0100 -> -------1--
  0010 -> ------1---
  0110 -> -----1----
  0001 -> ----1-----
  1001 -> ---1------
  0101 -> --1-------
  0011 -> -1--------
  0111 -> 1---------

47.13.7. Executing FSM_INFO pass (dumping all available information on FSM cells).

FSM `$fsm$\bcd2bin0.bcd2bin0.control0.state$2219' from module `SOC':
-------------------------------------

  Information on FSM $fsm$\bcd2bin0.bcd2bin0.control0.state$2219 (\bcd2bin0.bcd2bin0.control0.state):

  Number of input signals:    4
  Number of output signals:   6
  Number of state bits:       6

  Input signals:
    0: \resetn
    1: \bcd2bin0.init
    2: \bcd2bin0.bcd2bin0.count0.z
    3: $flatten\bcd2bin0.\bcd2bin0.\control0.$gt$cores/bin2bcd/ctrl_b2b.v:64$503_Y

  Output signals:
    0: $flatten\bcd2bin0.\bcd2bin0.\control0.$procmux$1289_CMP
    1: $flatten\bcd2bin0.\bcd2bin0.\control0.$procmux$1242_CMP
    2: $flatten\bcd2bin0.\bcd2bin0.\control0.$procmux$1241_CMP
    3: $flatten\bcd2bin0.\bcd2bin0.\control0.$procmux$1239_CMP
    4: $flatten\bcd2bin0.\bcd2bin0.\control0.$procmux$1238_CMP
    5: $flatten\bcd2bin0.\bcd2bin0.\control0.$procmux$1235_CMP

  State encoding:
    0:   6'-----1  <RESET STATE>
    1:   6'----1-
    2:   6'---1--
    3:   6'--1---
    4:   6'-1----
    5:   6'1-----

  Transition Table (state_in, ctrl_in, state_out, ctrl_out):
      0:     0 4'---0   ->     0 6'000001
      1:     0 4'--01   ->     0 6'000001
      2:     0 4'--11   ->     2 6'000001
      3:     1 4'---0   ->     0 6'100000
      4:     1 4'---1   ->     5 6'100000
      5:     2 4'---0   ->     0 6'000010
      6:     2 4'---1   ->     3 6'000010
      7:     3 4'---0   ->     0 6'000100
      8:     3 4'-0-1   ->     1 6'000100
      9:     3 4'-1-1   ->     4 6'000100
     10:     4 4'---0   ->     0 6'010000
     11:     4 4'1--1   ->     0 6'010000
     12:     4 4'0--1   ->     4 6'010000
     13:     5 4'---0   ->     0 6'001000
     14:     5 4'---1   ->     2 6'001000

-------------------------------------

FSM `$fsm$\bin2bcd0.bin2bcd0.control0.state$2227' from module `SOC':
-------------------------------------

  Information on FSM $fsm$\bin2bcd0.bin2bcd0.control0.state$2227 (\bin2bcd0.bin2bcd0.control0.state):

  Number of input signals:    4
  Number of output signals:   6
  Number of state bits:       6

  Input signals:
    0: \resetn
    1: \bin2bcd0.init
    2: \bin2bcd0.bin2bcd0.count0.z
    3: $flatten\bin2bcd0.\bin2bcd0.\control0.$gt$cores/bin2bcd/ctrl_b2b.v:64$503_Y

  Output signals:
    0: $flatten\bin2bcd0.\bin2bcd0.\control0.$procmux$1289_CMP
    1: $flatten\bin2bcd0.\bin2bcd0.\control0.$procmux$1242_CMP
    2: $flatten\bin2bcd0.\bin2bcd0.\control0.$procmux$1241_CMP
    3: $flatten\bin2bcd0.\bin2bcd0.\control0.$procmux$1239_CMP
    4: $flatten\bin2bcd0.\bin2bcd0.\control0.$procmux$1238_CMP
    5: $flatten\bin2bcd0.\bin2bcd0.\control0.$procmux$1235_CMP

  State encoding:
    0:   6'-----1  <RESET STATE>
    1:   6'----1-
    2:   6'---1--
    3:   6'--1---
    4:   6'-1----
    5:   6'1-----

  Transition Table (state_in, ctrl_in, state_out, ctrl_out):
      0:     0 4'---0   ->     0 6'000001
      1:     0 4'--01   ->     0 6'000001
      2:     0 4'--11   ->     2 6'000001
      3:     1 4'---0   ->     0 6'100000
      4:     1 4'---1   ->     5 6'100000
      5:     2 4'---0   ->     0 6'000010
      6:     2 4'---1   ->     3 6'000010
      7:     3 4'---0   ->     0 6'000100
      8:     3 4'-0-1   ->     1 6'000100
      9:     3 4'-1-1   ->     4 6'000100
     10:     4 4'---0   ->     0 6'010000
     11:     4 4'1--1   ->     0 6'010000
     12:     4 4'0--1   ->     4 6'010000
     13:     5 4'---0   ->     0 6'001000
     14:     5 4'---1   ->     2 6'001000

-------------------------------------

FSM `$fsm$\sqrt1.sqrt0.control0.state$2235' from module `SOC':
-------------------------------------

  Information on FSM $fsm$\sqrt1.sqrt0.control0.state$2235 (\sqrt1.sqrt0.control0.state):

  Number of input signals:    5
  Number of output signals:   5
  Number of state bits:       7

  Input signals:
    0: \resetn
    1: \sqrt1.sqrt0.count0.z
    2: $flatten\sqrt1.\sqrt0.\control0.$gt$cores/sqrt_ASM/control.v:77$532_Y
    3: \sqrt1.sqrt0.control0.msb
    4: \sqrt1.init

  Output signals:
    0: $flatten\sqrt1.\sqrt0.\control0.$procmux$1047_CMP
    1: $flatten\sqrt1.\sqrt0.\control0.$procmux$1044_CMP
    2: $flatten\sqrt1.\sqrt0.\control0.$procmux$1033_CMP
    3: $flatten\sqrt1.\sqrt0.\control0.$procmux$1026_CMP
    4: $flatten\sqrt1.\sqrt0.\control0.$procmux$1017_CMP

  State encoding:
    0:  7'------1  <RESET STATE>
    1:  7'-----1-
    2:  7'----1--
    3:  7'---1---
    4:  7'--1----
    5:  7'-1-----
    6:  7'1------

  Transition Table (state_in, ctrl_in, state_out, ctrl_out):
      0:     0 5'----0   ->     0 5'01000
      1:     0 5'0---1   ->     0 5'01000
      2:     0 5'1---1   ->     2 5'01000
      3:     1 5'----0   ->     0 5'10000
      4:     1 5'----1   ->     5 5'10000
      5:     2 5'----0   ->     0 5'00100
      6:     2 5'----1   ->     6 5'00100
      7:     3 5'----0   ->     0 5'00001
      8:     3 5'--1-1   ->     0 5'00001
      9:     3 5'--0-1   ->     3 5'00001
     10:     4 5'----0   ->     0 5'00000
     11:     4 5'-0--1   ->     1 5'00000
     12:     4 5'-1--1   ->     5 5'00000
     13:     5 5'----0   ->     0 5'00000
     14:     5 5'---01   ->     2 5'00000
     15:     5 5'---11   ->     3 5'00000
     16:     6 5'----0   ->     0 5'00010
     17:     6 5'----1   ->     4 5'00010

-------------------------------------

FSM `$fsm$\ws2812_0.ws2812_LED0.ctrl0.state$2244' from module `SOC':
-------------------------------------

  Information on FSM $fsm$\ws2812_0.ws2812_LED0.ctrl0.state$2244 (\ws2812_0.ws2812_LED0.ctrl0.state):

  Number of input signals:    4
  Number of output signals:   2
  Number of state bits:       7

  Input signals:
    0: \resetn
    1: \ws2812_0.init
    2: \ws2812_0.ws2812_LED0.ctrl0.done_led
    3: \ws2812_0.ws2812_LED0.comp0.z

  Output signals:
    0: $flatten\ws2812_0.\ws2812_LED0.\ctrl0.$procmux$1346_CMP
    1: $flatten\ws2812_0.\ws2812_LED0.\ctrl0.$procmux$1325_CMP

  State encoding:
    0:  7'------1  <RESET STATE>
    1:  7'-----1-
    2:  7'----1--
    3:  7'---1---
    4:  7'--1----
    5:  7'-1-----
    6:  7'1------

  Transition Table (state_in, ctrl_in, state_out, ctrl_out):
      0:     0 4'---0   ->     0 2'00
      1:     0 4'--01   ->     0 2'00
      2:     0 4'--11   ->     4 2'00
      3:     1 4'---0   ->     0 2'00
      4:     1 4'---1   ->     5 2'00
      5:     2 4'---0   ->     0 2'00
      6:     2 4'---1   ->     6 2'00
      7:     3 4'----   ->     0 2'10
      8:     4 4'---0   ->     0 2'01
      9:     4 4'---1   ->     2 2'01
     10:     5 4'---0   ->     0 2'00
     11:     5 4'1--1   ->     3 2'00
     12:     5 4'0--1   ->     4 2'00
     13:     6 4'---0   ->     0 2'00
     14:     6 4'-1-1   ->     1 2'00
     15:     6 4'-0-1   ->     6 2'00

-------------------------------------

FSM `$fsm$\ws2812_0.ws2812_LED0.ws2812_0.control0.state$2253' from module `SOC':
-------------------------------------

  Information on FSM $fsm$\ws2812_0.ws2812_LED0.ws2812_0.control0.state$2253 (\ws2812_0.ws2812_LED0.ws2812_0.control0.state):

  Number of input signals:    4
  Number of output signals:   4
  Number of state bits:       7

  Input signals:
    0: \resetn
    1: \ws2812_0.ws2812_LED0.ws2812_0.control0.done_t
    2: \ws2812_0.ws2812_LED0.ws2812_0.control0.z
    3: \ws2812_0.ws2812_LED0.ctrl0.init_led

  Output signals:
    0: $flatten\ws2812_0.\ws2812_LED0.\ws2812_0.\control0.$procmux$769_CMP
    1: $flatten\ws2812_0.\ws2812_LED0.\ws2812_0.\control0.$procmux$778_CMP
    2: $flatten\ws2812_0.\ws2812_LED0.\ws2812_0.\control0.$procmux$783_CMP
    3: $flatten\ws2812_0.\ws2812_LED0.\ws2812_0.\control0.$procmux$791_CMP

  State encoding:
    0:  7'------1  <RESET STATE>
    1:  7'-----1-
    2:  7'----1--
    3:  7'---1---
    4:  7'--1----
    5:  7'-1-----
    6:  7'1------

  Transition Table (state_in, ctrl_in, state_out, ctrl_out):
      0:     0 4'---0   ->     0 4'0010
      1:     0 4'0--1   ->     0 4'0010
      2:     0 4'1--1   ->     4 4'0010
      3:     1 4'---0   ->     0 4'0100
      4:     1 4'---1   ->     5 4'0100
      5:     2 4'---0   ->     0 4'0000
      6:     2 4'---1   ->     6 4'0000
      7:     3 4'----   ->     0 4'0001
      8:     4 4'---0   ->     0 4'1000
      9:     4 4'---1   ->     2 4'1000
     10:     5 4'---0   ->     0 4'0000
     11:     5 4'-1-1   ->     3 4'0000
     12:     5 4'-0-1   ->     4 4'0000
     13:     6 4'---0   ->     0 4'0000
     14:     6 4'--11   ->     1 4'0000
     15:     6 4'--01   ->     6 4'0000

-------------------------------------

FSM `$fsm$\ws2812_0.ws2812_LED0.ws2812_0.ws28120.ctrl0.state$2262' from module `SOC':
-------------------------------------

  Information on FSM $fsm$\ws2812_0.ws2812_LED0.ws2812_0.ws28120.ctrl0.state$2262 (\ws2812_0.ws2812_LED0.ws2812_0.ws28120.ctrl0.state):

  Number of input signals:    6
  Number of output signals:   9
  Number of state bits:      10

  Input signals:
    0: \resetn
    1: \ws2812_0.ws2812_LED0.ws2812_0.control0.init_t
    2: \ws2812_0.ws2812_LED0.ws2812_0.ws28120.comp0.z
    3: $flatten\ws2812_0.\ws2812_LED0.\ws2812_0.\ws28120.\ctrl0.$procmux$707_CMP
    4: $flatten\ws2812_0.\ws2812_LED0.\ws2812_0.\ws28120.\ctrl0.$eq$cores/ws2812/ctrl_ws.v:118$573_Y
    5: $auto$opt_reduce.cc:134:opt_pmux$2216

  Output signals:
    0: $flatten\ws2812_0.\ws2812_LED0.\ws2812_0.\ws28120.\ctrl0.$procmux$651_CMP
    1: $flatten\ws2812_0.\ws2812_LED0.\ws2812_0.\ws28120.\ctrl0.$procmux$635_CMP
    2: $flatten\ws2812_0.\ws2812_LED0.\ws2812_0.\ws28120.\ctrl0.$procmux$626_CMP
    3: $flatten\ws2812_0.\ws2812_LED0.\ws2812_0.\ws28120.\ctrl0.$procmux$625_CMP
    4: $flatten\ws2812_0.\ws2812_LED0.\ws2812_0.\ws28120.\ctrl0.$procmux$624_CMP
    5: $flatten\ws2812_0.\ws2812_LED0.\ws2812_0.\ws28120.\ctrl0.$procmux$623_CMP
    6: $flatten\ws2812_0.\ws2812_LED0.\ws2812_0.\ws28120.\ctrl0.$procmux$622_CMP
    7: $flatten\ws2812_0.\ws2812_LED0.\ws2812_0.\ws28120.\ctrl0.$procmux$621_CMP
    8: $flatten\ws2812_0.\ws2812_LED0.\ws2812_0.\ws28120.\ctrl0.$procmux$620_CMP

  State encoding:
    0: 10'---------1  <RESET STATE>
    1: 10'--------1-
    2: 10'-------1--
    3: 10'------1---
    4: 10'-----1----
    5: 10'----1-----
    6: 10'---1------
    7: 10'--1-------
    8: 10'-1--------
    9: 10'1---------

  Transition Table (state_in, ctrl_in, state_out, ctrl_out):
      0:     0 6'-----0   ->     0 9'000000100
      1:     0 6'----01   ->     0 9'000000100
      2:     0 6'----11   ->     5 9'000000100
      3:     1 6'-----0   ->     0 9'010000000
      4:     1 6'---0-1   ->     1 9'010000000
      5:     1 6'---1-1   ->     6 9'010000000
      6:     2 6'-----0   ->     0 9'000010000
      7:     2 6'-----1   ->     4 9'000010000
      8:     3 6'-----0   ->     0 9'000001000
      9:     3 6'-----1   ->     7 9'000001000
     10:     4 6'-----0   ->     0 9'000100000
     11:     4 6'---0-1   ->     4 9'000100000
     12:     4 6'---1-1   ->     9 9'000100000
     13:     5 6'-----0   ->     0 9'000000000
     14:     5 6'--1--1   ->     2 9'000000000
     15:     5 6'1----1   ->     3 9'000000000
     16:     5 6'-1---1   ->     8 9'000000000
     17:     6 6'------   ->     0 9'000000001
     18:     7 6'-----0   ->     0 9'100000000
     19:     7 6'---1-1   ->     6 9'100000000
     20:     7 6'---0-1   ->     7 9'100000000
     21:     8 6'-----0   ->     0 9'000000010
     22:     8 6'-----1   ->     4 9'000000010
     23:     9 6'-----0   ->     0 9'001000000
     24:     9 6'-----1   ->     1 9'001000000

-------------------------------------

47.13.8. Executing FSM_MAP pass (mapping FSMs to basic logic).
Mapping FSM `$fsm$\bcd2bin0.bcd2bin0.control0.state$2219' from module `\SOC'.
Mapping FSM `$fsm$\bin2bcd0.bin2bcd0.control0.state$2227' from module `\SOC'.
Mapping FSM `$fsm$\sqrt1.sqrt0.control0.state$2235' from module `\SOC'.
Mapping FSM `$fsm$\ws2812_0.ws2812_LED0.ctrl0.state$2244' from module `\SOC'.
Mapping FSM `$fsm$\ws2812_0.ws2812_LED0.ws2812_0.control0.state$2253' from module `\SOC'.
Mapping FSM `$fsm$\ws2812_0.ws2812_LED0.ws2812_0.ws28120.ctrl0.state$2262' from module `\SOC'.

47.14. Executing OPT pass (performing simple optimizations).

47.14.1. Executing OPT_EXPR pass (perform const folding).
Optimizing module SOC.

47.14.2. Executing OPT_MERGE pass (detect identical cells).
Finding identical cells in module `\SOC'.
Removed a total of 8 cells.

47.14.3. Executing OPT_MUXTREE pass (detect dead branches in mux trees).
Running muxtree optimizer on module \SOC..
  Creating internal representation of mux trees.
  Evaluating internal representation of mux trees.
  Analyzing evaluation results.
Removed 0 multiplexer ports.

47.14.4. Executing OPT_REDUCE pass (consolidate $*mux and $reduce_* inputs).
  Optimizing cells in module \SOC.
Performed a total of 0 changes.

47.14.5. Executing OPT_MERGE pass (detect identical cells).
Finding identical cells in module `\SOC'.
Removed a total of 0 cells.

47.14.6. Executing OPT_DFF pass (perform DFF optimizations).
Adding SRST signal on $flatten\ws2812_0.\ws2812_LED0.\ws2812_0.\ws28120.\count0.$procdff$2088 ($dff) from module SOC (D = $flatten\ws2812_0.\ws2812_LED0.\ws2812_0.\ws28120.\count0.$procmux$604_Y, Q = \ws2812_0.ws2812_LED0.ws2812_0.ws28120.count0.cnt_out, rval = 11'00000000000).
Adding EN signal on $auto$ff.cc:266:slice$2574 ($sdff) from module SOC (D = $flatten\ws2812_0.\ws2812_LED0.\ws2812_0.\ws28120.\count0.$add$cores/ws2812/count_ws.v:12$579_Y [10:0], Q = \ws2812_0.ws2812_LED0.ws2812_0.ws28120.count0.cnt_out).
Adding EN signal on $flatten\ws2812_0.\ws2812_LED0.\ws2812_0.\lsr0.$procdff$2090 ($dff) from module SOC (D = $flatten\ws2812_0.\ws2812_LED0.\ws2812_0.\lsr0.$0\s_A[23:0], Q = \ws2812_0.ws2812_LED0.ws2812_0.lsr0.s_A).
Adding SRST signal on $flatten\ws2812_0.\ws2812_LED0.\ws2812_0.\count0.$procdff$2091 ($dff) from module SOC (D = $flatten\ws2812_0.\ws2812_LED0.\ws2812_0.\count0.$procmux$762_Y, Q = \ws2812_0.ws2812_LED0.ws2812_0.count0.counter, rval = 5'11000).
Adding EN signal on $auto$ff.cc:266:slice$2579 ($sdff) from module SOC (D = $flatten\ws2812_0.\ws2812_LED0.\ws2812_0.\count0.$sub$cores/ws2812/count_wsled.v:17$566_Y [4:0], Q = \ws2812_0.ws2812_LED0.ws2812_0.count0.counter).
Adding SRST signal on $flatten\ws2812_0.\ws2812_LED0.\count0.$procdff$2116 ($dff) from module SOC (D = $flatten\ws2812_0.\ws2812_LED0.\count0.$procmux$1318_Y, Q = \ws2812_0.ws2812_LED0.count0.address, rval = 6'000000).
Adding EN signal on $auto$ff.cc:266:slice$2581 ($sdff) from module SOC (D = $flatten\ws2812_0.\ws2812_LED0.\count0.$add$cores/ws2812/count_addr_arr.v:12$496_Y [5:0], Q = \ws2812_0.ws2812_LED0.count0.address).
Adding SRST signal on $flatten\ws2812_0.$procdff$2178 ($dff) from module SOC (D = $flatten\ws2812_0.$2\init[0:0], Q = \ws2812_0.init, rval = 1'0).
Adding EN signal on $auto$ff.cc:266:slice$2583 ($sdff) from module SOC (D = \CPU.rs2 [0], Q = \ws2812_0.init).
Adding SRST signal on $flatten\ws2812_0.$procdff$2176 ($dff) from module SOC (D = $flatten\ws2812_0.$2\A[15:0], Q = \ws2812_0.A, rval = 16'0000000000000000).
Adding EN signal on $auto$ff.cc:266:slice$2587 ($sdff) from module SOC (D = { \RAM.mem_wdata [15:8] \CPU.rs2 [7:0] }, Q = \ws2812_0.A).
Adding SRST signal on $flatten\ws2812_0.$procdff$2175 ($dff) from module SOC (D = $flatten\ws2812_0.$2\d_out[31:0], Q = \ws2812_0.d_out, rval = 0).
Adding EN signal on $auto$ff.cc:266:slice$2591 ($sdff) from module SOC (D = $flatten\ws2812_0.$3\d_out[31:0], Q = \ws2812_0.d_out).
Adding SRST signal on $flatten\sqrt1.\sqrt0.\lsr_TMP.$procdff$2103 ($dff) from module SOC (D = $flatten\sqrt1.\sqrt0.\lsr_TMP.$procmux$1000_Y, Q = \sqrt1.sqrt0.lsr_TMP.out_r, rval = 16'0000000000000000).
Adding EN signal on $auto$ff.cc:266:slice$2597 ($sdff) from module SOC (D = \sqrt1.sqrt0.lsr_R.out_r, Q = \sqrt1.sqrt0.lsr_TMP.out_r).
Adding SRST signal on $flatten\sqrt1.\sqrt0.\lsr_R.$procdff$2103 ($dff) from module SOC (D = $flatten\sqrt1.\sqrt0.\lsr_R.$procmux$1002_Y, Q = \sqrt1.sqrt0.lsr_R.out_r, rval = 16'0000000000000000).
Adding EN signal on $auto$ff.cc:266:slice$2599 ($sdff) from module SOC (D = \sqrt1.sqrt0.lsr_R.out_r [14:0], Q = \sqrt1.sqrt0.lsr_R.out_r [15:1]).
Adding EN signal on $auto$ff.cc:266:slice$2599 ($sdff) from module SOC (D = $flatten\sqrt1.\sqrt0.\lsr_R.$procmux$1002_Y [0], Q = \sqrt1.sqrt0.lsr_R.out_r [0]).
Adding SRST signal on $flatten\sqrt1.\sqrt0.\lsr20.$procdff$2102 ($dff) from module SOC (D = $flatten\sqrt1.\sqrt0.\lsr20.$procmux$988_Y, Q = \sqrt1.sqrt0.lsr20.data [31:16], rval = 16'0000000000000000).
Adding EN signal on $flatten\sqrt1.\sqrt0.\lsr20.$procdff$2102 ($dff) from module SOC (D = $flatten\sqrt1.\sqrt0.\lsr20.$0\data[31:0] [15:0], Q = \sqrt1.sqrt0.lsr20.data [15:0]).
Adding EN signal on $auto$ff.cc:266:slice$2608 ($sdff) from module SOC (D = $flatten\sqrt1.\sqrt0.\lsr20.$procmux$988_Y, Q = \sqrt1.sqrt0.lsr20.data [31:16]).
Adding SRST signal on $flatten\sqrt1.\sqrt0.\count0.$procdff$2105 ($dff) from module SOC (D = $flatten\sqrt1.\sqrt0.\count0.$procmux$1008_Y, Q = \sqrt1.sqrt0.count0.cont, rval = 4'1000).
Adding EN signal on $auto$ff.cc:266:slice$2616 ($sdff) from module SOC (D = $flatten\sqrt1.\sqrt0.\count0.$sub$cores/sqrt_ASM/count.v:16$536_Y [3:0], Q = \sqrt1.sqrt0.count0.cont).
Adding SRST signal on $flatten\sqrt1.\sqrt0.\control0.$procdff$2107 ($dff) from module SOC (D = $flatten\sqrt1.\sqrt0.\control0.$2\count[7:0], Q = \sqrt1.sqrt0.control0.count, rval = 8'00000000).
Adding EN signal on $auto$ff.cc:266:slice$2618 ($sdff) from module SOC (D = $flatten\sqrt1.\sqrt0.\control0.$2\count[7:0], Q = \sqrt1.sqrt0.control0.count).
Adding SRST signal on $flatten\sqrt1.$procdff$2168 ($dff) from module SOC (D = $flatten\sqrt1.$2\init[0:0], Q = \sqrt1.init, rval = 1'0).
Adding EN signal on $auto$ff.cc:266:slice$2622 ($sdff) from module SOC (D = \CPU.rs2 [0], Q = \sqrt1.init).
Adding SRST signal on $flatten\sqrt1.$procdff$2167 ($dff) from module SOC (D = $flatten\sqrt1.$2\A[15:0], Q = \sqrt1.A, rval = 16'0000000000000000).
Adding EN signal on $auto$ff.cc:266:slice$2626 ($sdff) from module SOC (D = { \RAM.mem_wdata [15:8] \CPU.rs2 [7:0] }, Q = \sqrt1.A).
Adding SRST signal on $flatten\sqrt1.$procdff$2166 ($dff) from module SOC (D = $flatten\sqrt1.$2\d_out[31:0], Q = \sqrt1.d_out, rval = 0).
Adding EN signal on $auto$ff.cc:266:slice$2630 ($sdff) from module SOC (D = $flatten\sqrt1.$3\d_out[31:0], Q = \sqrt1.d_out).
Adding SRST signal on $flatten\per_uart.\uart0.$procdff$2132 ($dff) from module SOC (D = $flatten\per_uart.\uart0.$sub$cores/uart/uart.v:39$470_Y [15:0], Q = \per_uart.uart0.enable16_counter, rval = 16'0000000000011010).
Adding EN signal on $flatten\per_uart.\uart0.$procdff$2129 ($dff) from module SOC (D = { \per_uart.uart0.uart_rxd2 \per_uart.uart0.rxd_reg [7:1] }, Q = \per_uart.uart0.rxd_reg).
Adding SRST signal on $flatten\per_uart.\uart0.$procdff$2128 ($dff) from module SOC (D = $flatten\per_uart.\uart0.$procmux$1510_Y, Q = \per_uart.uart0.rx_bitcount, rval = 4'0000).
Adding EN signal on $auto$ff.cc:266:slice$2648 ($sdff) from module SOC (D = $flatten\per_uart.\uart0.$procmux$1508_Y, Q = \per_uart.uart0.rx_bitcount).
Adding SRST signal on $flatten\per_uart.\uart0.$procdff$2127 ($dff) from module SOC (D = $flatten\per_uart.\uart0.$procmux$1520_Y, Q = \per_uart.uart0.rx_count16, rval = 4'0000).
Adding EN signal on $auto$ff.cc:266:slice$2656 ($sdff) from module SOC (D = $flatten\per_uart.\uart0.$procmux$1518_Y, Q = \per_uart.uart0.rx_count16).
Adding SRST signal on $flatten\per_uart.\uart0.$procdff$2126 ($dff) from module SOC (D = $flatten\per_uart.\uart0.$procmux$1540_Y, Q = \per_uart.uart0.rx_busy, rval = 1'0).
Adding EN signal on $auto$ff.cc:266:slice$2662 ($sdff) from module SOC (D = $flatten\per_uart.\uart0.$procmux$1538_Y, Q = \per_uart.uart0.rx_busy).
Adding SRST signal on $flatten\per_uart.\uart0.$procdff$2125 ($dff) from module SOC (D = $flatten\per_uart.\uart0.$procmux$1561_Y, Q = \per_uart.uart0.rx_avail, rval = 1'0).
Adding SRST signal on $flatten\per_uart.\uart0.$procdff$2124 ($dff) from module SOC (D = $flatten\per_uart.\uart0.$procmux$1582_Y, Q = \per_uart.uart0.rx_error, rval = 1'0).
Adding EN signal on $flatten\per_uart.\uart0.$procdff$2123 ($dff) from module SOC (D = \per_uart.uart0.rxd_reg, Q = \per_uart.uart0.rx_data).
Adding EN signal on $flatten\per_uart.\uart0.$procdff$2122 ($dff) from module SOC (D = $flatten\per_uart.\uart0.$procmux$1423_Y, Q = \per_uart.uart0.txd_reg).
Adding SRST signal on $flatten\per_uart.\uart0.$procdff$2121 ($dff) from module SOC (D = $flatten\per_uart.\uart0.$procmux$1430_Y, Q = \per_uart.uart0.tx_count16, rval = 4'0000).
Adding EN signal on $auto$ff.cc:266:slice$2672 ($sdff) from module SOC (D = $flatten\per_uart.\uart0.$procmux$1430_Y, Q = \per_uart.uart0.tx_count16).
Adding EN signal on $flatten\per_uart.\uart0.$procdff$2120 ($dff) from module SOC (D = $flatten\per_uart.\uart0.$procmux$1448_Y, Q = \per_uart.uart0.tx_bitcount).
Adding SRST signal on $flatten\per_uart.\uart0.$procdff$2119 ($dff) from module SOC (D = $flatten\per_uart.\uart0.$procmux$1464_Y, Q = \per_uart.uart0.uart_txd, rval = 1'1).
Adding EN signal on $auto$ff.cc:266:slice$2677 ($sdff) from module SOC (D = $flatten\per_uart.\uart0.$procmux$1460_Y, Q = \per_uart.uart0.uart_txd).
Adding SRST signal on $flatten\per_uart.\uart0.$procdff$2118 ($dff) from module SOC (D = $flatten\per_uart.\uart0.$procmux$1482_Y, Q = \per_uart.uart0.tx_busy, rval = 1'0).
Adding EN signal on $flatten\per_uart.$procdff$2161 ($dff) from module SOC (D = { \CPU.rs2 [7:3] \CPU.rs2 [1:0] }, Q = { \per_uart.uart_ctrl [7:3] \per_uart.uart_ctrl [1:0] }).
Adding EN signal on $flatten\per_uart.$procdff$2160 ($dff) from module SOC (D = \CPU.rs2 [7:0], Q = \per_uart.d_in_uart).
Adding EN signal on $flatten\mult1.\mult1.\rsr0.$procdff$2093 ($dff) from module SOC (D = $flatten\mult1.\mult1.\rsr0.$0\s_B[15:0], Q = \mult1.mult1.rsr0.s_B).
Adding SRST signal on $flatten\mult1.\mult1.\lsr0.$procdff$2094 ($dff) from module SOC (D = $flatten\mult1.\mult1.\lsr0.$2\s_A[31:0] [31:16], Q = \mult1.mult1.lsr0.s_A [31:16], rval = 16'0000000000000000).
Adding EN signal on $flatten\mult1.\mult1.\lsr0.$procdff$2094 ($dff) from module SOC (D = $flatten\mult1.\mult1.\lsr0.$0\s_A[31:0] [15:0], Q = \mult1.mult1.lsr0.s_A [15:0]).
Adding EN signal on $auto$ff.cc:266:slice$2690 ($sdff) from module SOC (D = \mult1.mult1.lsr0.s_A [30:15], Q = \mult1.mult1.lsr0.s_A [31:16]).
Adding SRST signal on $flatten\mult1.\mult1.\control0.$procdff$2101 ($dff) from module SOC (D = $flatten\mult1.\mult1.\control0.$2\count[3:0], Q = \mult1.mult1.control0.count, rval = 4'0000).
Adding EN signal on $auto$ff.cc:266:slice$2696 ($sdff) from module SOC (D = $flatten\mult1.\mult1.\control0.$add$cores/mult_ASM/control_mult.v:84$548_Y [3:0], Q = \mult1.mult1.control0.count).
Adding EN signal on $flatten\mult1.\mult1.\control0.$procdff$2100 ($dff) from module SOC (D = $flatten\mult1.\mult1.\control0.$2\sh[0:0], Q = \mult1.mult1.control0.sh).
Adding EN signal on $flatten\mult1.\mult1.\control0.$procdff$2099 ($dff) from module SOC (D = $flatten\mult1.\mult1.\control0.$2\add[0:0], Q = \mult1.mult1.control0.add).
Adding SRST signal on $flatten\mult1.\mult1.\control0.$procdff$2098 ($dff) from module SOC (D = $flatten\mult1.\mult1.\control0.$2\state[2:0], Q = \mult1.mult1.control0.state, rval = 3'000).
Adding EN signal on $flatten\mult1.\mult1.\control0.$procdff$2097 ($dff) from module SOC (D = $flatten\mult1.\mult1.\control0.$2\done[0:0], Q = \mult1.mult1.control0.done).
Adding EN signal on $flatten\mult1.\mult1.\control0.$procdff$2096 ($dff) from module SOC (D = $flatten\mult1.\mult1.\control0.$2\reset[0:0], Q = \mult1.mult1.control0.reset).
Adding SRST signal on $flatten\mult1.\mult1.\acc0.$procdff$2095 ($dff) from module SOC (D = $flatten\mult1.\mult1.\acc0.$2\pp[31:0], Q = \mult1.mult1.acc0.pp, rval = 0).
Adding EN signal on $auto$ff.cc:266:slice$2719 ($sdff) from module SOC (D = $flatten\mult1.\mult1.\acc0.$add$cores/mult_ASM/acc.v:15$553_Y, Q = \mult1.mult1.acc0.pp).
Adding SRST signal on $flatten\mult1.$procdff$2165 ($dff) from module SOC (D = $flatten\mult1.$2\init[0:0], Q = \mult1.init, rval = 1'0).
Adding EN signal on $auto$ff.cc:266:slice$2721 ($sdff) from module SOC (D = \CPU.rs2 [0], Q = \mult1.init).
Adding SRST signal on $flatten\mult1.$procdff$2164 ($dff) from module SOC (D = $flatten\mult1.$2\B[15:0], Q = \mult1.B, rval = 16'0000000000000000).
Adding EN signal on $auto$ff.cc:266:slice$2725 ($sdff) from module SOC (D = { \RAM.mem_wdata [15:8] \CPU.rs2 [7:0] }, Q = \mult1.B).
Adding SRST signal on $flatten\mult1.$procdff$2163 ($dff) from module SOC (D = $flatten\mult1.$2\A[15:0], Q = \mult1.A, rval = 16'0000000000000000).
Adding EN signal on $auto$ff.cc:266:slice$2729 ($sdff) from module SOC (D = { \RAM.mem_wdata [15:8] \CPU.rs2 [7:0] }, Q = \mult1.A).
Adding SRST signal on $flatten\mult1.$procdff$2162 ($dff) from module SOC (D = $flatten\mult1.$2\d_out[31:0], Q = \mult1.d_out, rval = 0).
Adding EN signal on $auto$ff.cc:266:slice$2733 ($sdff) from module SOC (D = $flatten\mult1.$3\d_out[31:0], Q = \mult1.d_out).
Adding SRST signal on $flatten\bin2bcd0.\bin2bcd0.\reg0.$procdff$2110 ($dff) from module SOC (D = $flatten\bin2bcd0.\bin2bcd0.\reg0.$procmux$1217_Y, Q = \bin2bcd0.bin2bcd0.reg0.cont, rval = 5'00000).
Adding EN signal on $auto$ff.cc:266:slice$2739 ($sdff) from module SOC (D = { \bin2bcd0.bin2bcd0.comp4.Result [3] \bin2bcd0.bin2bcd0.comp3.Result [3] \bin2bcd0.bin2bcd0.comp2.Result [3] \bin2bcd0.bin2bcd0.comp1.Result [3] \bin2bcd0.bin2bcd0.comp0.Result [3] }, Q = \bin2bcd0.bin2bcd0.reg0.cont).
Adding SRST signal on $flatten\bin2bcd0.\bin2bcd0.\lsr40.$procdff$2108 ($dff) from module SOC (D = { $flatten\bin2bcd0.\bin2bcd0.\lsr40.$procmux$1157_Y $flatten\bin2bcd0.\bin2bcd0.\lsr40.$procmux$1149_Y $flatten\bin2bcd0.\bin2bcd0.\lsr40.$procmux$1141_Y $flatten\bin2bcd0.\bin2bcd0.\lsr40.$procmux$1125_Y $flatten\bin2bcd0.\bin2bcd0.\lsr40.$procmux$1133_Y }, Q = \bin2bcd0.bin2bcd0.lsr40.data [35:16], rval = 20'00000000000000000000).
Adding EN signal on $flatten\bin2bcd0.\bin2bcd0.\lsr40.$procdff$2108 ($dff) from module SOC (D = $flatten\bin2bcd0.\bin2bcd0.\lsr40.$0\data[35:0] [15:0], Q = \bin2bcd0.bin2bcd0.lsr40.data [15:0]).
Adding EN signal on $auto$ff.cc:266:slice$2741 ($sdff) from module SOC (D = $flatten\bin2bcd0.\bin2bcd0.\lsr40.$procmux$1133_Y, Q = \bin2bcd0.bin2bcd0.lsr40.data [19:16]).
Adding EN signal on $auto$ff.cc:266:slice$2741 ($sdff) from module SOC (D = $flatten\bin2bcd0.\bin2bcd0.\lsr40.$procmux$1125_Y, Q = \bin2bcd0.bin2bcd0.lsr40.data [23:20]).
Adding EN signal on $auto$ff.cc:266:slice$2741 ($sdff) from module SOC (D = $flatten\bin2bcd0.\bin2bcd0.\lsr40.$procmux$1141_Y, Q = \bin2bcd0.bin2bcd0.lsr40.data [27:24]).
Adding EN signal on $auto$ff.cc:266:slice$2741 ($sdff) from module SOC (D = $flatten\bin2bcd0.\bin2bcd0.\lsr40.$procmux$1149_Y, Q = \bin2bcd0.bin2bcd0.lsr40.data [31:28]).
Adding EN signal on $auto$ff.cc:266:slice$2741 ($sdff) from module SOC (D = $flatten\bin2bcd0.\bin2bcd0.\lsr40.$procmux$1157_Y, Q = \bin2bcd0.bin2bcd0.lsr40.data [35:32]).
Adding SRST signal on $flatten\bin2bcd0.\bin2bcd0.\count0.$procdff$2112 ($dff) from module SOC (D = $flatten\bin2bcd0.\bin2bcd0.\count0.$procmux$1226_Y, Q = \bin2bcd0.bin2bcd0.count0.cont, rval = 5'10000).
Adding EN signal on $auto$ff.cc:266:slice$2761 ($sdff) from module SOC (D = $flatten\bin2bcd0.\bin2bcd0.\count0.$sub$cores/bin2bcd/count.v:16$507_Y [4:0], Q = \bin2bcd0.bin2bcd0.count0.cont).
Adding SRST signal on $flatten\bin2bcd0.\bin2bcd0.\control0.$procdff$2114 ($dff) from module SOC (D = $flatten\bin2bcd0.\bin2bcd0.\control0.$2\count[5:0], Q = \bin2bcd0.bin2bcd0.control0.count, rval = 6'000000).
Adding EN signal on $auto$ff.cc:266:slice$2763 ($sdff) from module SOC (D = $flatten\bin2bcd0.\bin2bcd0.\control0.$2\count[5:0], Q = \bin2bcd0.bin2bcd0.control0.count).
Adding SRST signal on $flatten\bin2bcd0.$procdff$2171 ($dff) from module SOC (D = $flatten\bin2bcd0.$2\init[0:0], Q = \bin2bcd0.init, rval = 1'0).
Adding EN signal on $auto$ff.cc:266:slice$2767 ($sdff) from module SOC (D = \CPU.rs2 [0], Q = \bin2bcd0.init).
Adding SRST signal on $flatten\bin2bcd0.$procdff$2170 ($dff) from module SOC (D = $flatten\bin2bcd0.$2\A[15:0], Q = \bin2bcd0.A, rval = 16'0000000000000000).
Adding EN signal on $auto$ff.cc:266:slice$2771 ($sdff) from module SOC (D = { \RAM.mem_wdata [15:8] \CPU.rs2 [7:0] }, Q = \bin2bcd0.A).
Adding SRST signal on $flatten\bin2bcd0.$procdff$2169 ($dff) from module SOC (D = $flatten\bin2bcd0.$2\d_out[31:0], Q = \bin2bcd0.d_out, rval = 0).
Adding EN signal on $auto$ff.cc:266:slice$2775 ($sdff) from module SOC (D = $flatten\bin2bcd0.$3\d_out[31:0], Q = \bin2bcd0.d_out).
Adding SRST signal on $flatten\bcd2bin0.\bcd2bin0.\rsr40.$procdff$2109 ($dff) from module SOC (D = $flatten\bcd2bin0.\bcd2bin0.\rsr40.$procmux$1209_Y, Q = \bcd2bin0.bcd2bin0.rsr40.data [15:0], rval = 16'0000000000000000).
Adding EN signal on $flatten\bcd2bin0.\bcd2bin0.\rsr40.$procdff$2109 ($dff) from module SOC (D = $flatten\bcd2bin0.\bcd2bin0.\rsr40.$0\data[35:0] [19:16], Q = \bcd2bin0.bcd2bin0.rsr40.data [19:16]).
Adding EN signal on $flatten\bcd2bin0.\bcd2bin0.\rsr40.$procdff$2109 ($dff) from module SOC (D = $flatten\bcd2bin0.\bcd2bin0.\rsr40.$0\data[35:0] [23:20], Q = \bcd2bin0.bcd2bin0.rsr40.data [23:20]).
Adding EN signal on $flatten\bcd2bin0.\bcd2bin0.\rsr40.$procdff$2109 ($dff) from module SOC (D = $flatten\bcd2bin0.\bcd2bin0.\rsr40.$0\data[35:0] [27:24], Q = \bcd2bin0.bcd2bin0.rsr40.data [27:24]).
Adding EN signal on $flatten\bcd2bin0.\bcd2bin0.\rsr40.$procdff$2109 ($dff) from module SOC (D = $flatten\bcd2bin0.\bcd2bin0.\rsr40.$0\data[35:0] [31:28], Q = \bcd2bin0.bcd2bin0.rsr40.data [31:28]).
Adding EN signal on $flatten\bcd2bin0.\bcd2bin0.\rsr40.$procdff$2109 ($dff) from module SOC (D = $flatten\bcd2bin0.\bcd2bin0.\rsr40.$0\data[35:0] [35:32], Q = \bcd2bin0.bcd2bin0.rsr40.data [35:32]).
Adding EN signal on $auto$ff.cc:266:slice$2781 ($sdff) from module SOC (D = \bcd2bin0.bcd2bin0.rsr40.data [16:1], Q = \bcd2bin0.bcd2bin0.rsr40.data [15:0]).
Adding SRST signal on $flatten\bcd2bin0.\bcd2bin0.\reg0.$procdff$2110 ($dff) from module SOC (D = $flatten\bcd2bin0.\bcd2bin0.\reg0.$procmux$1217_Y, Q = \bcd2bin0.bcd2bin0.reg0.cont, rval = 5'00000).
Adding EN signal on $auto$ff.cc:266:slice$2799 ($sdff) from module SOC (D = { \bcd2bin0.bcd2bin0.comp4.Result [3] \bcd2bin0.bcd2bin0.comp3.Result [3] \bcd2bin0.bcd2bin0.comp2.Result [3] \bcd2bin0.bcd2bin0.comp1.Result [3] \bcd2bin0.bcd2bin0.comp0.Result [3] }, Q = \bcd2bin0.bcd2bin0.reg0.cont).
Adding SRST signal on $flatten\bcd2bin0.\bcd2bin0.\count0.$procdff$2112 ($dff) from module SOC (D = $flatten\bcd2bin0.\bcd2bin0.\count0.$procmux$1226_Y, Q = \bcd2bin0.bcd2bin0.count0.cont, rval = 5'10000).
Adding EN signal on $auto$ff.cc:266:slice$2801 ($sdff) from module SOC (D = $flatten\bcd2bin0.\bcd2bin0.\count0.$sub$cores/bin2bcd/count.v:16$507_Y [4:0], Q = \bcd2bin0.bcd2bin0.count0.cont).
Adding SRST signal on $flatten\bcd2bin0.\bcd2bin0.\control0.$procdff$2114 ($dff) from module SOC (D = $flatten\bcd2bin0.\bcd2bin0.\control0.$2\count[5:0], Q = \bcd2bin0.bcd2bin0.control0.count, rval = 6'000000).
Adding EN signal on $auto$ff.cc:266:slice$2803 ($sdff) from module SOC (D = $flatten\bcd2bin0.\bcd2bin0.\control0.$2\count[5:0], Q = \bcd2bin0.bcd2bin0.control0.count).
Adding SRST signal on $flatten\bcd2bin0.$procdff$2174 ($dff) from module SOC (D = $flatten\bcd2bin0.$2\init[0:0], Q = \bcd2bin0.init, rval = 1'0).
Adding EN signal on $auto$ff.cc:266:slice$2807 ($sdff) from module SOC (D = \CPU.rs2 [0], Q = \bcd2bin0.init).
Adding SRST signal on $flatten\bcd2bin0.$procdff$2173 ($dff) from module SOC (D = $flatten\bcd2bin0.$2\A[19:0], Q = \bcd2bin0.A, rval = 20'00000000000000000000).
Adding EN signal on $auto$ff.cc:266:slice$2811 ($sdff) from module SOC (D = { \RAM.mem_wdata [19:8] \CPU.rs2 [7:0] }, Q = \bcd2bin0.A).
Adding SRST signal on $flatten\bcd2bin0.$procdff$2172 ($dff) from module SOC (D = $flatten\bcd2bin0.$2\d_out[31:0], Q = \bcd2bin0.d_out, rval = 0).
Adding EN signal on $auto$ff.cc:266:slice$2815 ($sdff) from module SOC (D = $flatten\bcd2bin0.$3\d_out[31:0], Q = \bcd2bin0.d_out).
Adding EN signal on $flatten\RAM.$procdff$2145 ($dff) from module SOC (D = $flatten\RAM.$memrd$\MEM$cores/bram/bram.v:22$298_DATA, Q = \RAM.mem_rdata).
Adding EN signal on $flatten\CPU.$procdff$2140 ($dff) from module SOC (D = $flatten\CPU.$0\aluShamt[4:0], Q = \CPU.aluShamt).
Adding EN signal on $flatten\CPU.$procdff$2139 ($dff) from module SOC (D = $flatten\CPU.$0\aluReg[31:0], Q = \CPU.aluReg).
Adding SRST signal on $flatten\CPU.$procdff$2138 ($dff) from module SOC (D = $flatten\CPU.$procmux$1619_Y, Q = \CPU.rs2, rval = 0).
Adding EN signal on $auto$ff.cc:266:slice$2838 ($sdff) from module SOC (D = $flatten\CPU.$memrd$\registerFile$cores/cpu/femtorv32_quark_V2.v:264$452_DATA, Q = \CPU.rs2).
Adding SRST signal on $flatten\CPU.$procdff$2137 ($dff) from module SOC (D = $flatten\CPU.$procmux$1629_Y, Q = \CPU.rs1, rval = 0).
Adding EN signal on $auto$ff.cc:266:slice$2840 ($sdff) from module SOC (D = $flatten\CPU.$memrd$\registerFile$cores/cpu/femtorv32_quark_V2.v:263$451_DATA, Q = \CPU.rs1).
Adding SRST signal on $flatten\CPU.$procdff$2136 ($dff) from module SOC (D = $flatten\CPU.$procmux$1637_Y, Q = \CPU.state, rval = 4'1000).
Adding EN signal on $auto$ff.cc:266:slice$2842 ($sdff) from module SOC (D = $flatten\CPU.$procmux$1637_Y [0], Q = \CPU.state [0]).
Adding EN signal on $flatten\CPU.$procdff$2135 ($dff) from module SOC (D = \CPU.mem_rdata [31:2], Q = \CPU.instr).
Adding SRST signal on $flatten\CPU.$procdff$2134 ($dff) from module SOC (D = $flatten\CPU.$procmux$1658_Y, Q = \CPU.PC, rval = 24'000000000000000000000000).
Adding EN signal on $auto$ff.cc:266:slice$2850 ($sdff) from module SOC (D = $flatten\CPU.$ternary$cores/cpu/femtorv32_quark_V2.v:271$454_Y, Q = \CPU.PC).
Adding SRST signal on $flatten\CPU.$procdff$2133 ($dff) from module SOC (D = $flatten\CPU.$add$cores/cpu/femtorv32_quark_V2.v:294$463_Y, Q = \CPU.cycles, rval = 0).

47.14.7. Executing OPT_CLEAN pass (remove unused cells and wires).
Finding unused cells or wires in module \SOC..
Removed 124 unused cells and 204 unused wires.

47.14.8. Executing OPT_EXPR pass (perform const folding).
Optimizing module SOC.

47.14.9. Rerunning OPT passes. (Maybe there is more to do..)

47.14.10. Executing OPT_MUXTREE pass (detect dead branches in mux trees).
Running muxtree optimizer on module \SOC..
  Creating internal representation of mux trees.
  Evaluating internal representation of mux trees.
  Analyzing evaluation results.
Removed 0 multiplexer ports.

47.14.11. Executing OPT_REDUCE pass (consolidate $*mux and $reduce_* inputs).
  Optimizing cells in module \SOC.
Performed a total of 0 changes.

47.14.12. Executing OPT_MERGE pass (detect identical cells).
Finding identical cells in module `\SOC'.
Removed a total of 7 cells.

47.14.13. Executing OPT_DFF pass (perform DFF optimizations).

47.14.14. Executing OPT_CLEAN pass (remove unused cells and wires).
Finding unused cells or wires in module \SOC..
Removed 0 unused cells and 7 unused wires.

47.14.15. Executing OPT_EXPR pass (perform const folding).
Optimizing module SOC.

47.14.16. Rerunning OPT passes. (Maybe there is more to do..)

47.14.17. Executing OPT_MUXTREE pass (detect dead branches in mux trees).
Running muxtree optimizer on module \SOC..
  Creating internal representation of mux trees.
  Evaluating internal representation of mux trees.
  Analyzing evaluation results.
Removed 0 multiplexer ports.

47.14.18. Executing OPT_REDUCE pass (consolidate $*mux and $reduce_* inputs).
  Optimizing cells in module \SOC.
Performed a total of 0 changes.

47.14.19. Executing OPT_MERGE pass (detect identical cells).
Finding identical cells in module `\SOC'.
Removed a total of 0 cells.

47.14.20. Executing OPT_DFF pass (perform DFF optimizations).

47.14.21. Executing OPT_CLEAN pass (remove unused cells and wires).
Finding unused cells or wires in module \SOC..

47.14.22. Executing OPT_EXPR pass (perform const folding).
Optimizing module SOC.

47.14.23. Finished OPT passes. (There is nothing left to do.)

47.15. Executing WREDUCE pass (reducing word size of cells).
Removed top 27 address bits (of 32) from memory init port SOC.$flatten\CPU.$auto$proc_memwr.cc:45:proc_memwr$2179 (CPU.registerFile).
Removed top 27 address bits (of 32) from memory init port SOC.$flatten\CPU.$meminit$\registerFile$cores/cpu/femtorv32_quark_V2.v:301$464 (CPU.registerFile).
Removed top 19 address bits (of 30) from memory init port SOC.$flatten\RAM.$auto$proc_memwr.cc:45:proc_memwr$2181 (RAM.MEM).
Removed top 19 address bits (of 30) from memory init port SOC.$flatten\RAM.$auto$proc_memwr.cc:45:proc_memwr$2182 (RAM.MEM).
Removed top 19 address bits (of 30) from memory init port SOC.$flatten\RAM.$auto$proc_memwr.cc:45:proc_memwr$2183 (RAM.MEM).
Removed top 19 address bits (of 30) from memory init port SOC.$flatten\RAM.$auto$proc_memwr.cc:45:proc_memwr$2184 (RAM.MEM).
Removed top 21 address bits (of 32) from memory init port SOC.$flatten\RAM.$meminit$\MEM$cores/bram/bram.v:0$311 (RAM.MEM).
Removed top 19 address bits (of 30) from memory read port SOC.$flatten\RAM.$memrd$\MEM$cores/bram/bram.v:22$298 (RAM.MEM).
Removed top 26 address bits (of 32) from memory init port SOC.$flatten\ws2812_0.\ws2812_LED0.\mem0.$meminit$\MEM$cores/ws2812/led_mem.v:0$499 (ws2812_0.ws2812_LED0.mem0.MEM).
Removed top 7 bits (of 9) from port B of cell SOC.$procmux$2052_CMP0 ($eq).
Removed top 6 bits (of 9) from port B of cell SOC.$procmux$2053_CMP0 ($eq).
Removed top 5 bits (of 9) from port B of cell SOC.$procmux$2054_CMP0 ($eq).
Removed top 4 bits (of 9) from port B of cell SOC.$procmux$2055_CMP0 ($eq).
Removed top 3 bits (of 9) from port B of cell SOC.$procmux$2056_CMP0 ($eq).
Removed top 1 bits (of 9) from port B of cell SOC.$procmux$2057_CMP0 ($eq).
Removed top 1 bits (of 8) from port B of cell SOC.$procmux$2062_CMP0 ($eq).
Removed top 1 bits (of 8) from port B of cell SOC.$procmux$2063_CMP0 ($eq).
Removed top 1 bits (of 8) from port B of cell SOC.$procmux$2064_CMP0 ($eq).
Removed top 1 bits (of 8) from port B of cell SOC.$procmux$2065_CMP0 ($eq).
Removed top 1 bits (of 8) from port B of cell SOC.$procmux$2066_CMP0 ($eq).
Removed top 1 bits (of 8) from port B of cell SOC.$procmux$2067_CMP0 ($eq).
Removed top 1 bits (of 8) from port B of cell SOC.$procmux$2068_CMP0 ($eq).
Removed top 1 bits (of 8) from port B of cell SOC.$procmux$2069_CMP0 ($eq).
Removed top 31 bits (of 32) from port B of cell SOC.$flatten\CPU.$add$cores/cpu/femtorv32_quark_V2.v:294$463 ($add).
Removed top 28 bits (of 32) from mux cell SOC.$flatten\CPU.$ternary$cores/cpu/femtorv32_quark_V2.v:274$455 ($mux).
Removed top 2 bits (of 4) from mux cell SOC.$flatten\CPU.$ternary$cores/cpu/femtorv32_quark_V2.v:224$433 ($mux).
Removed top 31 bits (of 32) from port B of cell SOC.$flatten\CPU.$sub$cores/cpu/femtorv32_quark_V2.v:206$414 ($sub).
Removed top 27 bits (of 32) from port Y of cell SOC.$flatten\CPU.$sub$cores/cpu/femtorv32_quark_V2.v:206$414 ($sub).
Removed top 8 bits (of 32) from mux cell SOC.$flatten\CPU.$ternary$cores/cpu/femtorv32_quark_V2.v:176$390 ($mux).
Removed top 8 bits (of 32) from mux cell SOC.$flatten\CPU.$ternary$cores/cpu/femtorv32_quark_V2.v:175$387 ($mux).
Removed top 29 bits (of 32) from port B of cell SOC.$flatten\CPU.$add$cores/cpu/femtorv32_quark_V2.v:165$377 ($add).
Removed top 8 bits (of 32) from port Y of cell SOC.$flatten\CPU.$add$cores/cpu/femtorv32_quark_V2.v:165$377 ($add).
Removed top 31 bits (of 32) from mux cell SOC.$flatten\CPU.$ternary$cores/cpu/femtorv32_quark_V2.v:154$361 ($mux).
Removed top 31 bits (of 32) from mux cell SOC.$flatten\CPU.$ternary$cores/cpu/femtorv32_quark_V2.v:153$359 ($mux).
Removed top 1 bits (of 2) from port B of cell SOC.$flatten\CPU.$eq$cores/cpu/femtorv32_quark_V2.v:135$345 ($eq).
Removed top 19 bits (of 24) from mux cell SOC.$flatten\CPU.$ternary$cores/cpu/femtorv32_quark_V2.v:124$338 ($mux).
Removed top 32 bits (of 33) from port B of cell SOC.$flatten\CPU.$add$cores/cpu/femtorv32_quark_V2.v:115$334 ($add).
Removed top 1 bits (of 33) from port B of cell SOC.$flatten\CPU.$add$cores/cpu/femtorv32_quark_V2.v:115$333 ($add).
Removed top 1 bits (of 5) from port B of cell SOC.$flatten\CPU.$eq$cores/cpu/femtorv32_quark_V2.v:86$322 ($eq).
Removed top 1 bits (of 5) from port B of cell SOC.$flatten\CPU.$eq$cores/cpu/femtorv32_quark_V2.v:85$321 ($eq).
Removed top 1 bits (of 5) from port B of cell SOC.$flatten\CPU.$eq$cores/cpu/femtorv32_quark_V2.v:84$320 ($eq).
Removed top 2 bits (of 5) from port B of cell SOC.$flatten\CPU.$eq$cores/cpu/femtorv32_quark_V2.v:83$319 ($eq).
Removed top 2 bits (of 5) from port B of cell SOC.$flatten\CPU.$eq$cores/cpu/femtorv32_quark_V2.v:82$318 ($eq).
Removed top 7 bits (of 8) from port A of cell SOC.$flatten\CPU.$shl$cores/cpu/femtorv32_quark_V2.v:69$316 ($shl).
Removed top 19 bits (of 30) from mux cell SOC.$flatten\RAM.$procmux$1772 ($mux).
Removed top 19 bits (of 30) from mux cell SOC.$flatten\RAM.$procmux$1763 ($mux).
Removed top 19 bits (of 30) from mux cell SOC.$flatten\RAM.$procmux$1754 ($mux).
Removed top 19 bits (of 30) from mux cell SOC.$flatten\RAM.$procmux$1745 ($mux).
Removed top 31 bits (of 32) from port B of cell SOC.$flatten\per_uart.\uart0.$sub$cores/uart/uart.v:39$470 ($sub).
Removed top 16 bits (of 32) from port Y of cell SOC.$flatten\per_uart.\uart0.$sub$cores/uart/uart.v:39$470 ($sub).
Removed top 31 bits (of 32) from port B of cell SOC.$flatten\per_uart.\uart0.$add$cores/uart/uart.v:88$476 ($add).
Removed top 28 bits (of 32) from port Y of cell SOC.$flatten\per_uart.\uart0.$add$cores/uart/uart.v:88$476 ($add).
Removed top 31 bits (of 32) from port B of cell SOC.$flatten\per_uart.\uart0.$add$cores/uart/uart.v:91$478 ($add).
Removed top 28 bits (of 32) from port Y of cell SOC.$flatten\per_uart.\uart0.$add$cores/uart/uart.v:91$478 ($add).
Removed top 31 bits (of 32) from port B of cell SOC.$flatten\per_uart.\uart0.$add$cores/uart/uart.v:137$484 ($add).
Removed top 28 bits (of 32) from port Y of cell SOC.$flatten\per_uart.\uart0.$add$cores/uart/uart.v:137$484 ($add).
Removed top 31 bits (of 32) from port B of cell SOC.$flatten\per_uart.\uart0.$add$cores/uart/uart.v:140$487 ($add).
Removed top 28 bits (of 32) from port Y of cell SOC.$flatten\per_uart.\uart0.$add$cores/uart/uart.v:140$487 ($add).
Removed top 1 bits (of 2) from port B of cell SOC.$flatten\per_uart.$procmux$1779_CMP0 ($eq).
Removed top 22 bits (of 32) from mux cell SOC.$flatten\per_uart.$procmux$1777 ($pmux).
Removed top 5 bits (of 8) from mux cell SOC.$flatten\per_uart.$ternary$cores/uart/perip_uart.v:40$276 ($mux).
Removed top 1 bits (of 2) from mux cell SOC.$flatten\per_uart.$ternary$cores/uart/perip_uart.v:31$270 ($mux).
Removed top 1 bits (of 2) from port B of cell SOC.$auto$fsm_map.cc:77:implement_pattern_cache$2515 ($eq).
Removed top 1 bits (of 2) from port B of cell SOC.$auto$fsm_map.cc:77:implement_pattern_cache$2500 ($eq).
Removed top 1 bits (of 2) from port B of cell SOC.$auto$fsm_map.cc:77:implement_pattern_cache$2487 ($eq).
Removed top 31 bits (of 32) from port B of cell SOC.$flatten\mult1.\mult1.\control0.$add$cores/mult_ASM/control_mult.v:84$548 ($add).
Removed top 28 bits (of 32) from port Y of cell SOC.$flatten\mult1.\mult1.\control0.$add$cores/mult_ASM/control_mult.v:84$548 ($add).
Removed top 2 bits (of 3) from port B of cell SOC.$auto$opt_dff.cc:195:make_patterns_logic$2794 ($ne).
Removed top 16 bits (of 32) from mux cell SOC.$flatten\mult1.\mult1.\lsr0.$procmux$865 ($mux).
Removed top 16 bits (of 32) from mux cell SOC.$flatten\mult1.\mult1.\lsr0.$procmux$859 ($mux).
Removed top 1 bits (of 4) from port B of cell SOC.$auto$opt_dff.cc:195:make_patterns_logic$2824 ($ne).
Removed top 2 bits (of 3) from port B of cell SOC.$auto$opt_dff.cc:195:make_patterns_logic$2797 ($ne).
Removed top 1 bits (of 3) from port B of cell SOC.$flatten\mult1.\mult1.\control0.$procmux$915_CMP0 ($eq).
Removed top 2 bits (of 3) from mux cell SOC.$flatten\mult1.\mult1.\control0.$procmux$905 ($mux).
Removed top 2 bits (of 3) from port B of cell SOC.$flatten\mult1.\mult1.\control0.$procmux$895_CMP0 ($eq).
Removed top 2 bits (of 3) from mux cell SOC.$flatten\mult1.\mult1.\control0.$procmux$892 ($mux).
Removed top 1 bits (of 3) from port B of cell SOC.$flatten\mult1.\mult1.\control0.$procmux$883_CMP0 ($eq).
Removed top 28 bits (of 32) from port B of cell SOC.$flatten\mult1.\mult1.\control0.$gt$cores/mult_ASM/control_mult.v:85$549 ($gt).
Removed top 1 bits (of 5) from port B of cell SOC.$flatten\mult1.$procmux$1836_CMP0 ($eq).
Removed top 2 bits (of 3) from port B of cell SOC.$auto$opt_dff.cc:195:make_patterns_logic$2826 ($ne).
Removed top 1 bits (of 5) from port B of cell SOC.$flatten\mult1.$procmux$1788_CMP0 ($eq).
Removed top 1 bits (of 2) from port B of cell SOC.$auto$fsm_map.cc:77:implement_pattern_cache$2335 ($eq).
Removed top 1 bits (of 2) from port B of cell SOC.$auto$fsm_map.cc:77:implement_pattern_cache$2537 ($eq).
Removed top 1 bits (of 2) from port B of cell SOC.$auto$fsm_map.cc:77:implement_pattern_cache$2311 ($eq).
Removed top 31 bits (of 32) from port B of cell SOC.$flatten\sqrt1.\sqrt0.\count0.$sub$cores/sqrt_ASM/count.v:16$536 ($sub).
Removed top 28 bits (of 32) from port Y of cell SOC.$flatten\sqrt1.\sqrt0.\count0.$sub$cores/sqrt_ASM/count.v:16$536 ($sub).
Removed top 15 bits (of 16) from mux cell SOC.$flatten\sqrt1.\sqrt0.\lsr_R.$procmux$1002 ($mux).
Removed top 15 bits (of 16) from mux cell SOC.$flatten\sqrt1.\sqrt0.\lsr_R.$procmux$1000 ($mux).
Removed top 1 bits (of 16) from FF cell SOC.$auto$ff.cc:266:slice$2598 ($sdffe).
Removed top 31 bits (of 32) from port B of cell SOC.$flatten\sqrt1.\sqrt0.\addsub0.$add$cores/sqrt_ASM/addc2.v:8$544 ($add).
Removed top 16 bits (of 32) from port Y of cell SOC.$flatten\sqrt1.\sqrt0.\addsub0.$add$cores/sqrt_ASM/addc2.v:8$544 ($add).
Removed top 16 bits (of 32) from port A of cell SOC.$flatten\sqrt1.\sqrt0.\addsub0.$add$cores/sqrt_ASM/addc2.v:8$544 ($add).
Removed top 16 bits (of 32) from port Y of cell SOC.$flatten\sqrt1.\sqrt0.\addsub0.$add$cores/sqrt_ASM/addc2.v:8$543 ($add).
Removed top 16 bits (of 32) from port B of cell SOC.$flatten\sqrt1.\sqrt0.\addsub0.$add$cores/sqrt_ASM/addc2.v:8$543 ($add).
Removed top 16 bits (of 32) from port A of cell SOC.$flatten\sqrt1.\sqrt0.\addsub0.$not$cores/sqrt_ASM/addc2.v:8$542 ($not).
Removed top 16 bits (of 32) from port Y of cell SOC.$flatten\sqrt1.\sqrt0.\addsub0.$not$cores/sqrt_ASM/addc2.v:8$542 ($not).
Removed top 31 bits (of 32) from mux cell SOC.$flatten\sqrt1.\sqrt0.\count0.$ternary$cores/sqrt_ASM/count.v:20$538 ($mux).
Removed top 2 bits (of 3) from port B of cell SOC.$auto$opt_dff.cc:195:make_patterns_logic$2785 ($ne).
Removed top 1 bits (of 2) from port B of cell SOC.$auto$fsm_map.cc:77:implement_pattern_cache$2425 ($eq).
Removed top 27 bits (of 32) from port B of cell SOC.$flatten\sqrt1.\sqrt0.\control0.$gt$cores/sqrt_ASM/control.v:77$532 ($gt).
Removed top 31 bits (of 32) from port B of cell SOC.$flatten\sqrt1.\sqrt0.\control0.$add$cores/sqrt_ASM/control.v:76$531 ($add).
Removed top 24 bits (of 32) from port Y of cell SOC.$flatten\sqrt1.\sqrt0.\control0.$add$cores/sqrt_ASM/control.v:76$531 ($add).
Removed top 2 bits (of 3) from port B of cell SOC.$auto$opt_dff.cc:195:make_patterns_logic$2788 ($ne).
Removed top 2 bits (of 3) from port B of cell SOC.$auto$opt_dff.cc:195:make_patterns_logic$2791 ($ne).
Removed top 1 bits (of 5) from port B of cell SOC.$flatten\sqrt1.$procmux$1847_CMP0 ($eq).
Removed top 1 bits (of 2) from port B of cell SOC.$auto$fsm_map.cc:77:implement_pattern_cache$2470 ($eq).
Removed top 1 bits (of 2) from port B of cell SOC.$auto$fsm_map.cc:77:implement_pattern_cache$2455 ($eq).
Removed top 1 bits (of 2) from port B of cell SOC.$auto$fsm_map.cc:77:implement_pattern_cache$2446 ($eq).
Removed top 31 bits (of 32) from port B of cell SOC.$flatten\bin2bcd0.\bin2bcd0.\count0.$sub$cores/bin2bcd/count.v:16$507 ($sub).
Removed top 27 bits (of 32) from port Y of cell SOC.$flatten\bin2bcd0.\bin2bcd0.\count0.$sub$cores/bin2bcd/count.v:16$507 ($sub).
Removed top 31 bits (of 32) from port B of cell SOC.$flatten\bin2bcd0.\bin2bcd0.\control0.$add$cores/bin2bcd/ctrl_b2b.v:63$502 ($add).
Removed top 26 bits (of 32) from port Y of cell SOC.$flatten\bin2bcd0.\bin2bcd0.\control0.$add$cores/bin2bcd/ctrl_b2b.v:63$502 ($add).
Removed top 31 bits (of 32) from mux cell SOC.$flatten\bin2bcd0.\bin2bcd0.\count0.$ternary$cores/bin2bcd/count.v:20$509 ($mux).
Removed top 27 bits (of 32) from port B of cell SOC.$flatten\bin2bcd0.\bin2bcd0.\control0.$gt$cores/bin2bcd/ctrl_b2b.v:64$503 ($gt).
Removed top 1 bits (of 5) from port B of cell SOC.$flatten\bin2bcd0.$procmux$1896_CMP0 ($eq).
Removed top 1 bits (of 2) from port B of cell SOC.$auto$fsm_map.cc:77:implement_pattern_cache$2281 ($eq).
Removed top 1 bits (of 2) from port B of cell SOC.$auto$fsm_map.cc:77:implement_pattern_cache$2290 ($eq).
Removed top 1 bits (of 2) from port B of cell SOC.$auto$fsm_map.cc:77:implement_pattern_cache$2326 ($eq).
Removed top 1 bits (of 4) from mux cell SOC.$flatten\bcd2bin0.\bcd2bin0.\mux0.$procmux$1215 ($mux).
Removed top 31 bits (of 32) from port B of cell SOC.$flatten\bcd2bin0.\bcd2bin0.\count0.$sub$cores/bin2bcd/count.v:16$507 ($sub).
Removed top 27 bits (of 32) from port Y of cell SOC.$flatten\bcd2bin0.\bcd2bin0.\count0.$sub$cores/bin2bcd/count.v:16$507 ($sub).
Removed top 31 bits (of 32) from port B of cell SOC.$flatten\bcd2bin0.\bcd2bin0.\control0.$add$cores/bin2bcd/ctrl_b2b.v:63$502 ($add).
Removed top 26 bits (of 32) from port Y of cell SOC.$flatten\bcd2bin0.\bcd2bin0.\control0.$add$cores/bin2bcd/ctrl_b2b.v:63$502 ($add).
Removed top 31 bits (of 32) from mux cell SOC.$flatten\bcd2bin0.\bcd2bin0.\count0.$ternary$cores/bin2bcd/count.v:20$509 ($mux).
Removed top 27 bits (of 32) from port B of cell SOC.$flatten\bcd2bin0.\bcd2bin0.\control0.$gt$cores/bin2bcd/ctrl_b2b.v:64$503 ($gt).
Removed top 2 bits (of 5) from port B of cell SOC.$flatten\bcd2bin0.$procmux$1984_CMP0 ($eq).
Removed top 1 bits (of 5) from port B of cell SOC.$flatten\bcd2bin0.$procmux$1983_CMP0 ($eq).
Removed top 1 bits (of 5) from port B of cell SOC.$flatten\bcd2bin0.$procmux$1945_CMP0 ($eq).
Removed top 1 bits (of 2) from port B of cell SOC.$auto$opt_dff.cc:195:make_patterns_logic$2651 ($ne).
Removed top 1 bits (of 2) from port B of cell SOC.$auto$opt_dff.cc:195:make_patterns_logic$2653 ($ne).
Removed top 31 bits (of 32) from port B of cell SOC.$flatten\ws2812_0.\ws2812_LED0.\count0.$add$cores/ws2812/count_addr_arr.v:12$496 ($add).
Removed top 26 bits (of 32) from port Y of cell SOC.$flatten\ws2812_0.\ws2812_LED0.\count0.$add$cores/ws2812/count_addr_arr.v:12$496 ($add).
Removed top 1 bits (of 2) from port B of cell SOC.$auto$fsm_map.cc:77:implement_pattern_cache$2397 ($eq).
Removed top 1 bits (of 2) from port B of cell SOC.$flatten\ws2812_0.\ws2812_LED0.\ws2812_0.\ws28120.\mux0.$procmux$615_CMP0 ($eq).
Removed top 1 bits (of 2) from port B of cell SOC.$auto$fsm_map.cc:77:implement_pattern_cache$2384 ($eq).
Removed top 1 bits (of 2) from port B of cell SOC.$flatten\ws2812_0.\ws2812_LED0.\ws2812_0.\ws28120.\ctrl0.$procmux$707_CMP0 ($eq).
Removed top 1 bits (of 2) from port B of cell SOC.$auto$fsm_map.cc:77:implement_pattern_cache$2380 ($eq).
Removed top 1 bits (of 2) from port B of cell SOC.$auto$fsm_map.cc:77:implement_pattern_cache$2375 ($eq).
Removed top 31 bits (of 32) from port B of cell SOC.$flatten\ws2812_0.\ws2812_LED0.\ws2812_0.\ws28120.\count0.$add$cores/ws2812/count_ws.v:12$579 ($add).
Removed top 21 bits (of 32) from port Y of cell SOC.$flatten\ws2812_0.\ws2812_LED0.\ws2812_0.\ws28120.\count0.$add$cores/ws2812/count_ws.v:12$579 ($add).
Removed top 31 bits (of 32) from port B of cell SOC.$flatten\ws2812_0.\ws2812_LED0.\ws2812_0.\count0.$sub$cores/ws2812/count_wsled.v:17$566 ($sub).
Removed top 27 bits (of 32) from port Y of cell SOC.$flatten\ws2812_0.\ws2812_LED0.\ws2812_0.\count0.$sub$cores/ws2812/count_wsled.v:17$566 ($sub).
Removed top 1 bits (of 2) from port B of cell SOC.$auto$fsm_map.cc:77:implement_pattern_cache$2356 ($eq).
Removed top 15 bits (of 16) from FF cell SOC.$auto$ff.cc:266:slice$2588 ($sdffe).
Removed top 1 bits (of 5) from port B of cell SOC.$flatten\ws2812_0.$procmux$1994_CMP0 ($eq).
Removed top 5 bits (of 7) from FF cell SOC.$auto$ff.cc:266:slice$2684 ($dffe).
Removed top 27 bits (of 32) from wire SOC.$flatten\CPU.$sub$cores/cpu/femtorv32_quark_V2.v:206$414_Y.
Removed top 31 bits (of 32) from wire SOC.$flatten\CPU.$ternary$cores/cpu/femtorv32_quark_V2.v:153$359_Y.
Removed top 31 bits (of 32) from wire SOC.$flatten\CPU.$ternary$cores/cpu/femtorv32_quark_V2.v:154$361_Y.
Removed top 8 bits (of 32) from wire SOC.$flatten\CPU.$ternary$cores/cpu/femtorv32_quark_V2.v:175$387_Y.
Removed top 8 bits (of 32) from wire SOC.$flatten\CPU.$ternary$cores/cpu/femtorv32_quark_V2.v:176$390_Y.
Removed top 2 bits (of 4) from wire SOC.$flatten\CPU.$ternary$cores/cpu/femtorv32_quark_V2.v:224$433_Y.
Removed top 28 bits (of 32) from wire SOC.$flatten\CPU.$ternary$cores/cpu/femtorv32_quark_V2.v:274$455_Y.
Removed top 19 bits (of 30) from wire SOC.$flatten\RAM.$0$memwr$\MEM$cores/bram/bram.v:24$281_ADDR[29:0]$286.
Removed top 24 bits (of 32) from wire SOC.$flatten\RAM.$0$memwr$\MEM$cores/bram/bram.v:24$281_EN[31:0]$288.
Removed top 19 bits (of 30) from wire SOC.$flatten\RAM.$0$memwr$\MEM$cores/bram/bram.v:25$282_ADDR[29:0]$289.
Removed top 16 bits (of 32) from wire SOC.$flatten\RAM.$0$memwr$\MEM$cores/bram/bram.v:25$282_EN[31:0]$291.
Removed top 19 bits (of 30) from wire SOC.$flatten\RAM.$0$memwr$\MEM$cores/bram/bram.v:26$283_ADDR[29:0]$292.
Removed top 8 bits (of 32) from wire SOC.$flatten\RAM.$0$memwr$\MEM$cores/bram/bram.v:26$283_EN[31:0]$294.
Removed top 19 bits (of 30) from wire SOC.$flatten\RAM.$0$memwr$\MEM$cores/bram/bram.v:27$284_ADDR[29:0]$295.
Removed top 26 bits (of 32) from wire SOC.$flatten\bcd2bin0.\bcd2bin0.\control0.$add$cores/bin2bcd/ctrl_b2b.v:63$502_Y.
Removed top 27 bits (of 32) from wire SOC.$flatten\bcd2bin0.\bcd2bin0.\count0.$sub$cores/bin2bcd/count.v:16$507_Y.
Removed top 26 bits (of 32) from wire SOC.$flatten\bin2bcd0.\bin2bcd0.\control0.$add$cores/bin2bcd/ctrl_b2b.v:63$502_Y.
Removed top 27 bits (of 32) from wire SOC.$flatten\bin2bcd0.\bin2bcd0.\count0.$sub$cores/bin2bcd/count.v:16$507_Y.
Removed top 20 bits (of 36) from wire SOC.$flatten\bin2bcd0.\bin2bcd0.\lsr40.$0\data[35:0].
Removed top 1 bits (of 4) from wire SOC.$flatten\bin2bcd0.\bin2bcd0.\lsr40.$procmux$1122_Y.
Removed top 1 bits (of 4) from wire SOC.$flatten\bin2bcd0.\bin2bcd0.\lsr40.$procmux$1125_Y.
Removed top 1 bits (of 4) from wire SOC.$flatten\bin2bcd0.\bin2bcd0.\lsr40.$procmux$1130_Y.
Removed top 1 bits (of 4) from wire SOC.$flatten\bin2bcd0.\bin2bcd0.\lsr40.$procmux$1133_Y.
Removed top 1 bits (of 4) from wire SOC.$flatten\bin2bcd0.\bin2bcd0.\lsr40.$procmux$1138_Y.
Removed top 1 bits (of 4) from wire SOC.$flatten\bin2bcd0.\bin2bcd0.\lsr40.$procmux$1141_Y.
Removed top 1 bits (of 4) from wire SOC.$flatten\bin2bcd0.\bin2bcd0.\lsr40.$procmux$1146_Y.
Removed top 1 bits (of 4) from wire SOC.$flatten\bin2bcd0.\bin2bcd0.\lsr40.$procmux$1149_Y.
Removed top 2 bits (of 3) from wire SOC.$flatten\mult1.\mult1.\control0.$3\state[2:0].
Removed top 2 bits (of 3) from wire SOC.$flatten\mult1.\mult1.\control0.$4\state[2:0].
Removed top 28 bits (of 32) from wire SOC.$flatten\mult1.\mult1.\control0.$add$cores/mult_ASM/control_mult.v:84$548_Y.
Removed top 16 bits (of 32) from wire SOC.$flatten\mult1.\mult1.\lsr0.$0\s_A[31:0].
Removed top 16 bits (of 32) from wire SOC.$flatten\mult1.\mult1.\lsr0.$2\s_A[31:0].
Removed top 22 bits (of 32) from wire SOC.$flatten\per_uart.$0\d_out[31:0].
Removed top 5 bits (of 8) from wire SOC.$flatten\per_uart.$0\uart_ctrl[7:0].
Removed top 1 bits (of 2) from wire SOC.$flatten\per_uart.$ternary$cores/uart/perip_uart.v:31$270_Y.
Removed top 28 bits (of 32) from wire SOC.$flatten\per_uart.\uart0.$add$cores/uart/uart.v:137$484_Y.
Removed top 28 bits (of 32) from wire SOC.$flatten\per_uart.\uart0.$add$cores/uart/uart.v:88$476_Y.
Removed top 16 bits (of 32) from wire SOC.$flatten\per_uart.\uart0.$sub$cores/uart/uart.v:39$470_Y.
Removed top 16 bits (of 32) from wire SOC.$flatten\sqrt1.\sqrt0.\addsub0.$add$cores/sqrt_ASM/addc2.v:8$543_Y.
Removed top 24 bits (of 32) from wire SOC.$flatten\sqrt1.\sqrt0.\control0.$add$cores/sqrt_ASM/control.v:76$531_Y.
Removed top 16 bits (of 32) from wire SOC.$flatten\sqrt1.\sqrt0.\lsr20.$0\data[31:0].
Removed top 15 bits (of 16) from wire SOC.$flatten\sqrt1.\sqrt0.\lsr_R.$procmux$1000_Y.
Removed top 15 bits (of 16) from wire SOC.$flatten\sqrt1.\sqrt0.\lsr_R.$procmux$1002_Y.
Removed top 26 bits (of 32) from wire SOC.$flatten\ws2812_0.\ws2812_LED0.\count0.$add$cores/ws2812/count_addr_arr.v:12$496_Y.
Removed top 27 bits (of 32) from wire SOC.$flatten\ws2812_0.\ws2812_LED0.\ws2812_0.\count0.$sub$cores/ws2812/count_wsled.v:17$566_Y.
Removed top 6 bits (of 24) from wire SOC.$flatten\ws2812_0.\ws2812_LED0.\ws2812_0.\lsr0.$0\s_A[23:0].
Removed top 21 bits (of 32) from wire SOC.$flatten\ws2812_0.\ws2812_LED0.\ws2812_0.\ws28120.\count0.$add$cores/ws2812/count_ws.v:12$579_Y.
Removed top 8 bits (of 32) from wire SOC.mem_addr.

47.16. Executing PEEPOPT pass (run peephole optimizers).

47.17. Executing OPT_CLEAN pass (remove unused cells and wires).
Finding unused cells or wires in module \SOC..
Removed 0 unused cells and 54 unused wires.

47.18. Executing SHARE pass (SAT-based resource sharing).

47.19. Executing TECHMAP pass (map to technology primitives).

47.19.1. Executing Verilog-2005 frontend: /home/miguelangel-garcia/miniconda3/envs/digital/bin/../share/yosys/cmp2lut.v
Parsing Verilog input from `/home/miguelangel-garcia/miniconda3/envs/digital/bin/../share/yosys/cmp2lut.v' to AST representation.
Generating RTLIL representation for module `\_90_lut_cmp_'.
Successfully finished Verilog frontend.

47.19.2. Continuing TECHMAP pass.
Using template $paramod$c587df7f4d6fcb3f617e4a17538ea7914983f3cc\_90_lut_cmp_ for cells of type $gt.
No more expansions possible.

47.20. Executing OPT_EXPR pass (perform const folding).
Optimizing module SOC.

47.21. Executing OPT_CLEAN pass (remove unused cells and wires).
Finding unused cells or wires in module \SOC..
Removed 0 unused cells and 3 unused wires.

47.22. Executing TECHMAP pass (map to technology primitives).

47.22.1. Executing Verilog-2005 frontend: /home/miguelangel-garcia/miniconda3/envs/digital/bin/../share/yosys/mul2dsp.v
Parsing Verilog input from `/home/miguelangel-garcia/miniconda3/envs/digital/bin/../share/yosys/mul2dsp.v' to AST representation.
Generating RTLIL representation for module `\_80_mul'.
Generating RTLIL representation for module `\_90_soft_mul'.
Successfully finished Verilog frontend.

47.22.2. Executing Verilog-2005 frontend: /home/miguelangel-garcia/miniconda3/envs/digital/bin/../share/yosys/ecp5/dsp_map.v
Parsing Verilog input from `/home/miguelangel-garcia/miniconda3/envs/digital/bin/../share/yosys/ecp5/dsp_map.v' to AST representation.
Generating RTLIL representation for module `\$__MUL18X18'.
Successfully finished Verilog frontend.

47.22.3. Continuing TECHMAP pass.
No more expansions possible.

47.23. Executing ALUMACC pass (create $alu and $macc cells).
Extracting $alu and $macc cells in module SOC:
  creating $macc model for $flatten\CPU.$add$cores/cpu/femtorv32_quark_V2.v:110$331 ($add).
  creating $macc model for $flatten\CPU.$add$cores/cpu/femtorv32_quark_V2.v:115$333 ($add).
  creating $macc model for $flatten\CPU.$add$cores/cpu/femtorv32_quark_V2.v:115$334 ($add).
  creating $macc model for $flatten\CPU.$add$cores/cpu/femtorv32_quark_V2.v:123$339 ($add).
  creating $macc model for $flatten\CPU.$add$cores/cpu/femtorv32_quark_V2.v:161$376 ($add).
  creating $macc model for $flatten\CPU.$add$cores/cpu/femtorv32_quark_V2.v:165$377 ($add).
  creating $macc model for $flatten\CPU.$add$cores/cpu/femtorv32_quark_V2.v:294$463 ($add).
  creating $macc model for $flatten\CPU.$sub$cores/cpu/femtorv32_quark_V2.v:206$414 ($sub).
  creating $macc model for $flatten\bcd2bin0.\bcd2bin0.\comp0.$add$cores/bin2bcd/add_sub_c2.v:8$515 ($add).
  creating $macc model for $flatten\bcd2bin0.\bcd2bin0.\comp1.$add$cores/bin2bcd/add_sub_c2.v:8$515 ($add).
  creating $macc model for $flatten\bcd2bin0.\bcd2bin0.\comp2.$add$cores/bin2bcd/add_sub_c2.v:8$515 ($add).
  creating $macc model for $flatten\bcd2bin0.\bcd2bin0.\comp3.$add$cores/bin2bcd/add_sub_c2.v:8$515 ($add).
  creating $macc model for $flatten\bcd2bin0.\bcd2bin0.\comp4.$add$cores/bin2bcd/add_sub_c2.v:8$515 ($add).
  creating $macc model for $flatten\bcd2bin0.\bcd2bin0.\control0.$add$cores/bin2bcd/ctrl_b2b.v:63$502 ($add).
  creating $macc model for $flatten\bcd2bin0.\bcd2bin0.\count0.$sub$cores/bin2bcd/count.v:16$507 ($sub).
  creating $macc model for $flatten\bin2bcd0.\bin2bcd0.\comp0.$add$cores/bin2bcd/add_sub_c2.v:8$515 ($add).
  creating $macc model for $flatten\bin2bcd0.\bin2bcd0.\comp1.$add$cores/bin2bcd/add_sub_c2.v:8$515 ($add).
  creating $macc model for $flatten\bin2bcd0.\bin2bcd0.\comp2.$add$cores/bin2bcd/add_sub_c2.v:8$515 ($add).
  creating $macc model for $flatten\bin2bcd0.\bin2bcd0.\comp3.$add$cores/bin2bcd/add_sub_c2.v:8$515 ($add).
  creating $macc model for $flatten\bin2bcd0.\bin2bcd0.\comp4.$add$cores/bin2bcd/add_sub_c2.v:8$515 ($add).
  creating $macc model for $flatten\bin2bcd0.\bin2bcd0.\control0.$add$cores/bin2bcd/ctrl_b2b.v:63$502 ($add).
  creating $macc model for $flatten\bin2bcd0.\bin2bcd0.\count0.$sub$cores/bin2bcd/count.v:16$507 ($sub).
  creating $macc model for $flatten\mult1.\mult1.\acc0.$add$cores/mult_ASM/acc.v:15$553 ($add).
  creating $macc model for $flatten\mult1.\mult1.\control0.$add$cores/mult_ASM/control_mult.v:84$548 ($add).
  creating $macc model for $flatten\per_uart.\uart0.$add$cores/uart/uart.v:137$484 ($add).
  creating $macc model for $flatten\per_uart.\uart0.$add$cores/uart/uart.v:140$487 ($add).
  creating $macc model for $flatten\per_uart.\uart0.$add$cores/uart/uart.v:88$476 ($add).
  creating $macc model for $flatten\per_uart.\uart0.$add$cores/uart/uart.v:91$478 ($add).
  creating $macc model for $flatten\per_uart.\uart0.$sub$cores/uart/uart.v:39$470 ($sub).
  creating $macc model for $flatten\sqrt1.\sqrt0.\addsub0.$add$cores/sqrt_ASM/addc2.v:8$543 ($add).
  creating $macc model for $flatten\sqrt1.\sqrt0.\addsub0.$add$cores/sqrt_ASM/addc2.v:8$544 ($add).
  creating $macc model for $flatten\sqrt1.\sqrt0.\control0.$add$cores/sqrt_ASM/control.v:76$531 ($add).
  creating $macc model for $flatten\sqrt1.\sqrt0.\count0.$sub$cores/sqrt_ASM/count.v:16$536 ($sub).
  creating $macc model for $flatten\ws2812_0.\ws2812_LED0.\count0.$add$cores/ws2812/count_addr_arr.v:12$496 ($add).
  creating $macc model for $flatten\ws2812_0.\ws2812_LED0.\ws2812_0.\count0.$sub$cores/ws2812/count_wsled.v:17$566 ($sub).
  creating $macc model for $flatten\ws2812_0.\ws2812_LED0.\ws2812_0.\ws28120.\count0.$add$cores/ws2812/count_ws.v:12$579 ($add).
  merging $macc model for $flatten\sqrt1.\sqrt0.\addsub0.$add$cores/sqrt_ASM/addc2.v:8$543 into $flatten\sqrt1.\sqrt0.\addsub0.$add$cores/sqrt_ASM/addc2.v:8$544.
  merging $macc model for $flatten\CPU.$add$cores/cpu/femtorv32_quark_V2.v:115$333 into $flatten\CPU.$add$cores/cpu/femtorv32_quark_V2.v:115$334.
  creating $alu model for $macc $flatten\ws2812_0.\ws2812_LED0.\count0.$add$cores/ws2812/count_addr_arr.v:12$496.
  creating $alu model for $macc $flatten\sqrt1.\sqrt0.\count0.$sub$cores/sqrt_ASM/count.v:16$536.
  creating $alu model for $macc $flatten\sqrt1.\sqrt0.\control0.$add$cores/sqrt_ASM/control.v:76$531.
  creating $alu model for $macc $flatten\sqrt1.\sqrt0.\addsub0.$add$cores/sqrt_ASM/addc2.v:8$544.
  creating $alu model for $macc $flatten\ws2812_0.\ws2812_LED0.\ws2812_0.\count0.$sub$cores/ws2812/count_wsled.v:17$566.
  creating $alu model for $macc $flatten\per_uart.\uart0.$sub$cores/uart/uart.v:39$470.
  creating $alu model for $macc $flatten\per_uart.\uart0.$add$cores/uart/uart.v:91$478.
  creating $alu model for $macc $flatten\per_uart.\uart0.$add$cores/uart/uart.v:88$476.
  creating $alu model for $macc $flatten\per_uart.\uart0.$add$cores/uart/uart.v:140$487.
  creating $alu model for $macc $flatten\per_uart.\uart0.$add$cores/uart/uart.v:137$484.
  creating $alu model for $macc $flatten\mult1.\mult1.\control0.$add$cores/mult_ASM/control_mult.v:84$548.
  creating $alu model for $macc $flatten\mult1.\mult1.\acc0.$add$cores/mult_ASM/acc.v:15$553.
  creating $alu model for $macc $flatten\bin2bcd0.\bin2bcd0.\count0.$sub$cores/bin2bcd/count.v:16$507.
  creating $alu model for $macc $flatten\bin2bcd0.\bin2bcd0.\control0.$add$cores/bin2bcd/ctrl_b2b.v:63$502.
  creating $alu model for $macc $flatten\bin2bcd0.\bin2bcd0.\comp4.$add$cores/bin2bcd/add_sub_c2.v:8$515.
  creating $alu model for $macc $flatten\bin2bcd0.\bin2bcd0.\comp3.$add$cores/bin2bcd/add_sub_c2.v:8$515.
  creating $alu model for $macc $flatten\bin2bcd0.\bin2bcd0.\comp2.$add$cores/bin2bcd/add_sub_c2.v:8$515.
  creating $alu model for $macc $flatten\bin2bcd0.\bin2bcd0.\comp1.$add$cores/bin2bcd/add_sub_c2.v:8$515.
  creating $alu model for $macc $flatten\bin2bcd0.\bin2bcd0.\comp0.$add$cores/bin2bcd/add_sub_c2.v:8$515.
  creating $alu model for $macc $flatten\bcd2bin0.\bcd2bin0.\count0.$sub$cores/bin2bcd/count.v:16$507.
  creating $alu model for $macc $flatten\bcd2bin0.\bcd2bin0.\control0.$add$cores/bin2bcd/ctrl_b2b.v:63$502.
  creating $alu model for $macc $flatten\bcd2bin0.\bcd2bin0.\comp4.$add$cores/bin2bcd/add_sub_c2.v:8$515.
  creating $alu model for $macc $flatten\bcd2bin0.\bcd2bin0.\comp3.$add$cores/bin2bcd/add_sub_c2.v:8$515.
  creating $alu model for $macc $flatten\bcd2bin0.\bcd2bin0.\comp2.$add$cores/bin2bcd/add_sub_c2.v:8$515.
  creating $alu model for $macc $flatten\bcd2bin0.\bcd2bin0.\comp1.$add$cores/bin2bcd/add_sub_c2.v:8$515.
  creating $alu model for $macc $flatten\bcd2bin0.\bcd2bin0.\comp0.$add$cores/bin2bcd/add_sub_c2.v:8$515.
  creating $alu model for $macc $flatten\CPU.$sub$cores/cpu/femtorv32_quark_V2.v:206$414.
  creating $alu model for $macc $flatten\CPU.$add$cores/cpu/femtorv32_quark_V2.v:294$463.
  creating $alu model for $macc $flatten\CPU.$add$cores/cpu/femtorv32_quark_V2.v:165$377.
  creating $alu model for $macc $flatten\CPU.$add$cores/cpu/femtorv32_quark_V2.v:161$376.
  creating $alu model for $macc $flatten\CPU.$add$cores/cpu/femtorv32_quark_V2.v:123$339.
  creating $alu model for $macc $flatten\CPU.$add$cores/cpu/femtorv32_quark_V2.v:115$334.
  creating $alu model for $macc $flatten\ws2812_0.\ws2812_LED0.\ws2812_0.\ws28120.\count0.$add$cores/ws2812/count_ws.v:12$579.
  creating $alu model for $macc $flatten\CPU.$add$cores/cpu/femtorv32_quark_V2.v:110$331.
  creating $alu model for $flatten\bcd2bin0.\bcd2bin0.\control0.$gt$cores/bin2bcd/ctrl_b2b.v:64$503 ($gt): new $alu
  creating $alu model for $flatten\bin2bcd0.\bin2bcd0.\control0.$gt$cores/bin2bcd/ctrl_b2b.v:64$503 ($gt): new $alu
  creating $alu model for $flatten\sqrt1.\sqrt0.\control0.$gt$cores/sqrt_ASM/control.v:77$532 ($gt): new $alu
  creating $alu cell for $flatten\sqrt1.\sqrt0.\control0.$gt$cores/sqrt_ASM/control.v:77$532: $auto$alumacc.cc:485:replace_alu$2907
  creating $alu cell for $flatten\bin2bcd0.\bin2bcd0.\control0.$gt$cores/bin2bcd/ctrl_b2b.v:64$503: $auto$alumacc.cc:485:replace_alu$2912
  creating $alu cell for $flatten\bcd2bin0.\bcd2bin0.\control0.$gt$cores/bin2bcd/ctrl_b2b.v:64$503: $auto$alumacc.cc:485:replace_alu$2917
  creating $alu cell for $flatten\CPU.$add$cores/cpu/femtorv32_quark_V2.v:110$331: $auto$alumacc.cc:485:replace_alu$2922
  creating $alu cell for $flatten\ws2812_0.\ws2812_LED0.\ws2812_0.\ws28120.\count0.$add$cores/ws2812/count_ws.v:12$579: $auto$alumacc.cc:485:replace_alu$2925
  creating $alu cell for $flatten\CPU.$add$cores/cpu/femtorv32_quark_V2.v:115$334: $auto$alumacc.cc:485:replace_alu$2928
  creating $alu cell for $flatten\CPU.$add$cores/cpu/femtorv32_quark_V2.v:123$339: $auto$alumacc.cc:485:replace_alu$2931
  creating $alu cell for $flatten\CPU.$add$cores/cpu/femtorv32_quark_V2.v:161$376: $auto$alumacc.cc:485:replace_alu$2934
  creating $alu cell for $flatten\CPU.$add$cores/cpu/femtorv32_quark_V2.v:165$377: $auto$alumacc.cc:485:replace_alu$2937
  creating $alu cell for $flatten\CPU.$add$cores/cpu/femtorv32_quark_V2.v:294$463: $auto$alumacc.cc:485:replace_alu$2940
  creating $alu cell for $flatten\CPU.$sub$cores/cpu/femtorv32_quark_V2.v:206$414: $auto$alumacc.cc:485:replace_alu$2943
  creating $alu cell for $flatten\bcd2bin0.\bcd2bin0.\comp0.$add$cores/bin2bcd/add_sub_c2.v:8$515: $auto$alumacc.cc:485:replace_alu$2946
  creating $alu cell for $flatten\bcd2bin0.\bcd2bin0.\comp1.$add$cores/bin2bcd/add_sub_c2.v:8$515: $auto$alumacc.cc:485:replace_alu$2949
  creating $alu cell for $flatten\bcd2bin0.\bcd2bin0.\comp2.$add$cores/bin2bcd/add_sub_c2.v:8$515: $auto$alumacc.cc:485:replace_alu$2952
  creating $alu cell for $flatten\bcd2bin0.\bcd2bin0.\comp3.$add$cores/bin2bcd/add_sub_c2.v:8$515: $auto$alumacc.cc:485:replace_alu$2955
  creating $alu cell for $flatten\bcd2bin0.\bcd2bin0.\comp4.$add$cores/bin2bcd/add_sub_c2.v:8$515: $auto$alumacc.cc:485:replace_alu$2958
  creating $alu cell for $flatten\bcd2bin0.\bcd2bin0.\control0.$add$cores/bin2bcd/ctrl_b2b.v:63$502: $auto$alumacc.cc:485:replace_alu$2961
  creating $alu cell for $flatten\bcd2bin0.\bcd2bin0.\count0.$sub$cores/bin2bcd/count.v:16$507: $auto$alumacc.cc:485:replace_alu$2964
  creating $alu cell for $flatten\bin2bcd0.\bin2bcd0.\comp0.$add$cores/bin2bcd/add_sub_c2.v:8$515: $auto$alumacc.cc:485:replace_alu$2967
  creating $alu cell for $flatten\bin2bcd0.\bin2bcd0.\comp1.$add$cores/bin2bcd/add_sub_c2.v:8$515: $auto$alumacc.cc:485:replace_alu$2970
  creating $alu cell for $flatten\bin2bcd0.\bin2bcd0.\comp2.$add$cores/bin2bcd/add_sub_c2.v:8$515: $auto$alumacc.cc:485:replace_alu$2973
  creating $alu cell for $flatten\bin2bcd0.\bin2bcd0.\comp3.$add$cores/bin2bcd/add_sub_c2.v:8$515: $auto$alumacc.cc:485:replace_alu$2976
  creating $alu cell for $flatten\bin2bcd0.\bin2bcd0.\comp4.$add$cores/bin2bcd/add_sub_c2.v:8$515: $auto$alumacc.cc:485:replace_alu$2979
  creating $alu cell for $flatten\bin2bcd0.\bin2bcd0.\control0.$add$cores/bin2bcd/ctrl_b2b.v:63$502: $auto$alumacc.cc:485:replace_alu$2982
  creating $alu cell for $flatten\bin2bcd0.\bin2bcd0.\count0.$sub$cores/bin2bcd/count.v:16$507: $auto$alumacc.cc:485:replace_alu$2985
  creating $alu cell for $flatten\mult1.\mult1.\acc0.$add$cores/mult_ASM/acc.v:15$553: $auto$alumacc.cc:485:replace_alu$2988
  creating $alu cell for $flatten\mult1.\mult1.\control0.$add$cores/mult_ASM/control_mult.v:84$548: $auto$alumacc.cc:485:replace_alu$2991
  creating $alu cell for $flatten\per_uart.\uart0.$add$cores/uart/uart.v:137$484: $auto$alumacc.cc:485:replace_alu$2994
  creating $alu cell for $flatten\per_uart.\uart0.$add$cores/uart/uart.v:140$487: $auto$alumacc.cc:485:replace_alu$2997
  creating $alu cell for $flatten\per_uart.\uart0.$add$cores/uart/uart.v:88$476: $auto$alumacc.cc:485:replace_alu$3000
  creating $alu cell for $flatten\per_uart.\uart0.$add$cores/uart/uart.v:91$478: $auto$alumacc.cc:485:replace_alu$3003
  creating $alu cell for $flatten\per_uart.\uart0.$sub$cores/uart/uart.v:39$470: $auto$alumacc.cc:485:replace_alu$3006
  creating $alu cell for $flatten\ws2812_0.\ws2812_LED0.\ws2812_0.\count0.$sub$cores/ws2812/count_wsled.v:17$566: $auto$alumacc.cc:485:replace_alu$3009
  creating $alu cell for $flatten\sqrt1.\sqrt0.\addsub0.$add$cores/sqrt_ASM/addc2.v:8$544: $auto$alumacc.cc:485:replace_alu$3012
  creating $alu cell for $flatten\sqrt1.\sqrt0.\control0.$add$cores/sqrt_ASM/control.v:76$531: $auto$alumacc.cc:485:replace_alu$3015
  creating $alu cell for $flatten\sqrt1.\sqrt0.\count0.$sub$cores/sqrt_ASM/count.v:16$536: $auto$alumacc.cc:485:replace_alu$3018
  creating $alu cell for $flatten\ws2812_0.\ws2812_LED0.\count0.$add$cores/ws2812/count_addr_arr.v:12$496: $auto$alumacc.cc:485:replace_alu$3021
  created 37 $alu and 0 $macc cells.

47.24. Executing OPT pass (performing simple optimizations).

47.24.1. Executing OPT_EXPR pass (perform const folding).
Optimizing module SOC.

47.24.2. Executing OPT_MERGE pass (detect identical cells).
Finding identical cells in module `\SOC'.
Removed a total of 0 cells.

47.24.3. Executing OPT_MUXTREE pass (detect dead branches in mux trees).
Running muxtree optimizer on module \SOC..
  Creating internal representation of mux trees.
  Evaluating internal representation of mux trees.
  Analyzing evaluation results.
Removed 0 multiplexer ports.

47.24.4. Executing OPT_REDUCE pass (consolidate $*mux and $reduce_* inputs).
  Optimizing cells in module \SOC.
Performed a total of 0 changes.

47.24.5. Executing OPT_MERGE pass (detect identical cells).
Finding identical cells in module `\SOC'.
Removed a total of 0 cells.

47.24.6. Executing OPT_DFF pass (perform DFF optimizations).
Setting constant 0-bit at position 10 on $flatten\per_uart.$procdff$2158 ($dff) from module SOC.
Setting constant 0-bit at position 11 on $flatten\per_uart.$procdff$2158 ($dff) from module SOC.
Setting constant 0-bit at position 12 on $flatten\per_uart.$procdff$2158 ($dff) from module SOC.
Setting constant 0-bit at position 13 on $flatten\per_uart.$procdff$2158 ($dff) from module SOC.
Setting constant 0-bit at position 14 on $flatten\per_uart.$procdff$2158 ($dff) from module SOC.
Setting constant 0-bit at position 15 on $flatten\per_uart.$procdff$2158 ($dff) from module SOC.
Setting constant 0-bit at position 16 on $flatten\per_uart.$procdff$2158 ($dff) from module SOC.
Setting constant 0-bit at position 17 on $flatten\per_uart.$procdff$2158 ($dff) from module SOC.
Setting constant 0-bit at position 18 on $flatten\per_uart.$procdff$2158 ($dff) from module SOC.
Setting constant 0-bit at position 19 on $flatten\per_uart.$procdff$2158 ($dff) from module SOC.
Setting constant 0-bit at position 20 on $flatten\per_uart.$procdff$2158 ($dff) from module SOC.
Setting constant 0-bit at position 21 on $flatten\per_uart.$procdff$2158 ($dff) from module SOC.
Setting constant 0-bit at position 22 on $flatten\per_uart.$procdff$2158 ($dff) from module SOC.
Setting constant 0-bit at position 23 on $flatten\per_uart.$procdff$2158 ($dff) from module SOC.
Setting constant 0-bit at position 24 on $flatten\per_uart.$procdff$2158 ($dff) from module SOC.
Setting constant 0-bit at position 25 on $flatten\per_uart.$procdff$2158 ($dff) from module SOC.
Setting constant 0-bit at position 26 on $flatten\per_uart.$procdff$2158 ($dff) from module SOC.
Setting constant 0-bit at position 27 on $flatten\per_uart.$procdff$2158 ($dff) from module SOC.
Setting constant 0-bit at position 28 on $flatten\per_uart.$procdff$2158 ($dff) from module SOC.
Setting constant 0-bit at position 29 on $flatten\per_uart.$procdff$2158 ($dff) from module SOC.
Setting constant 0-bit at position 30 on $flatten\per_uart.$procdff$2158 ($dff) from module SOC.
Setting constant 0-bit at position 31 on $flatten\per_uart.$procdff$2158 ($dff) from module SOC.

47.24.7. Executing OPT_CLEAN pass (remove unused cells and wires).
Finding unused cells or wires in module \SOC..
Removed 2 unused cells and 5 unused wires.

47.24.8. Executing OPT_EXPR pass (perform const folding).
Optimizing module SOC.

47.24.9. Rerunning OPT passes. (Maybe there is more to do..)

47.24.10. Executing OPT_MUXTREE pass (detect dead branches in mux trees).
Running muxtree optimizer on module \SOC..
  Creating internal representation of mux trees.
  Evaluating internal representation of mux trees.
  Analyzing evaluation results.
Removed 0 multiplexer ports.

47.24.11. Executing OPT_REDUCE pass (consolidate $*mux and $reduce_* inputs).
  Optimizing cells in module \SOC.
Performed a total of 0 changes.

47.24.12. Executing OPT_MERGE pass (detect identical cells).
Finding identical cells in module `\SOC'.
Removed a total of 0 cells.

47.24.13. Executing OPT_DFF pass (perform DFF optimizations).

47.24.14. Executing OPT_CLEAN pass (remove unused cells and wires).
Finding unused cells or wires in module \SOC..

47.24.15. Executing OPT_EXPR pass (perform const folding).
Optimizing module SOC.

47.24.16. Finished OPT passes. (There is nothing left to do.)

47.25. Executing MEMORY pass.

47.25.1. Executing OPT_MEM pass (optimize memories).
Performed a total of 96 transformations.

47.25.2. Executing OPT_MEM_PRIORITY pass (removing unnecessary memory write priority relations).
Performed a total of 6 transformations.

47.25.3. Executing OPT_MEM_FEEDBACK pass (finding memory read-to-write feedback paths).
  Analyzing SOC.CPU.registerFile write port 0.
  Analyzing SOC.CPU.registerFile write port 1.
  Analyzing SOC.RAM.MEM write port 0.
  Analyzing SOC.RAM.MEM write port 1.
  Analyzing SOC.RAM.MEM write port 2.
  Analyzing SOC.RAM.MEM write port 3.

47.25.4. Executing MEMORY_BMUX2ROM pass (converting muxes to ROMs).

47.25.5. Executing MEMORY_DFF pass (merging $dff cells to $memrd).
Checking read port `\CPU.registerFile'[0] in module `\SOC': merging output FF to cell.
    Write port 0: don't care on collision.
    Write port 1: non-transparent.
Checking read port `\CPU.registerFile'[1] in module `\SOC': merging output FF to cell.
    Write port 0: don't care on collision.
    Write port 1: non-transparent.
Checking read port `\RAM.MEM'[0] in module `\SOC': merging output FF to cell.
    Write port 0: non-transparent.
    Write port 1: non-transparent.
    Write port 2: non-transparent.
    Write port 3: non-transparent.
Checking read port `\ws2812_0.ws2812_LED0.mem0.MEM'[0] in module `\SOC': merging output FF to cell.

47.25.6. Executing OPT_CLEAN pass (remove unused cells and wires).
Finding unused cells or wires in module \SOC..
Removed 4 unused cells and 124 unused wires.

47.25.7. Executing MEMORY_SHARE pass (consolidating $memrd/$memwr cells).
Consolidating read ports of memory SOC.CPU.registerFile by address:
Consolidating write ports of memory SOC.CPU.registerFile by address:
Consolidating write ports of memory SOC.RAM.MEM by address:
  Merging ports 0, 1 (address \mem_addr [12:2]).
  Merging ports 0, 2 (address \mem_addr [12:2]).
  Merging ports 0, 3 (address \mem_addr [12:2]).
Consolidating write ports of memory SOC.CPU.registerFile using sat-based resource sharing:
  Checking group clocked with posedge \clk, width 32: ports 0, 1.
  Common input cone for all EN signals: 11 cells.
  Size of unconstrained SAT problem: 87 variables, 205 clauses
  Merging port 1 into port 0.

47.25.8. Executing OPT_MEM_WIDEN pass (optimize memories where all ports are wide).
Performed a total of 0 transformations.

47.25.9. Executing OPT_CLEAN pass (remove unused cells and wires).
Finding unused cells or wires in module \SOC..
Removed 4 unused cells and 4 unused wires.

47.25.10. Executing MEMORY_COLLECT pass (generating $mem cells).

47.26. Executing OPT_CLEAN pass (remove unused cells and wires).
Finding unused cells or wires in module \SOC..

47.27. Executing MEMORY_LIBMAP pass (mapping memories to cells).
mapping memory SOC.CPU.registerFile via $__TRELLIS_DPR16X4_
Extracted data FF from read port 0 of SOC.CPU.registerFile: $\CPU.registerFile$rdreg[0]
Extracted data FF from read port 1 of SOC.CPU.registerFile: $\CPU.registerFile$rdreg[1]
mapping memory SOC.RAM.MEM via $__ECP5_DP16KD_
using FF mapping for memory SOC.ws2812_0.ws2812_LED0.mem0.MEM

47.28. Executing TECHMAP pass (map to technology primitives).

47.28.1. Executing Verilog-2005 frontend: /home/miguelangel-garcia/miniconda3/envs/digital/bin/../share/yosys/ecp5/lutrams_map.v
Parsing Verilog input from `/home/miguelangel-garcia/miniconda3/envs/digital/bin/../share/yosys/ecp5/lutrams_map.v' to AST representation.
Generating RTLIL representation for module `\$__TRELLIS_DPR16X4_'.
Successfully finished Verilog frontend.

47.28.2. Executing Verilog-2005 frontend: /home/miguelangel-garcia/miniconda3/envs/digital/bin/../share/yosys/ecp5/brams_map.v
Parsing Verilog input from `/home/miguelangel-garcia/miniconda3/envs/digital/bin/../share/yosys/ecp5/brams_map.v' to AST representation.
Generating RTLIL representation for module `\$__ECP5_DP16KD_'.
Generating RTLIL representation for module `\$__ECP5_PDPW16KD_'.
Successfully finished Verilog frontend.

47.28.3. Continuing TECHMAP pass.
Using template $paramod$514fc941ac1ae997c717a8e6a1180ed8e0cf8fa9\$__TRELLIS_DPR16X4_ for cells of type $__TRELLIS_DPR16X4_.
Using template $paramod$04778961cc1285a5efea28f98f28381eb2862208\$__TRELLIS_DPR16X4_ for cells of type $__TRELLIS_DPR16X4_.
Using template $paramod$447c31607d7416bd8d5663402b7ef6a112a7d35c\$__ECP5_DP16KD_ for cells of type $__ECP5_DP16KD_.
Using template $paramod$8045599e0419c8a17a2288b4c79041d19bf52ac6\$__ECP5_DP16KD_ for cells of type $__ECP5_DP16KD_.
Using template $paramod$a99a491ed4619a7fd5f2a5fc98a44f57422c5d24\$__ECP5_DP16KD_ for cells of type $__ECP5_DP16KD_.
Using template $paramod$ab8caef67345b983921105472199ae9c61c4b953\$__ECP5_DP16KD_ for cells of type $__ECP5_DP16KD_.
No more expansions possible.

47.29. Executing OPT pass (performing simple optimizations).

47.29.1. Executing OPT_EXPR pass (perform const folding).
Optimizing module SOC.

47.29.2. Executing OPT_MERGE pass (detect identical cells).
Finding identical cells in module `\SOC'.
Removed a total of 2 cells.

47.29.3. Executing OPT_DFF pass (perform DFF optimizations).
Adding EN signal on $auto$ff.cc:266:slice$2851 ($sdffe) from module SOC (D = $flatten\CPU.$ternary$cores/cpu/femtorv32_quark_V2.v:271$454_Y [1:0], Q = \CPU.PC [1:0]).
Handling never-active EN on $auto$ff.cc:266:slice$2582 ($sdffe) from module SOC (connecting SRST instead).
Setting constant 0-bit at position 0 on $auto$ff.cc:266:slice$2582 ($dffe) from module SOC.
Setting constant 0-bit at position 1 on $auto$ff.cc:266:slice$2582 ($dffe) from module SOC.
Setting constant 0-bit at position 2 on $auto$ff.cc:266:slice$2582 ($dffe) from module SOC.
Setting constant 0-bit at position 3 on $auto$ff.cc:266:slice$2582 ($dffe) from module SOC.
Setting constant 0-bit at position 4 on $auto$ff.cc:266:slice$2582 ($dffe) from module SOC.
Setting constant 0-bit at position 5 on $auto$ff.cc:266:slice$2582 ($dffe) from module SOC.

47.29.4. Executing OPT_CLEAN pass (remove unused cells and wires).
Finding unused cells or wires in module \SOC..
Removed 3 unused cells and 389 unused wires.

47.29.5. Rerunning OPT passes. (Removed registers in this run.)

47.29.6. Executing OPT_EXPR pass (perform const folding).
Optimizing module SOC.

47.29.7. Executing OPT_MERGE pass (detect identical cells).
Finding identical cells in module `\SOC'.
Removed a total of 0 cells.

47.29.8. Executing OPT_DFF pass (perform DFF optimizations).
Adding SRST signal on $auto$ff.cc:266:slice$2743 ($dffe) from module SOC (D = \bin2bcd0.A [0], Q = \bin2bcd0.bin2bcd0.lsr40.data [0], rval = 1'0).
Adding SRST signal on $auto$ff.cc:266:slice$2692 ($dffe) from module SOC (D = \mult1.A [0], Q = \mult1.mult1.lsr0.s_A [0], rval = 1'0).
Adding SRST signal on $auto$ff.cc:266:slice$2687 ($dffe) from module SOC (D = \mult1.B [15], Q = \mult1.mult1.rsr0.s_B [15], rval = 1'0).
Adding SRST signal on $auto$ff.cc:266:slice$2610 ($dffe) from module SOC (D = \sqrt1.A [1:0], Q = \sqrt1.sqrt0.lsr20.data [1:0], rval = 2'00).
Adding SRST signal on $auto$ff.cc:266:slice$2576 ($dffe) from module SOC (D = \ws2812_0.ws2812_LED0.mem0.data_r [0], Q = \ws2812_0.ws2812_LED0.ws2812_0.lsr0.s_A [0], rval = 1'0).

47.29.9. Executing OPT_CLEAN pass (remove unused cells and wires).
Finding unused cells or wires in module \SOC..
Removed 1 unused cells and 5 unused wires.

47.29.10. Rerunning OPT passes. (Removed registers in this run.)

47.29.11. Executing OPT_EXPR pass (perform const folding).
Optimizing module SOC.

47.29.12. Executing OPT_MERGE pass (detect identical cells).
Finding identical cells in module `\SOC'.
Removed a total of 0 cells.

47.29.13. Executing OPT_DFF pass (perform DFF optimizations).
Setting constant 0-bit at position 1 on $auto$ff.cc:266:slice$2592 ($sdffe) from module SOC.
Setting constant 0-bit at position 2 on $auto$ff.cc:266:slice$2592 ($sdffe) from module SOC.
Setting constant 0-bit at position 3 on $auto$ff.cc:266:slice$2592 ($sdffe) from module SOC.
Setting constant 0-bit at position 4 on $auto$ff.cc:266:slice$2592 ($sdffe) from module SOC.
Setting constant 0-bit at position 5 on $auto$ff.cc:266:slice$2592 ($sdffe) from module SOC.
Setting constant 0-bit at position 6 on $auto$ff.cc:266:slice$2592 ($sdffe) from module SOC.
Setting constant 0-bit at position 7 on $auto$ff.cc:266:slice$2592 ($sdffe) from module SOC.
Setting constant 0-bit at position 8 on $auto$ff.cc:266:slice$2592 ($sdffe) from module SOC.
Setting constant 0-bit at position 9 on $auto$ff.cc:266:slice$2592 ($sdffe) from module SOC.
Setting constant 0-bit at position 10 on $auto$ff.cc:266:slice$2592 ($sdffe) from module SOC.
Setting constant 0-bit at position 11 on $auto$ff.cc:266:slice$2592 ($sdffe) from module SOC.
Setting constant 0-bit at position 12 on $auto$ff.cc:266:slice$2592 ($sdffe) from module SOC.
Setting constant 0-bit at position 13 on $auto$ff.cc:266:slice$2592 ($sdffe) from module SOC.
Setting constant 0-bit at position 14 on $auto$ff.cc:266:slice$2592 ($sdffe) from module SOC.
Setting constant 0-bit at position 15 on $auto$ff.cc:266:slice$2592 ($sdffe) from module SOC.
Setting constant 0-bit at position 16 on $auto$ff.cc:266:slice$2592 ($sdffe) from module SOC.
Setting constant 0-bit at position 17 on $auto$ff.cc:266:slice$2592 ($sdffe) from module SOC.
Setting constant 0-bit at position 18 on $auto$ff.cc:266:slice$2592 ($sdffe) from module SOC.
Setting constant 0-bit at position 19 on $auto$ff.cc:266:slice$2592 ($sdffe) from module SOC.
Setting constant 0-bit at position 20 on $auto$ff.cc:266:slice$2592 ($sdffe) from module SOC.
Setting constant 0-bit at position 21 on $auto$ff.cc:266:slice$2592 ($sdffe) from module SOC.
Setting constant 0-bit at position 22 on $auto$ff.cc:266:slice$2592 ($sdffe) from module SOC.
Setting constant 0-bit at position 23 on $auto$ff.cc:266:slice$2592 ($sdffe) from module SOC.
Setting constant 0-bit at position 24 on $auto$ff.cc:266:slice$2592 ($sdffe) from module SOC.
Setting constant 0-bit at position 25 on $auto$ff.cc:266:slice$2592 ($sdffe) from module SOC.
Setting constant 0-bit at position 26 on $auto$ff.cc:266:slice$2592 ($sdffe) from module SOC.
Setting constant 0-bit at position 27 on $auto$ff.cc:266:slice$2592 ($sdffe) from module SOC.
Setting constant 0-bit at position 28 on $auto$ff.cc:266:slice$2592 ($sdffe) from module SOC.
Setting constant 0-bit at position 29 on $auto$ff.cc:266:slice$2592 ($sdffe) from module SOC.
Setting constant 0-bit at position 30 on $auto$ff.cc:266:slice$2592 ($sdffe) from module SOC.
Setting constant 0-bit at position 31 on $auto$ff.cc:266:slice$2592 ($sdffe) from module SOC.

47.29.14. Executing OPT_CLEAN pass (remove unused cells and wires).
Finding unused cells or wires in module \SOC..
Removed 0 unused cells and 1 unused wires.

47.29.15. Rerunning OPT passes. (Removed registers in this run.)

47.29.16. Executing OPT_EXPR pass (perform const folding).
Optimizing module SOC.

47.29.17. Executing OPT_MERGE pass (detect identical cells).
Finding identical cells in module `\SOC'.
Removed a total of 0 cells.

47.29.18. Executing OPT_DFF pass (perform DFF optimizations).

47.29.19. Executing OPT_CLEAN pass (remove unused cells and wires).
Finding unused cells or wires in module \SOC..

47.29.20. Finished fast OPT passes.

47.30. Executing MEMORY_MAP pass (converting memories to logic and flip-flops).
Mapping memory \ws2812_0.ws2812_LED0.mem0.MEM in module \SOC:
  created 64 $dff cells and 0 static cells of width 24.
Extracted data FF from read port 0 of SOC.ws2812_0.ws2812_LED0.mem0.MEM: $\ws2812_0.ws2812_LED0.mem0.MEM$rdreg[0]
  read interface: 1 $dff and 63 $mux cells.
  write interface: 0 write mux blocks.

47.31. Executing OPT pass (performing simple optimizations).

47.31.1. Executing OPT_EXPR pass (perform const folding).
Optimizing module SOC.

47.31.2. Executing OPT_MERGE pass (detect identical cells).
Finding identical cells in module `\SOC'.
Removed a total of 0 cells.

47.31.3. Executing OPT_MUXTREE pass (detect dead branches in mux trees).
Running muxtree optimizer on module \SOC..
  Creating internal representation of mux trees.
  Evaluating internal representation of mux trees.
      Replacing known input bits on port B of cell $auto$memory_share.cc:453:consolidate_wr_using_sat$3160: $auto$rtlil.cc:2416:ReduceOr$3154 -> 1'1
  Analyzing evaluation results.
Removed 0 multiplexer ports.

47.31.4. Executing OPT_REDUCE pass (consolidate $*mux and $reduce_* inputs).
  Optimizing cells in module \SOC.
    Consolidated identical input bits for $mux cell $flatten\CPU.$procmux$1635:
      Old ports: A=4'0001, B=4'100x, Y=$flatten\CPU.$procmux$1635_Y
      New ports: A=2'01, B=2'1x, Y={ $flatten\CPU.$procmux$1635_Y [3] $flatten\CPU.$procmux$1635_Y [0] }
      New connections: $flatten\CPU.$procmux$1635_Y [2:1] = 2'00
    Consolidated identical input bits for $mux cell $flatten\CPU.$ternary$cores/cpu/femtorv32_quark_V2.v:162$374:
      Old ports: A={ \CPU.instr [29] \CPU.instr [29] \CPU.instr [29] \CPU.instr [29] \CPU.instr [29] \CPU.instr [29] \CPU.instr [29] \CPU.instr [29] \CPU.instr [29] \CPU.instr [29] \CPU.instr [29] \CPU.instr [29] \CPU.instr [5] \CPU.instr [28:23] \CPU.instr [9:6] 1'0 }, B={ \CPU.instr [21:10] 12'000000000000 }, Y=$flatten\CPU.$ternary$cores/cpu/femtorv32_quark_V2.v:162$374_Y
      New ports: A={ \CPU.instr [29] \CPU.instr [29] \CPU.instr [29] \CPU.instr [29] \CPU.instr [29] \CPU.instr [29] \CPU.instr [29] \CPU.instr [29] \CPU.instr [29] \CPU.instr [29] \CPU.instr [29] \CPU.instr [29] \CPU.instr [5] \CPU.instr [28:23] \CPU.instr [9:6] }, B={ \CPU.instr [21:10] 11'00000000000 }, Y=$flatten\CPU.$ternary$cores/cpu/femtorv32_quark_V2.v:162$374_Y [23:1]
      New connections: $flatten\CPU.$ternary$cores/cpu/femtorv32_quark_V2.v:162$374_Y [0] = 1'0
    Consolidated identical input bits for $mux cell $flatten\CPU.$ternary$cores/cpu/femtorv32_quark_V2.v:173$383:
      Old ports: A=0, B={ \CPU.instr [29:10] 12'000000000000 }, Y=$flatten\CPU.$ternary$cores/cpu/femtorv32_quark_V2.v:173$383_Y
      New ports: A=20'00000000000000000000, B=\CPU.instr [29:10], Y=$flatten\CPU.$ternary$cores/cpu/femtorv32_quark_V2.v:173$383_Y [31:12]
      New connections: $flatten\CPU.$ternary$cores/cpu/femtorv32_quark_V2.v:173$383_Y [11:0] = 12'000000000000
    Consolidated identical input bits for $mux cell $flatten\CPU.$ternary$cores/cpu/femtorv32_quark_V2.v:223$432:
      Old ports: A=4'0100, B=4'1000, Y=$flatten\CPU.$ternary$cores/cpu/femtorv32_quark_V2.v:223$432_Y
      New ports: A=2'01, B=2'10, Y=$flatten\CPU.$ternary$cores/cpu/femtorv32_quark_V2.v:223$432_Y [3:2]
      New connections: $flatten\CPU.$ternary$cores/cpu/femtorv32_quark_V2.v:223$432_Y [1:0] = 2'00
    Consolidated identical input bits for $mux cell $flatten\CPU.$ternary$cores/cpu/femtorv32_quark_V2.v:227$435:
      Old ports: A=4'0011, B=4'1100, Y=$flatten\CPU.$ternary$cores/cpu/femtorv32_quark_V2.v:227$435_Y
      New ports: A=2'01, B=2'10, Y={ $flatten\CPU.$ternary$cores/cpu/femtorv32_quark_V2.v:227$435_Y [2] $flatten\CPU.$ternary$cores/cpu/femtorv32_quark_V2.v:227$435_Y [0] }
      New connections: { $flatten\CPU.$ternary$cores/cpu/femtorv32_quark_V2.v:227$435_Y [3] $flatten\CPU.$ternary$cores/cpu/femtorv32_quark_V2.v:227$435_Y [1] } = { $flatten\CPU.$ternary$cores/cpu/femtorv32_quark_V2.v:227$435_Y [2] $flatten\CPU.$ternary$cores/cpu/femtorv32_quark_V2.v:227$435_Y [0] }
    Consolidated identical input bits for $mux cell $flatten\CPU.$ternary$cores/cpu/femtorv32_quark_V2.v:274$455:
      Old ports: A=4'0001, B=4'1000, Y=$auto$wreduce.cc:461:run$2859 [3:0]
      New ports: A=2'01, B=2'10, Y={ $auto$wreduce.cc:461:run$2859 [3] $auto$wreduce.cc:461:run$2859 [0] }
      New connections: $auto$wreduce.cc:461:run$2859 [2:1] = 2'00
    Consolidated identical input bits for $mux cell $flatten\bcd2bin0.$procmux$1943:
      Old ports: A={ 16'0000000000000000 \bcd2bin0.bcd2bin0.rsr40.data [15:0] }, B={ 31'0000000000000000000000000000000 \bcd2bin0.bcd2bin0.control0.state [4] }, Y=$flatten\bcd2bin0.$3\d_out[31:0]
      New ports: A=\bcd2bin0.bcd2bin0.rsr40.data [15:0], B={ 15'000000000000000 \bcd2bin0.bcd2bin0.control0.state [4] }, Y=$flatten\bcd2bin0.$3\d_out[31:0] [15:0]
      New connections: $flatten\bcd2bin0.$3\d_out[31:0] [31:16] = 16'0000000000000000
    Consolidated identical input bits for $mux cell $flatten\bcd2bin0.\bcd2bin0.\mux0.$procmux$1215:
      Old ports: A=3'101, B=3'011, Y=\bcd2bin0.bcd2bin0.comp0.in_B [2:0]
      New ports: A=2'10, B=2'01, Y=\bcd2bin0.bcd2bin0.comp0.in_B [2:1]
      New connections: \bcd2bin0.bcd2bin0.comp0.in_B [0] = 1'1
    Consolidated identical input bits for $mux cell $flatten\bin2bcd0.$procmux$1894:
      Old ports: A={ 12'000000000000 \bin2bcd0.bin2bcd0.lsr40.data [35:16] }, B={ 31'0000000000000000000000000000000 \bin2bcd0.bin2bcd0.control0.state [4] }, Y=$flatten\bin2bcd0.$3\d_out[31:0]
      New ports: A=\bin2bcd0.bin2bcd0.lsr40.data [35:16], B={ 19'0000000000000000000 \bin2bcd0.bin2bcd0.control0.state [4] }, Y=$flatten\bin2bcd0.$3\d_out[31:0] [19:0]
      New connections: $flatten\bin2bcd0.$3\d_out[31:0] [31:20] = 12'000000000000
    Consolidated identical input bits for $pmux cell $flatten\bin2bcd0.$procmux$1931:
      Old ports: A=5'00000, B=20'00001001000100010000, Y=$flatten\bcd2bin0.$2\s[4:0]
      New ports: A=4'0000, B=16'0001001001001000, Y={ $flatten\bcd2bin0.$2\s[4:0] [4:2] $flatten\bcd2bin0.$2\s[4:0] [0] }
      New connections: $flatten\bcd2bin0.$2\s[4:0] [1] = 1'0
    Consolidated identical input bits for $mux cell $flatten\bin2bcd0.\bin2bcd0.\mux0.$procmux$1215:
      Old ports: A=4'0011, B=4'1011, Y=\bin2bcd0.bin2bcd0.comp0.in_B
      New ports: A=1'0, B=1'1, Y=\bin2bcd0.bin2bcd0.comp0.in_B [3]
      New connections: \bin2bcd0.bin2bcd0.comp0.in_B [2:0] = 3'011
    Consolidated identical input bits for $mux cell $flatten\mult1.\mult1.\control0.$procmux$880:
      Old ports: A=3'001, B=3'100, Y=$flatten\mult1.\mult1.\control0.$5\state[2:0]
      New ports: A=2'01, B=2'10, Y={ $flatten\mult1.\mult1.\control0.$5\state[2:0] [2] $flatten\mult1.\mult1.\control0.$5\state[2:0] [0] }
      New connections: $flatten\mult1.\mult1.\control0.$5\state[2:0] [1] = 1'0
    Consolidated identical input bits for $mux cell $flatten\mult1.\mult1.\control0.$ternary$cores/mult_ASM/control_mult.v:85$550:
      Old ports: A=3'100, B=3'000, Y=$flatten\mult1.\mult1.\control0.$ternary$cores/mult_ASM/control_mult.v:85$550_Y
      New ports: A=1'1, B=1'0, Y=$flatten\mult1.\mult1.\control0.$ternary$cores/mult_ASM/control_mult.v:85$550_Y [2]
      New connections: $flatten\mult1.\mult1.\control0.$ternary$cores/mult_ASM/control_mult.v:85$550_Y [1:0] = 2'00
    Consolidated identical input bits for $mux cell $flatten\per_uart.$ternary$cores/uart/perip_uart.v:32$271:
      Old ports: A=2'00, B=2'10, Y=$flatten\per_uart.$ternary$cores/uart/perip_uart.v:32$271_Y
      New ports: A=1'0, B=1'1, Y=$flatten\per_uart.$ternary$cores/uart/perip_uart.v:32$271_Y [1]
      New connections: $flatten\per_uart.$ternary$cores/uart/perip_uart.v:32$271_Y [0] = 1'0
    Consolidated identical input bits for $mux cell $flatten\sqrt1.$procmux$1845:
      Old ports: A={ 16'0000000000000000 \sqrt1.sqrt0.lsr_R.out_r }, B={ 31'0000000000000000000000000000000 \sqrt1.sqrt0.control0.state [3] }, Y=$flatten\sqrt1.$3\d_out[31:0]
      New ports: A=\sqrt1.sqrt0.lsr_R.out_r, B={ 15'000000000000000 \sqrt1.sqrt0.control0.state [3] }, Y=$flatten\sqrt1.$3\d_out[31:0] [15:0]
      New connections: $flatten\sqrt1.$3\d_out[31:0] [31:16] = 16'0000000000000000
    Consolidated identical input bits for $pmux cell $flatten\ws2812_0.\ws2812_LED0.\ws2812_0.\ws28120.\mux0.$procmux$612:
      Old ports: A=11'00000001010, B=33'000000101001001110001000000011111, Y=\ws2812_0.ws2812_LED0.ws2812_0.ws28120.comp0.in1
      New ports: A=5'01010, B=15'001001001001111, Y={ \ws2812_0.ws2812_LED0.ws2812_0.ws28120.comp0.in1 [5] \ws2812_0.ws2812_LED0.ws2812_0.ws28120.comp0.in1 [3:0] }
      New connections: { \ws2812_0.ws2812_LED0.ws2812_0.ws28120.comp0.in1 [10:6] \ws2812_0.ws2812_LED0.ws2812_0.ws28120.comp0.in1 [4] } = { \ws2812_0.ws2812_LED0.ws2812_0.ws28120.comp0.in1 [5] 2'00 \ws2812_0.ws2812_LED0.ws2812_0.ws28120.comp0.in1 [5] \ws2812_0.ws2812_LED0.ws2812_0.ws28120.comp0.in1 [5] \ws2812_0.ws2812_LED0.ws2812_0.ws28120.comp0.in1 [2] }
  Optimizing cells in module \SOC.
    Consolidated identical input bits for $mux cell $flatten\CPU.$ternary$cores/cpu/femtorv32_quark_V2.v:161$375:
      Old ports: A=$flatten\CPU.$ternary$cores/cpu/femtorv32_quark_V2.v:162$374_Y, B={ \CPU.instr [29] \CPU.instr [29] \CPU.instr [29] \CPU.instr [29] \CPU.instr [17:10] \CPU.instr [18] \CPU.instr [28:19] 1'0 }, Y=$flatten\CPU.$ternary$cores/cpu/femtorv32_quark_V2.v:161$375_Y
      New ports: A=$flatten\CPU.$ternary$cores/cpu/femtorv32_quark_V2.v:162$374_Y [23:1], B={ \CPU.instr [29] \CPU.instr [29] \CPU.instr [29] \CPU.instr [29] \CPU.instr [17:10] \CPU.instr [18] \CPU.instr [28:19] }, Y=$flatten\CPU.$ternary$cores/cpu/femtorv32_quark_V2.v:161$375_Y [23:1]
      New connections: $flatten\CPU.$ternary$cores/cpu/femtorv32_quark_V2.v:161$375_Y [0] = 1'0
    Consolidated identical input bits for $mux cell $flatten\CPU.$ternary$cores/cpu/femtorv32_quark_V2.v:226$436:
      Old ports: A=4'1111, B=$flatten\CPU.$ternary$cores/cpu/femtorv32_quark_V2.v:227$435_Y, Y=$flatten\CPU.$ternary$cores/cpu/femtorv32_quark_V2.v:226$436_Y
      New ports: A=2'11, B={ $flatten\CPU.$ternary$cores/cpu/femtorv32_quark_V2.v:227$435_Y [2] $flatten\CPU.$ternary$cores/cpu/femtorv32_quark_V2.v:227$435_Y [0] }, Y={ $flatten\CPU.$ternary$cores/cpu/femtorv32_quark_V2.v:226$436_Y [2] $flatten\CPU.$ternary$cores/cpu/femtorv32_quark_V2.v:226$436_Y [0] }
      New connections: { $flatten\CPU.$ternary$cores/cpu/femtorv32_quark_V2.v:226$436_Y [3] $flatten\CPU.$ternary$cores/cpu/femtorv32_quark_V2.v:226$436_Y [1] } = { $flatten\CPU.$ternary$cores/cpu/femtorv32_quark_V2.v:226$436_Y [2] $flatten\CPU.$ternary$cores/cpu/femtorv32_quark_V2.v:226$436_Y [0] }
    Consolidated identical input bits for $mux cell $flatten\bcd2bin0.$procmux$1988:
      Old ports: A=5'00000, B=$flatten\bcd2bin0.$2\s[4:0], Y=\bcd2bin0.s
      New ports: A=4'0000, B={ $flatten\bcd2bin0.$2\s[4:0] [4:2] $flatten\bcd2bin0.$2\s[4:0] [0] }, Y={ \bcd2bin0.s [4:2] \bcd2bin0.s [0] }
      New connections: \bcd2bin0.s [1] = 1'0
    Consolidated identical input bits for $mux cell $flatten\bin2bcd0.$procmux$1939:
      Old ports: A=5'00000, B=$flatten\bcd2bin0.$2\s[4:0], Y=\bin2bcd0.s
      New ports: A=4'0000, B={ $flatten\bcd2bin0.$2\s[4:0] [4:2] $flatten\bcd2bin0.$2\s[4:0] [0] }, Y={ \bin2bcd0.s [4:2] \bin2bcd0.s [0] }
      New connections: \bin2bcd0.s [1] = 1'0
    Consolidated identical input bits for $mux cell $flatten\sqrt1.$procmux$1890:
      Old ports: A=5'00000, B=$flatten\bcd2bin0.$2\s[4:0], Y=\sqrt1.s
      New ports: A=4'0000, B={ $flatten\bcd2bin0.$2\s[4:0] [4:2] $flatten\bcd2bin0.$2\s[4:0] [0] }, Y={ \sqrt1.s [4:2] \sqrt1.s [0] }
      New connections: \sqrt1.s [1] = 1'0
  Optimizing cells in module \SOC.
Performed a total of 23 changes.

47.31.5. Executing OPT_MERGE pass (detect identical cells).
Finding identical cells in module `\SOC'.
Removed a total of 1 cells.

47.31.6. Executing OPT_DFF pass (perform DFF optimizations).
Setting constant 1-bit at position 0 on $\ws2812_0.ws2812_LED0.mem0.MEM$rdreg[0] ($dff) from module SOC.
Setting constant 1-bit at position 1 on $\ws2812_0.ws2812_LED0.mem0.MEM$rdreg[0] ($dff) from module SOC.
Setting constant 1-bit at position 2 on $\ws2812_0.ws2812_LED0.mem0.MEM$rdreg[0] ($dff) from module SOC.
Setting constant 1-bit at position 3 on $\ws2812_0.ws2812_LED0.mem0.MEM$rdreg[0] ($dff) from module SOC.
Setting constant 1-bit at position 4 on $\ws2812_0.ws2812_LED0.mem0.MEM$rdreg[0] ($dff) from module SOC.
Setting constant 1-bit at position 5 on $\ws2812_0.ws2812_LED0.mem0.MEM$rdreg[0] ($dff) from module SOC.
Setting constant 1-bit at position 6 on $\ws2812_0.ws2812_LED0.mem0.MEM$rdreg[0] ($dff) from module SOC.
Setting constant 1-bit at position 7 on $\ws2812_0.ws2812_LED0.mem0.MEM$rdreg[0] ($dff) from module SOC.
Setting constant 1-bit at position 8 on $\ws2812_0.ws2812_LED0.mem0.MEM$rdreg[0] ($dff) from module SOC.
Setting constant 1-bit at position 9 on $\ws2812_0.ws2812_LED0.mem0.MEM$rdreg[0] ($dff) from module SOC.
Setting constant 1-bit at position 10 on $\ws2812_0.ws2812_LED0.mem0.MEM$rdreg[0] ($dff) from module SOC.
Setting constant 1-bit at position 11 on $\ws2812_0.ws2812_LED0.mem0.MEM$rdreg[0] ($dff) from module SOC.
Setting constant 1-bit at position 12 on $\ws2812_0.ws2812_LED0.mem0.MEM$rdreg[0] ($dff) from module SOC.
Setting constant 1-bit at position 13 on $\ws2812_0.ws2812_LED0.mem0.MEM$rdreg[0] ($dff) from module SOC.
Setting constant 1-bit at position 14 on $\ws2812_0.ws2812_LED0.mem0.MEM$rdreg[0] ($dff) from module SOC.
Setting constant 1-bit at position 15 on $\ws2812_0.ws2812_LED0.mem0.MEM$rdreg[0] ($dff) from module SOC.
Setting constant 1-bit at position 16 on $\ws2812_0.ws2812_LED0.mem0.MEM$rdreg[0] ($dff) from module SOC.
Setting constant 1-bit at position 17 on $\ws2812_0.ws2812_LED0.mem0.MEM$rdreg[0] ($dff) from module SOC.
Setting constant 1-bit at position 18 on $\ws2812_0.ws2812_LED0.mem0.MEM$rdreg[0] ($dff) from module SOC.
Setting constant 1-bit at position 19 on $\ws2812_0.ws2812_LED0.mem0.MEM$rdreg[0] ($dff) from module SOC.
Setting constant 1-bit at position 20 on $\ws2812_0.ws2812_LED0.mem0.MEM$rdreg[0] ($dff) from module SOC.
Setting constant 1-bit at position 21 on $\ws2812_0.ws2812_LED0.mem0.MEM$rdreg[0] ($dff) from module SOC.
Setting constant 1-bit at position 22 on $\ws2812_0.ws2812_LED0.mem0.MEM$rdreg[0] ($dff) from module SOC.
Setting constant 1-bit at position 23 on $\ws2812_0.ws2812_LED0.mem0.MEM$rdreg[0] ($dff) from module SOC.

47.31.7. Executing OPT_CLEAN pass (remove unused cells and wires).
Finding unused cells or wires in module \SOC..
Removed 0 unused cells and 128 unused wires.

47.31.8. Executing OPT_EXPR pass (perform const folding).
Optimizing module SOC.

47.31.9. Rerunning OPT passes. (Maybe there is more to do..)

47.31.10. Executing OPT_MUXTREE pass (detect dead branches in mux trees).
Running muxtree optimizer on module \SOC..
  Creating internal representation of mux trees.
  Evaluating internal representation of mux trees.
  Analyzing evaluation results.
Removed 0 multiplexer ports.

47.31.11. Executing OPT_REDUCE pass (consolidate $*mux and $reduce_* inputs).
  Optimizing cells in module \SOC.
Performed a total of 0 changes.

47.31.12. Executing OPT_MERGE pass (detect identical cells).
Finding identical cells in module `\SOC'.
Removed a total of 0 cells.

47.31.13. Executing OPT_DFF pass (perform DFF optimizations).
Adding SRST signal on $auto$ff.cc:266:slice$3682 ($dffe) from module SOC (D = \ws2812_0.ws2812_LED0.ws2812_0.lsr0.s_A [22:0], Q = \ws2812_0.ws2812_LED0.ws2812_0.lsr0.s_A [23:1], rval = 23'11111111111111111111111).
Adding EN signal on $auto$ff.cc:266:slice$3667 ($sdffe) from module SOC (D = $flatten\CPU.$ternary$cores/cpu/femtorv32_quark_V2.v:271$454_Y [0], Q = \CPU.PC [0]).
Setting constant 0-bit at position 16 on $auto$ff.cc:266:slice$2631 ($sdffe) from module SOC.
Setting constant 0-bit at position 17 on $auto$ff.cc:266:slice$2631 ($sdffe) from module SOC.
Setting constant 0-bit at position 18 on $auto$ff.cc:266:slice$2631 ($sdffe) from module SOC.
Setting constant 0-bit at position 19 on $auto$ff.cc:266:slice$2631 ($sdffe) from module SOC.
Setting constant 0-bit at position 20 on $auto$ff.cc:266:slice$2631 ($sdffe) from module SOC.
Setting constant 0-bit at position 21 on $auto$ff.cc:266:slice$2631 ($sdffe) from module SOC.
Setting constant 0-bit at position 22 on $auto$ff.cc:266:slice$2631 ($sdffe) from module SOC.
Setting constant 0-bit at position 23 on $auto$ff.cc:266:slice$2631 ($sdffe) from module SOC.
Setting constant 0-bit at position 24 on $auto$ff.cc:266:slice$2631 ($sdffe) from module SOC.
Setting constant 0-bit at position 25 on $auto$ff.cc:266:slice$2631 ($sdffe) from module SOC.
Setting constant 0-bit at position 26 on $auto$ff.cc:266:slice$2631 ($sdffe) from module SOC.
Setting constant 0-bit at position 27 on $auto$ff.cc:266:slice$2631 ($sdffe) from module SOC.
Setting constant 0-bit at position 28 on $auto$ff.cc:266:slice$2631 ($sdffe) from module SOC.
Setting constant 0-bit at position 29 on $auto$ff.cc:266:slice$2631 ($sdffe) from module SOC.
Setting constant 0-bit at position 30 on $auto$ff.cc:266:slice$2631 ($sdffe) from module SOC.
Setting constant 0-bit at position 31 on $auto$ff.cc:266:slice$2631 ($sdffe) from module SOC.
Setting constant 0-bit at position 20 on $auto$ff.cc:266:slice$2776 ($sdffe) from module SOC.
Setting constant 0-bit at position 21 on $auto$ff.cc:266:slice$2776 ($sdffe) from module SOC.
Setting constant 0-bit at position 22 on $auto$ff.cc:266:slice$2776 ($sdffe) from module SOC.
Setting constant 0-bit at position 23 on $auto$ff.cc:266:slice$2776 ($sdffe) from module SOC.
Setting constant 0-bit at position 24 on $auto$ff.cc:266:slice$2776 ($sdffe) from module SOC.
Setting constant 0-bit at position 25 on $auto$ff.cc:266:slice$2776 ($sdffe) from module SOC.
Setting constant 0-bit at position 26 on $auto$ff.cc:266:slice$2776 ($sdffe) from module SOC.
Setting constant 0-bit at position 27 on $auto$ff.cc:266:slice$2776 ($sdffe) from module SOC.
Setting constant 0-bit at position 28 on $auto$ff.cc:266:slice$2776 ($sdffe) from module SOC.
Setting constant 0-bit at position 29 on $auto$ff.cc:266:slice$2776 ($sdffe) from module SOC.
Setting constant 0-bit at position 30 on $auto$ff.cc:266:slice$2776 ($sdffe) from module SOC.
Setting constant 0-bit at position 31 on $auto$ff.cc:266:slice$2776 ($sdffe) from module SOC.
Setting constant 0-bit at position 16 on $auto$ff.cc:266:slice$2816 ($sdffe) from module SOC.
Setting constant 0-bit at position 17 on $auto$ff.cc:266:slice$2816 ($sdffe) from module SOC.
Setting constant 0-bit at position 18 on $auto$ff.cc:266:slice$2816 ($sdffe) from module SOC.
Setting constant 0-bit at position 19 on $auto$ff.cc:266:slice$2816 ($sdffe) from module SOC.
Setting constant 0-bit at position 20 on $auto$ff.cc:266:slice$2816 ($sdffe) from module SOC.
Setting constant 0-bit at position 21 on $auto$ff.cc:266:slice$2816 ($sdffe) from module SOC.
Setting constant 0-bit at position 22 on $auto$ff.cc:266:slice$2816 ($sdffe) from module SOC.
Setting constant 0-bit at position 23 on $auto$ff.cc:266:slice$2816 ($sdffe) from module SOC.
Setting constant 0-bit at position 24 on $auto$ff.cc:266:slice$2816 ($sdffe) from module SOC.
Setting constant 0-bit at position 25 on $auto$ff.cc:266:slice$2816 ($sdffe) from module SOC.
Setting constant 0-bit at position 26 on $auto$ff.cc:266:slice$2816 ($sdffe) from module SOC.
Setting constant 0-bit at position 27 on $auto$ff.cc:266:slice$2816 ($sdffe) from module SOC.
Setting constant 0-bit at position 28 on $auto$ff.cc:266:slice$2816 ($sdffe) from module SOC.
Setting constant 0-bit at position 29 on $auto$ff.cc:266:slice$2816 ($sdffe) from module SOC.
Setting constant 0-bit at position 30 on $auto$ff.cc:266:slice$2816 ($sdffe) from module SOC.
Setting constant 0-bit at position 31 on $auto$ff.cc:266:slice$2816 ($sdffe) from module SOC.

47.31.14. Executing OPT_CLEAN pass (remove unused cells and wires).
Finding unused cells or wires in module \SOC..
Removed 1 unused cells and 2 unused wires.

47.31.15. Executing OPT_EXPR pass (perform const folding).
Optimizing module SOC.

47.31.16. Rerunning OPT passes. (Maybe there is more to do..)

47.31.17. Executing OPT_MUXTREE pass (detect dead branches in mux trees).
Running muxtree optimizer on module \SOC..
  Creating internal representation of mux trees.
  Evaluating internal representation of mux trees.
  Analyzing evaluation results.
Removed 0 multiplexer ports.

47.31.18. Executing OPT_REDUCE pass (consolidate $*mux and $reduce_* inputs).
  Optimizing cells in module \SOC.
    New input vector for $reduce_and cell $auto$opt_dff.cc:220:make_patterns_logic$3881: { $auto$opt_dff.cc:194:make_patterns_logic$3878 $auto$opt_dff.cc:194:make_patterns_logic$3668 \CPU.state [2] }
    Consolidated identical input bits for $mux cell $flatten\CPU.$ternary$cores/cpu/femtorv32_quark_V2.v:272$453:
      Old ports: A={ \CPU.PCplus4 [23:2] 2'x }, B={ \CPU.PCplusImm [23:1] 1'x }, Y=$flatten\CPU.$ternary$cores/cpu/femtorv32_quark_V2.v:272$453_Y
      New ports: A={ \CPU.PCplus4 [23:2] 1'x }, B=\CPU.PCplusImm [23:1], Y=$flatten\CPU.$ternary$cores/cpu/femtorv32_quark_V2.v:272$453_Y [23:1]
      New connections: $flatten\CPU.$ternary$cores/cpu/femtorv32_quark_V2.v:272$453_Y [0] = 1'x
  Optimizing cells in module \SOC.
Performed a total of 2 changes.

47.31.19. Executing OPT_MERGE pass (detect identical cells).
Finding identical cells in module `\SOC'.
Removed a total of 0 cells.

47.31.20. Executing OPT_DFF pass (perform DFF optimizations).

47.31.21. Executing OPT_CLEAN pass (remove unused cells and wires).
Finding unused cells or wires in module \SOC..

47.31.22. Executing OPT_EXPR pass (perform const folding).
Optimizing module SOC.

47.31.23. Rerunning OPT passes. (Maybe there is more to do..)

47.31.24. Executing OPT_MUXTREE pass (detect dead branches in mux trees).
Running muxtree optimizer on module \SOC..
  Creating internal representation of mux trees.
  Evaluating internal representation of mux trees.
  Analyzing evaluation results.
Removed 0 multiplexer ports.

47.31.25. Executing OPT_REDUCE pass (consolidate $*mux and $reduce_* inputs).
  Optimizing cells in module \SOC.
Performed a total of 0 changes.

47.31.26. Executing OPT_MERGE pass (detect identical cells).
Finding identical cells in module `\SOC'.
Removed a total of 0 cells.

47.31.27. Executing OPT_DFF pass (perform DFF optimizations).

47.31.28. Executing OPT_CLEAN pass (remove unused cells and wires).
Finding unused cells or wires in module \SOC..

47.31.29. Executing OPT_EXPR pass (perform const folding).
Optimizing module SOC.

47.31.30. Finished OPT passes. (There is nothing left to do.)

47.32. Executing TECHMAP pass (map to technology primitives).

47.32.1. Executing Verilog-2005 frontend: /home/miguelangel-garcia/miniconda3/envs/digital/bin/../share/yosys/techmap.v
Parsing Verilog input from `/home/miguelangel-garcia/miniconda3/envs/digital/bin/../share/yosys/techmap.v' to AST representation.
Generating RTLIL representation for module `\_90_simplemap_bool_ops'.
Generating RTLIL representation for module `\_90_simplemap_reduce_ops'.
Generating RTLIL representation for module `\_90_simplemap_logic_ops'.
Generating RTLIL representation for module `\_90_simplemap_compare_ops'.
Generating RTLIL representation for module `\_90_simplemap_various'.
Generating RTLIL representation for module `\_90_simplemap_registers'.
Generating RTLIL representation for module `\_90_shift_ops_shr_shl_sshl_sshr'.
Generating RTLIL representation for module `\_90_shift_shiftx'.
Generating RTLIL representation for module `\_90_fa'.
Generating RTLIL representation for module `\_90_lcu'.
Generating RTLIL representation for module `\_90_alu'.
Generating RTLIL representation for module `\_90_macc'.
Generating RTLIL representation for module `\_90_alumacc'.
Generating RTLIL representation for module `\$__div_mod_u'.
Generating RTLIL representation for module `\$__div_mod_trunc'.
Generating RTLIL representation for module `\_90_div'.
Generating RTLIL representation for module `\_90_mod'.
Generating RTLIL representation for module `\$__div_mod_floor'.
Generating RTLIL representation for module `\_90_divfloor'.
Generating RTLIL representation for module `\_90_modfloor'.
Generating RTLIL representation for module `\_90_pow'.
Generating RTLIL representation for module `\_90_pmux'.
Generating RTLIL representation for module `\_90_demux'.
Generating RTLIL representation for module `\_90_lut'.
Successfully finished Verilog frontend.

47.32.2. Executing Verilog-2005 frontend: /home/miguelangel-garcia/miniconda3/envs/digital/bin/../share/yosys/ecp5/arith_map.v
Parsing Verilog input from `/home/miguelangel-garcia/miniconda3/envs/digital/bin/../share/yosys/ecp5/arith_map.v' to AST representation.
Generating RTLIL representation for module `\_80_ecp5_alu'.
Successfully finished Verilog frontend.

47.32.3. Continuing TECHMAP pass.
Using extmapper simplemap for cells of type $reduce_or.
Using extmapper simplemap for cells of type $and.
Using extmapper simplemap for cells of type $eq.
Using template $paramod$c96def1cdcef2eee3c62e5dfb7ba2dd09c9f74dd\_90_pmux for cells of type $pmux.
Using template $paramod$2c079635cc3605069ab40b91fe19f62c64fe8509\_90_pmux for cells of type $pmux.
Using extmapper simplemap for cells of type $reduce_bool.
Using template $paramod$c3cd1564c35d873179656addd6052d7ea8b6d991\_80_ecp5_alu for cells of type $alu.
Using template $paramod$cc48387a3f2cae79a81035f3d5a9b4758cb77854\_80_ecp5_alu for cells of type $alu.
Using extmapper simplemap for cells of type $not.
Using extmapper simplemap for cells of type $or.
Using extmapper simplemap for cells of type $sdffe.
Using extmapper simplemap for cells of type $sdff.
Using extmapper simplemap for cells of type $mux.
Using extmapper simplemap for cells of type $dffe.
Using template $paramod$c2e415ef15bc3ccd2723772353a6b450d3d76206\_90_pmux for cells of type $pmux.
Using template $paramod$dc04b7d98e503a7bab16fce2df70e6e2c5ca34d6\_80_ecp5_alu for cells of type $alu.
Using extmapper simplemap for cells of type $logic_not.
Using template $paramod$740b056ede97228d3eae64ea2fdc81f0a33e0fe7\_90_alu for cells of type $alu.
Using extmapper simplemap for cells of type $sdffce.
Using template $paramod$6a42b6fefed750f8a1c58eab59479d960557103c\_80_ecp5_alu for cells of type $alu.
Using template $paramod$080e6a70eb8bfa1ccf22d9718e795074645029a4\_80_ecp5_alu for cells of type $alu.
Using extmapper simplemap for cells of type $xor.
Using template $paramod$448756c9a9dfaa49080ce4b90c6cc182883e181f\_80_ecp5_alu for cells of type $alu.
Using template $paramod$e82d3fc1811c5751348a3964470632b35a435fc7\_80_ecp5_alu for cells of type $alu.
Using template $paramod$2f5fb04daf2da94d981bf9455fa4454c6ec8b705\_80_ecp5_alu for cells of type $alu.
Using template $paramod$constmap:1b6115d36d46c0296d0024e3e3623593810ba834$paramod$3b3a66a7766bf28794ddcd35314b025da1fe57c8\_90_shift_ops_shr_shl_sshl_sshr for cells of type $shl.
Using extmapper simplemap for cells of type $lut.
Using template $paramod$824a2ca00d29d886599434cf8ea60471635f2955\_90_demux for cells of type $demux.
Using extmapper simplemap for cells of type $reduce_and.
Using template $paramod$32a7b7b86c07519b7537abc18e96f0331f97914d\_90_alu for cells of type $alu.
Using template $paramod$a1665ef28c749ebcdbe9aecd466e644647b56463\_80_ecp5_alu for cells of type $alu.
Using extmapper simplemap for cells of type $logic_and.
Using extmapper simplemap for cells of type $ne.
Using extmapper simplemap for cells of type $dff.
Using template $paramod$521ce43182eecb9f60c72393a788160d2c356bf5\_90_pmux for cells of type $pmux.
Using template $paramod$5fa769bd6f6ca230a24c9bbc0e120f15bcfea838\_90_pmux for cells of type $pmux.
Using template $paramod$56f7ce6d87f8add68ca646dc02d7695a3189f8e5\_90_pmux for cells of type $pmux.
Using template $paramod$77db613179eb70c5e4e5c5aca72d602a7c6017b6\_90_pmux for cells of type $pmux.
Using template $paramod$32efbfac1c4dc57230cf86180788fdfd12e3b511\_80_ecp5_alu for cells of type $alu.
Using template $paramod$e04283ca12514baf3d204c6994bec8f178dd89f8\_80_ecp5_alu for cells of type $alu.
Using template $paramod$8742280fdebca84e1c87f2a86ed84f62d558f4cc\_90_alu for cells of type $alu.
Using template $paramod$fbc7873bff55778c0b3173955b7e4bce1d9d6834\_80_ecp5_alu for cells of type $alu.
Using template $paramod$20d3ee62d72123142eb855d7ddafd835e31ba009\_90_pmux for cells of type $pmux.
Using template $paramod$fedb90247e1daaa8b0af86a595f377181f141d27\_90_pmux for cells of type $pmux.
Using template $paramod$068ad458e7761d78e5eed8238508872e7b0aef95\_90_pmux for cells of type $pmux.
Using template $paramod$789c344356a154d2afc7b832b41d1067dbc946ba\_80_ecp5_alu for cells of type $alu.
Using template $paramod$6df0329addda9228fcc2546de2aaf14ad26c98e1\_80_ecp5_alu for cells of type $alu.
Using extmapper simplemap for cells of type $logic_or.
Using extmapper simplemap for cells of type $pos.
Using template $paramod\_90_lcu\WIDTH=32'00000000000000000000000000000100 for cells of type $lcu.
No more expansions possible.

47.33. Executing OPT pass (performing simple optimizations).

47.33.1. Executing OPT_EXPR pass (perform const folding).
Optimizing module SOC.

47.33.2. Executing OPT_MERGE pass (detect identical cells).
Finding identical cells in module `\SOC'.
Removed a total of 290 cells.

47.33.3. Executing OPT_DFF pass (perform DFF optimizations).
Adding EN signal on $auto$ff.cc:266:slice$8682 ($_DFF_P_) from module SOC (D = \CPU.rs2 [2], Q = \per_uart.uart_ctrl [2]).

47.33.4. Executing OPT_CLEAN pass (remove unused cells and wires).
Finding unused cells or wires in module \SOC..
Removed 813 unused cells and 2471 unused wires.

47.33.5. Rerunning OPT passes. (Removed registers in this run.)

47.33.6. Executing OPT_EXPR pass (perform const folding).
Optimizing module SOC.

47.33.7. Executing OPT_MERGE pass (detect identical cells).
Finding identical cells in module `\SOC'.
Removed a total of 0 cells.

47.33.8. Executing OPT_DFF pass (perform DFF optimizations).
Adding SRST signal on $auto$ff.cc:266:slice$8824 ($_DFF_P_) from module SOC (D = $flatten\per_uart.$procmux$1777.B_AND_S [9], Q = \per_uart.d_out [9], rval = 1'0).
Adding SRST signal on $auto$ff.cc:266:slice$8823 ($_DFF_P_) from module SOC (D = $flatten\per_uart.$procmux$1777.B_AND_S [8], Q = \per_uart.d_out [8], rval = 1'0).
Adding SRST signal on $auto$ff.cc:266:slice$8822 ($_DFF_P_) from module SOC (D = $flatten\per_uart.$procmux$1777.Y_B [7], Q = \per_uart.d_out [7], rval = 1'0).
Adding SRST signal on $auto$ff.cc:266:slice$8821 ($_DFF_P_) from module SOC (D = $flatten\per_uart.$procmux$1777.B_AND_S [16], Q = \per_uart.d_out [6], rval = 1'0).
Adding SRST signal on $auto$ff.cc:266:slice$8820 ($_DFF_P_) from module SOC (D = $flatten\per_uart.$procmux$1777.B_AND_S [15], Q = \per_uart.d_out [5], rval = 1'0).
Adding SRST signal on $auto$ff.cc:266:slice$8819 ($_DFF_P_) from module SOC (D = $flatten\per_uart.$procmux$1777.B_AND_S [14], Q = \per_uart.d_out [4], rval = 1'0).
Adding SRST signal on $auto$ff.cc:266:slice$8818 ($_DFF_P_) from module SOC (D = $flatten\per_uart.$procmux$1777.B_AND_S [13], Q = \per_uart.d_out [3], rval = 1'0).
Adding SRST signal on $auto$ff.cc:266:slice$8817 ($_DFF_P_) from module SOC (D = $flatten\per_uart.$procmux$1777.B_AND_S [12], Q = \per_uart.d_out [2], rval = 1'0).
Adding SRST signal on $auto$ff.cc:266:slice$8816 ($_DFF_P_) from module SOC (D = $flatten\per_uart.$procmux$1777.B_AND_S [11], Q = \per_uart.d_out [1], rval = 1'0).
Adding SRST signal on $auto$ff.cc:266:slice$8815 ($_DFF_P_) from module SOC (D = $flatten\per_uart.$procmux$1777.B_AND_S [10], Q = \per_uart.d_out [0], rval = 1'0).
Adding SRST signal on $auto$ff.cc:266:slice$8209 ($_SDFF_PN0_) from module SOC (D = \CPU.state [1], Q = \CPU.state [2], rval = 1'0).
Adding SRST signal on $auto$ff.cc:266:slice$7105 ($_SDFF_PN0_) from module SOC (D = $flatten\mult1.\mult1.\control0.$procmux$913.Y_B [2], Q = \mult1.mult1.control0.state [2], rval = 1'0).
Adding SRST signal on $auto$ff.cc:266:slice$7104 ($_SDFF_PN0_) from module SOC (D = $flatten\mult1.\mult1.\control0.$procmux$913.Y_B [1], Q = \mult1.mult1.control0.state [1], rval = 1'0).
Adding SRST signal on $auto$ff.cc:266:slice$7103 ($_SDFF_PN0_) from module SOC (D = $flatten\mult1.\mult1.\control0.$procmux$913.Y_B [0], Q = \mult1.mult1.control0.state [0], rval = 1'0).

47.33.9. Executing OPT_CLEAN pass (remove unused cells and wires).
Finding unused cells or wires in module \SOC..
Removed 14 unused cells and 6 unused wires.

47.33.10. Rerunning OPT passes. (Removed registers in this run.)

47.33.11. Executing OPT_EXPR pass (perform const folding).
Optimizing module SOC.

47.33.12. Executing OPT_MERGE pass (detect identical cells).
Finding identical cells in module `\SOC'.
Removed a total of 2 cells.

47.33.13. Executing OPT_DFF pass (perform DFF optimizations).

47.33.14. Executing OPT_CLEAN pass (remove unused cells and wires).
Finding unused cells or wires in module \SOC..
Removed 0 unused cells and 2 unused wires.

47.33.15. Finished fast OPT passes.

47.34. Executing OPT_CLEAN pass (remove unused cells and wires).
Finding unused cells or wires in module \SOC..

47.35. Executing DFFLEGALIZE pass (convert FFs to types supported by the target).

47.36. Executing TECHMAP pass (map to technology primitives).

47.36.1. Executing Verilog-2005 frontend: /home/miguelangel-garcia/miniconda3/envs/digital/bin/../share/yosys/ecp5/cells_map.v
Parsing Verilog input from `/home/miguelangel-garcia/miniconda3/envs/digital/bin/../share/yosys/ecp5/cells_map.v' to AST representation.
Generating RTLIL representation for module `\$_DFF_N_'.
Generating RTLIL representation for module `\$_DFF_P_'.
Generating RTLIL representation for module `\$_DFFE_NN_'.
Generating RTLIL representation for module `\$_DFFE_PN_'.
Generating RTLIL representation for module `\$_DFFE_NP_'.
Generating RTLIL representation for module `\$_DFFE_PP_'.
Generating RTLIL representation for module `\$_DFF_NP0_'.
Generating RTLIL representation for module `\$_DFF_NP1_'.
Generating RTLIL representation for module `\$_DFF_PP0_'.
Generating RTLIL representation for module `\$_DFF_PP1_'.
Generating RTLIL representation for module `\$_SDFF_NP0_'.
Generating RTLIL representation for module `\$_SDFF_NP1_'.
Generating RTLIL representation for module `\$_SDFF_PP0_'.
Generating RTLIL representation for module `\$_SDFF_PP1_'.
Generating RTLIL representation for module `\$_DFFE_NP0P_'.
Generating RTLIL representation for module `\$_DFFE_NP1P_'.
Generating RTLIL representation for module `\$_DFFE_PP0P_'.
Generating RTLIL representation for module `\$_DFFE_PP1P_'.
Generating RTLIL representation for module `\$_DFFE_NP0N_'.
Generating RTLIL representation for module `\$_DFFE_NP1N_'.
Generating RTLIL representation for module `\$_DFFE_PP0N_'.
Generating RTLIL representation for module `\$_DFFE_PP1N_'.
Generating RTLIL representation for module `\$_SDFFE_NP0P_'.
Generating RTLIL representation for module `\$_SDFFE_NP1P_'.
Generating RTLIL representation for module `\$_SDFFE_PP0P_'.
Generating RTLIL representation for module `\$_SDFFE_PP1P_'.
Generating RTLIL representation for module `\$_SDFFE_NP0N_'.
Generating RTLIL representation for module `\$_SDFFE_NP1N_'.
Generating RTLIL representation for module `\$_SDFFE_PP0N_'.
Generating RTLIL representation for module `\$_SDFFE_PP1N_'.
Generating RTLIL representation for module `\$_ALDFF_NP_'.
Generating RTLIL representation for module `\$_ALDFF_PP_'.
Generating RTLIL representation for module `\$_ALDFFE_NPN_'.
Generating RTLIL representation for module `\$_ALDFFE_NPP_'.
Generating RTLIL representation for module `\$_ALDFFE_PPN_'.
Generating RTLIL representation for module `\$_ALDFFE_PPP_'.
Generating RTLIL representation for module `\FD1P3AX'.
Generating RTLIL representation for module `\FD1P3AY'.
Generating RTLIL representation for module `\FD1P3BX'.
Generating RTLIL representation for module `\FD1P3DX'.
Generating RTLIL representation for module `\FD1P3IX'.
Generating RTLIL representation for module `\FD1P3JX'.
Generating RTLIL representation for module `\FD1S3AX'.
Generating RTLIL representation for module `\FD1S3AY'.
Generating RTLIL representation for module `\FD1S3BX'.
Generating RTLIL representation for module `\FD1S3DX'.
Generating RTLIL representation for module `\FD1S3IX'.
Generating RTLIL representation for module `\FD1S3JX'.
Generating RTLIL representation for module `\IFS1P3BX'.
Generating RTLIL representation for module `\IFS1P3DX'.
Generating RTLIL representation for module `\IFS1P3IX'.
Generating RTLIL representation for module `\IFS1P3JX'.
Generating RTLIL representation for module `\OFS1P3BX'.
Generating RTLIL representation for module `\OFS1P3DX'.
Generating RTLIL representation for module `\OFS1P3IX'.
Generating RTLIL representation for module `\OFS1P3JX'.
Generating RTLIL representation for module `\IB'.
Generating RTLIL representation for module `\IBPU'.
Generating RTLIL representation for module `\IBPD'.
Generating RTLIL representation for module `\OB'.
Generating RTLIL representation for module `\OBZ'.
Generating RTLIL representation for module `\OBZPU'.
Generating RTLIL representation for module `\OBZPD'.
Generating RTLIL representation for module `\OBCO'.
Generating RTLIL representation for module `\BB'.
Generating RTLIL representation for module `\BBPU'.
Generating RTLIL representation for module `\BBPD'.
Generating RTLIL representation for module `\ILVDS'.
Generating RTLIL representation for module `\OLVDS'.
Successfully finished Verilog frontend.

47.36.2. Continuing TECHMAP pass.
Using template \$_SDFFE_NP0P_ for cells of type $_SDFFE_NP0P_.
Using template \$_SDFFE_PP0P_ for cells of type $_SDFFE_PP0P_.
Using template $paramod\$_DFF_N_\_TECHMAP_WIREINIT_Q_=1'x for cells of type $_DFF_N_.
Using template \$_SDFFE_PP1P_ for cells of type $_SDFFE_PP1P_.
Using template $paramod\$_DFF_P_\_TECHMAP_WIREINIT_Q_=1'x for cells of type $_DFF_P_.
Using template \$_SDFF_PP0_ for cells of type $_SDFF_PP0_.
Using template $paramod\$_DFFE_PP_\_TECHMAP_WIREINIT_Q_=1'0 for cells of type $_DFFE_PP_.
Using template $paramod\$_DFFE_PP_\_TECHMAP_WIREINIT_Q_=1'x for cells of type $_DFFE_PP_.
Using template $paramod\$_DFFE_NP_\_TECHMAP_WIREINIT_Q_=1'x for cells of type $_DFFE_NP_.
Using template $paramod\$_DFF_N_\_TECHMAP_WIREINIT_Q_=1'0 for cells of type $_DFF_N_.
Using template $paramod\$_DFF_N_\_TECHMAP_WIREINIT_Q_=1'1 for cells of type $_DFF_N_.
Using template \$_SDFF_PP1_ for cells of type $_SDFF_PP1_.
Using template \$_SDFFE_PP0N_ for cells of type $_SDFFE_PP0N_.
Using template \$_SDFFE_NP1P_ for cells of type $_SDFFE_NP1P_.
No more expansions possible.

47.37. Executing OPT_EXPR pass (perform const folding).
Optimizing module SOC.

47.38. Executing SIMPLEMAP pass (map simple cells to gate primitives).

47.39. Executing LATTICE_GSR pass (implement FF init values).
Handling GSR in SOC.

47.40. Executing ATTRMVCP pass (move or copy attributes).

47.41. Executing OPT_CLEAN pass (remove unused cells and wires).
Finding unused cells or wires in module \SOC..
Removed 0 unused cells and 4608 unused wires.

47.42. Executing TECHMAP pass (map to technology primitives).

47.42.1. Executing Verilog-2005 frontend: /home/miguelangel-garcia/miniconda3/envs/digital/bin/../share/yosys/ecp5/latches_map.v
Parsing Verilog input from `/home/miguelangel-garcia/miniconda3/envs/digital/bin/../share/yosys/ecp5/latches_map.v' to AST representation.
Generating RTLIL representation for module `\$_DLATCH_N_'.
Generating RTLIL representation for module `\$_DLATCH_P_'.
Successfully finished Verilog frontend.

47.42.2. Continuing TECHMAP pass.
No more expansions possible.

47.43. Executing ABC pass (technology mapping using ABC).

47.43.1. Extracting gate netlist of module `\SOC' to `<abc-temp-dir>/input.blif'..
Extracted 3275 gates and 4374 wires to a netlist network with 1097 inputs and 1201 outputs.

47.43.1.1. Executing ABC.
Running ABC command: "<yosys-exe-dir>/yosys-abc" -s -f <abc-temp-dir>/abc.script 2>&1
ABC: ABC command line: "source <abc-temp-dir>/abc.script".
ABC: 
ABC: + read_blif <abc-temp-dir>/input.blif 
ABC: + read_lut <abc-temp-dir>/lutdefs.txt 
ABC: + strash 
ABC: + &get -n 
ABC: + &fraig -x 
ABC: + &put 
ABC: + scorr 
ABC: Warning: The network is combinational (run "fraig" or "fraig_sweep").
ABC: + dc2 
ABC: + dretime 
ABC: + strash 
ABC: + dch -f 
ABC: + if 
ABC: + mfs2 
ABC: + dress <abc-temp-dir>/input.blif 
ABC: Total number of equiv classes                =     996.
ABC: Participating nodes from both networks       =    3062.
ABC: Participating nodes from the first network   =    1458. (  90.56 % of nodes)
ABC: Participating nodes from the second network  =    1604. (  99.63 % of nodes)
ABC: Node pairs (any polarity)                    =    1458. (  90.56 % of names can be moved)
ABC: Node pairs (same polarity)                   =    1329. (  82.55 % of names can be moved)
ABC: Total runtime =     0.10 sec
ABC: + write_blif <abc-temp-dir>/output.blif 

47.43.1.2. Re-integrating ABC results.
ABC RESULTS:              $lut cells:     1609
ABC RESULTS:        internal signals:     2076
ABC RESULTS:           input signals:     1097
ABC RESULTS:          output signals:     1201
Removing temp directory.
Removed 0 unused cells and 2610 unused wires.

47.44. Executing TECHMAP pass (map to technology primitives).

47.44.1. Executing Verilog-2005 frontend: /home/miguelangel-garcia/miniconda3/envs/digital/bin/../share/yosys/ecp5/cells_map.v
Parsing Verilog input from `/home/miguelangel-garcia/miniconda3/envs/digital/bin/../share/yosys/ecp5/cells_map.v' to AST representation.
Generating RTLIL representation for module `\$_DFF_N_'.
Generating RTLIL representation for module `\$_DFF_P_'.
Generating RTLIL representation for module `\$_DFFE_NN_'.
Generating RTLIL representation for module `\$_DFFE_PN_'.
Generating RTLIL representation for module `\$_DFFE_NP_'.
Generating RTLIL representation for module `\$_DFFE_PP_'.
Generating RTLIL representation for module `\$_DFF_NP0_'.
Generating RTLIL representation for module `\$_DFF_NP1_'.
Generating RTLIL representation for module `\$_DFF_PP0_'.
Generating RTLIL representation for module `\$_DFF_PP1_'.
Generating RTLIL representation for module `\$_SDFF_NP0_'.
Generating RTLIL representation for module `\$_SDFF_NP1_'.
Generating RTLIL representation for module `\$_SDFF_PP0_'.
Generating RTLIL representation for module `\$_SDFF_PP1_'.
Generating RTLIL representation for module `\$_DFFE_NP0P_'.
Generating RTLIL representation for module `\$_DFFE_NP1P_'.
Generating RTLIL representation for module `\$_DFFE_PP0P_'.
Generating RTLIL representation for module `\$_DFFE_PP1P_'.
Generating RTLIL representation for module `\$_DFFE_NP0N_'.
Generating RTLIL representation for module `\$_DFFE_NP1N_'.
Generating RTLIL representation for module `\$_DFFE_PP0N_'.
Generating RTLIL representation for module `\$_DFFE_PP1N_'.
Generating RTLIL representation for module `\$_SDFFE_NP0P_'.
Generating RTLIL representation for module `\$_SDFFE_NP1P_'.
Generating RTLIL representation for module `\$_SDFFE_PP0P_'.
Generating RTLIL representation for module `\$_SDFFE_PP1P_'.
Generating RTLIL representation for module `\$_SDFFE_NP0N_'.
Generating RTLIL representation for module `\$_SDFFE_NP1N_'.
Generating RTLIL representation for module `\$_SDFFE_PP0N_'.
Generating RTLIL representation for module `\$_SDFFE_PP1N_'.
Generating RTLIL representation for module `\$_ALDFF_NP_'.
Generating RTLIL representation for module `\$_ALDFF_PP_'.
Generating RTLIL representation for module `\$_ALDFFE_NPN_'.
Generating RTLIL representation for module `\$_ALDFFE_NPP_'.
Generating RTLIL representation for module `\$_ALDFFE_PPN_'.
Generating RTLIL representation for module `\$_ALDFFE_PPP_'.
Generating RTLIL representation for module `\FD1P3AX'.
Generating RTLIL representation for module `\FD1P3AY'.
Generating RTLIL representation for module `\FD1P3BX'.
Generating RTLIL representation for module `\FD1P3DX'.
Generating RTLIL representation for module `\FD1P3IX'.
Generating RTLIL representation for module `\FD1P3JX'.
Generating RTLIL representation for module `\FD1S3AX'.
Generating RTLIL representation for module `\FD1S3AY'.
Generating RTLIL representation for module `\FD1S3BX'.
Generating RTLIL representation for module `\FD1S3DX'.
Generating RTLIL representation for module `\FD1S3IX'.
Generating RTLIL representation for module `\FD1S3JX'.
Generating RTLIL representation for module `\IFS1P3BX'.
Generating RTLIL representation for module `\IFS1P3DX'.
Generating RTLIL representation for module `\IFS1P3IX'.
Generating RTLIL representation for module `\IFS1P3JX'.
Generating RTLIL representation for module `\OFS1P3BX'.
Generating RTLIL representation for module `\OFS1P3DX'.
Generating RTLIL representation for module `\OFS1P3IX'.
Generating RTLIL representation for module `\OFS1P3JX'.
Generating RTLIL representation for module `\IB'.
Generating RTLIL representation for module `\IBPU'.
Generating RTLIL representation for module `\IBPD'.
Generating RTLIL representation for module `\OB'.
Generating RTLIL representation for module `\OBZ'.
Generating RTLIL representation for module `\OBZPU'.
Generating RTLIL representation for module `\OBZPD'.
Generating RTLIL representation for module `\OBCO'.
Generating RTLIL representation for module `\BB'.
Generating RTLIL representation for module `\BBPU'.
Generating RTLIL representation for module `\BBPD'.
Generating RTLIL representation for module `\ILVDS'.
Generating RTLIL representation for module `\OLVDS'.
Generating RTLIL representation for module `\$lut'.
Successfully finished Verilog frontend.

47.44.2. Continuing TECHMAP pass.
Using template $paramod\$lut\WIDTH=32'00000000000000000000000000000010\LUT=4'1110 for cells of type $lut.
Using template $paramod$658b9ed803f0d3d335616d3858b53e0a2522f1e8\$lut for cells of type $lut.
Using template $paramod$965f8f2fa1a796a6c51222eabb50fbd26e97d98b\$lut for cells of type $lut.
Using template $paramod$4913b2153bfc480d7c5373272c333ee519e62c3f\$lut for cells of type $lut.
Using template $paramod$cbb2dfe31d344d3326d567c2ed5a4b2a29f63219\$lut for cells of type $lut.
Using template $paramod$56c6fc98268f6966dd23dcb4af9b8f5298fa7ead\$lut for cells of type $lut.
Using template $paramod$53116dd00de48a756800052c09bf2f4d346349cf\$lut for cells of type $lut.
Using template $paramod$b431bfd938e35871dd0b7668e1503c7e8b9d491c\$lut for cells of type $lut.
Using template $paramod\$lut\WIDTH=32'00000000000000000000000000000011\LUT=8'10101100 for cells of type $lut.
Using template $paramod\$lut\WIDTH=32'00000000000000000000000000000010\LUT=4'1000 for cells of type $lut.
Using template $paramod\$lut\WIDTH=32'00000000000000000000000000000010\LUT=4'0001 for cells of type $lut.
Using template $paramod$f9c112f5fe2c17715d8c265f1ad593784a1e8114\$lut for cells of type $lut.
Using template $paramod$6d6beead1425af15cf78b27fd9b11b41b5d4bce8\$lut for cells of type $lut.
Using template $paramod$83742432610aaf62d589083aaaa3768096793be8\$lut for cells of type $lut.
Using template $paramod$c5b694ec89d7629b942ccf6a9be1d39e24f8edec\$lut for cells of type $lut.
Using template $paramod\$lut\WIDTH=32'00000000000000000000000000000010\LUT=4'0100 for cells of type $lut.
Using template $paramod$b0e917d968da941a2ca2dd33b04074a0f4d50222\$lut for cells of type $lut.
Using template $paramod$478e33feeac3aa53ff57d491aada044b8aedceae\$lut for cells of type $lut.
Using template $paramod$b4d0f4738a5ce50c7f36c2aa2ecc09cfb874f2b6\$lut for cells of type $lut.
Using template $paramod$4fba4d8cf7fa2c90da12dc24f0b4a1773bec3d07\$lut for cells of type $lut.
Using template $paramod\$lut\WIDTH=32'00000000000000000000000000000011\LUT=8'10100011 for cells of type $lut.
Using template $paramod\$lut\WIDTH=32'00000000000000000000000000000001\LUT=2'01 for cells of type $lut.
Using template $paramod$6e238df02989b317f10820a22773676e71120644\$lut for cells of type $lut.
Using template $paramod$272652f6c6fbe9a75eff76e45cc7e2788835518b\$lut for cells of type $lut.
Using template $paramod$4426ba12ccc3d0cb9276205fadeed96da596c448\$lut for cells of type $lut.
Using template $paramod$8c081497b4b1dcbc2fee3c48519e30b91f0aa6a5\$lut for cells of type $lut.
Using template $paramod$9014b1590d6f939c361a4253d6f304785f727016\$lut for cells of type $lut.
Using template $paramod\$lut\WIDTH=32'00000000000000000000000000000011\LUT=8'00000001 for cells of type $lut.
Using template $paramod$c1a19a87ccbbb03d43a72335db63f692ddf82cc1\$lut for cells of type $lut.
Using template $paramod$11ec7271d8e6e5aeaace08c13e4c601f10e31038\$lut for cells of type $lut.
Using template $paramod\$lut\WIDTH=32'00000000000000000000000000000011\LUT=8'00010000 for cells of type $lut.
Using template $paramod$da2f95476331ffa2143f8212db8aff730de806a0\$lut for cells of type $lut.
Using template $paramod\$lut\WIDTH=32'00000000000000000000000000000011\LUT=8'10000000 for cells of type $lut.
Using template $paramod\$lut\WIDTH=32'00000000000000000000000000000011\LUT=8'01000000 for cells of type $lut.
Using template $paramod$35d201d5d13b0689930fb454a340191997b0e867\$lut for cells of type $lut.
Using template $paramod\$lut\WIDTH=32'00000000000000000000000000000010\LUT=4'0111 for cells of type $lut.
Using template $paramod$c17001e40829b1c60b368b36d3563e4375afe867\$lut for cells of type $lut.
Using template $paramod$4d4d3bbe4065b7fc301ea101ae5398df0bc58e40\$lut for cells of type $lut.
Using template $paramod$a1dba8b086b25937ac155eb087802a110d5b987d\$lut for cells of type $lut.
Using template $paramod$12ef31446fd6f1fa9ed73d48ce76ac19cf9ea31d\$lut for cells of type $lut.
Using template $paramod$5de25741a9f1bf46c60fde81c0e7a127c70a3df3\$lut for cells of type $lut.
Using template $paramod$7f2b8ecf27ac3f639131532cb963d08db26c699b\$lut for cells of type $lut.
Using template $paramod$6a0faddbb1877e236e8eb8130711942937277f4e\$lut for cells of type $lut.
Using template $paramod$ffbd607ab9c47ce6621980f61806f1e16ff13b8b\$lut for cells of type $lut.
Using template $paramod$43b0747bc42dcbceae57f8d4249385f3c971ed93\$lut for cells of type $lut.
Using template $paramod$fc6c74ee9a386e83a87c1dc5c3bfcbca861cef2a\$lut for cells of type $lut.
Using template $paramod$7c92ff3e30805bd31a39c3af1586a7d31198f54d\$lut for cells of type $lut.
Using template $paramod$e89ac58f360f774aaa6ec82384df6d4f7265bb69\$lut for cells of type $lut.
Using template $paramod$0623e17b239149821fdbe2294e3bbba8e938900a\$lut for cells of type $lut.
Using template $paramod$e5759512db67494ff77fbdfc66dff4006376568f\$lut for cells of type $lut.
Using template $paramod$f61bcfc038ef0de2eddfeb812d6ced6ba1cf17ea\$lut for cells of type $lut.
Using template $paramod$21d0c91130da27fd4cb187d8cefe3926b682bdee\$lut for cells of type $lut.
Using template $paramod$b4f15f202f50520dbc381cd0880ac94f830f05a8\$lut for cells of type $lut.
Using template $paramod$0291521cf5457e6358befa7154ed1af4554052b6\$lut for cells of type $lut.
Using template $paramod$099bd0f2c6226b684ce7b4b3e29448d74bfa1b6c\$lut for cells of type $lut.
Using template $paramod$835428b4e8ebe392b8f14d1a3526215ddc05c6a9\$lut for cells of type $lut.
Using template $paramod$c9feeab30a55c28e348e95d2143036216aa309a7\$lut for cells of type $lut.
Using template $paramod$5cb0c89c3e1377f8f3a1167e1b2862d7f2f76843\$lut for cells of type $lut.
Using template $paramod$b4a81661e7319d638c7e50ba70c270e035aebbd9\$lut for cells of type $lut.
Using template $paramod$c3272dc674ea41e54685759be5ec5087eeaa88cd\$lut for cells of type $lut.
Using template $paramod$28450006a0f0a0e8e130a3e2050a2f052d1ed816\$lut for cells of type $lut.
Using template $paramod$c5336411aef16067c9c5e605db2a887372ddb052\$lut for cells of type $lut.
Using template $paramod$12879138d1e376f344e47ea40be66b776233be75\$lut for cells of type $lut.
Using template $paramod$e9c77024ca501b890c641f9c0b10e27242db8730\$lut for cells of type $lut.
Using template $paramod$14a61523861469cf50a0a46a7b33dc58fd939411\$lut for cells of type $lut.
Using template $paramod$a15fd389a2f54cb7b94707b25934d226e68d9e2e\$lut for cells of type $lut.
Using template $paramod\$lut\WIDTH=32'00000000000000000000000000000011\LUT=8'00010100 for cells of type $lut.
Using template $paramod$3fe9b465bc4eac38ccdd02e8133897fa464de465\$lut for cells of type $lut.
Using template $paramod$61d1922b7a54e060f9315a163abe580ccdaebac5\$lut for cells of type $lut.
Using template $paramod$608f40069c27841a5b3bdf03643a34bdc8974072\$lut for cells of type $lut.
Using template $paramod\$lut\WIDTH=32'00000000000000000000000000000011\LUT=8'10110000 for cells of type $lut.
Using template $paramod$2318a81ce84aeebc6fcc6ce9a2c19c27e4c508d0\$lut for cells of type $lut.
Using template $paramod\$lut\WIDTH=32'00000000000000000000000000000010\LUT=4'0110 for cells of type $lut.
Using template $paramod$ad25020a2293a6661f3359ceb5327107c136b286\$lut for cells of type $lut.
Using template $paramod\$lut\WIDTH=32'00000000000000000000000000000011\LUT=8'00000111 for cells of type $lut.
Using template $paramod$a670b08a47dd8a34f954c50cd06e9996d77e8467\$lut for cells of type $lut.
Using template $paramod$9b838c149495a6581d13a3f659e81e38193a62d0\$lut for cells of type $lut.
Using template $paramod$7bb6a37e65823eeb4b38c370fec30ab082759a14\$lut for cells of type $lut.
Using template $paramod$571404c0889eaf57f492cb5e37f8acb5df5852f9\$lut for cells of type $lut.
Using template $paramod$49af33aa6aa19b94c8fdc46f549df37fbca7f5e7\$lut for cells of type $lut.
Using template $paramod$bb59fc9d73f3ced261e3a74efef030fd29d37b76\$lut for cells of type $lut.
Using template $paramod\$lut\WIDTH=32'00000000000000000000000000000011\LUT=8'11110100 for cells of type $lut.
Using template $paramod$cf652acbfbf67d2248e3045cd0f09c58ca55886c\$lut for cells of type $lut.
Using template $paramod$4a4a8415dd388f2b2194ac7a9175479a6baa2f23\$lut for cells of type $lut.
Using template $paramod$4453a749320751aef6c5aa747571d89cf669f894\$lut for cells of type $lut.
Using template $paramod$7d98dcdde05cc610396501dfc29ea85181427d96\$lut for cells of type $lut.
Using template $paramod\$lut\WIDTH=32'00000000000000000000000000000011\LUT=8'11001010 for cells of type $lut.
Using template $paramod$b5e7eb1dfe4a96196dd0945c6eec098ce97622bf\$lut for cells of type $lut.
Using template $paramod$07e3200b46e556589d35d9f16cd7566ffe4879ca\$lut for cells of type $lut.
Using template $paramod$c88893c688d677cdf8b84ba22501872c80d8c245\$lut for cells of type $lut.
Using template $paramod$b587e1dcd8f8a9800d395e4aeecac52c55d6f585\$lut for cells of type $lut.
Using template $paramod$332a399730bfc61adea04021a76b1c4e4030f37d\$lut for cells of type $lut.
Using template $paramod$c103261b4aa14392c68e6ea0a0b92d995b7904b8\$lut for cells of type $lut.
Using template $paramod$e2e4d79bec18c28fa313e8bd8f4df6f8a38115b2\$lut for cells of type $lut.
Using template $paramod$973818279bc95792902f3c09371fd2407d04a2a5\$lut for cells of type $lut.
Using template $paramod$b637cf4714c2e93484bb499728e176a6ab69c910\$lut for cells of type $lut.
Using template $paramod$6f9324703e8fcc3b6df2bc2bec54ec19a446ae96\$lut for cells of type $lut.
Using template $paramod$5a621b016c894274d07edef48c49b401a15fd796\$lut for cells of type $lut.
Using template $paramod$4d1a055984de6eeb68dcd05fb2e3ec22912a2372\$lut for cells of type $lut.
Using template $paramod$bc796d1b37e47fe5b469d545b097ef86bfd034b1\$lut for cells of type $lut.
Using template $paramod$d10d29a83d60e3648b73c68f96b306ed2c95752c\$lut for cells of type $lut.
Using template $paramod$1bf62ab10e48d71d6497bccacf5c70420c470fe9\$lut for cells of type $lut.
Using template $paramod\$lut\WIDTH=32'00000000000000000000000000000010\LUT=4'1011 for cells of type $lut.
Using template $paramod$5e3164a14b8375764d1831e48df8bc11c8d249e0\$lut for cells of type $lut.
Using template $paramod\$lut\WIDTH=32'00000000000000000000000000000011\LUT=8'11010000 for cells of type $lut.
Using template $paramod$1c396c42e783d9139777efc15205e24026d40f95\$lut for cells of type $lut.
Using template $paramod$cd05f04889088c47a0a5abae8c2d644fd314805e\$lut for cells of type $lut.
Using template $paramod$5deeaee40c5165e536579ba920690606cba2b5eb\$lut for cells of type $lut.
Using template $paramod$bd3b0c017c4e1e0fc1bb96628ef563ac7e728f68\$lut for cells of type $lut.
Using template $paramod$0558052ca4274539615e63872546968ea1f31b6b\$lut for cells of type $lut.
Using template $paramod\$lut\WIDTH=32'00000000000000000000000000000011\LUT=8'11100001 for cells of type $lut.
Using template $paramod$d14ad95bded2b667afa97670e151697087b7de83\$lut for cells of type $lut.
Using template $paramod$a3cdc1eb771a2c6a16f64da161e11100ac409d2b\$lut for cells of type $lut.
Using template $paramod$6759d6413087138d121f9f88cd08f06bb4c31819\$lut for cells of type $lut.
Using template $paramod\$lut\WIDTH=32'00000000000000000000000000000011\LUT=8'11111000 for cells of type $lut.
Using template $paramod$ba3d1dbf231270665585129fb30d466549fd411d\$lut for cells of type $lut.
Using template $paramod\$lut\WIDTH=32'00000000000000000000000000000011\LUT=8'00001101 for cells of type $lut.
Using template $paramod$f9b715fbf1040e81e900b2461c2390d17ed5e988\$lut for cells of type $lut.
Using template $paramod$ecf9cac817e9cbb222dc9e58a122faf05f34c860\$lut for cells of type $lut.
Using template $paramod$798c407062c363131877015db48aaebac206e220\$lut for cells of type $lut.
Using template $paramod\$lut\WIDTH=32'00000000000000000000000000000011\LUT=8'11101000 for cells of type $lut.
Using template $paramod$57f71a429a5de468266cb6ec0f5d054c9415f3b9\$lut for cells of type $lut.
Using template $paramod$d1d3e5c429996c1776c029b181a703bafb0c2c7a\$lut for cells of type $lut.
Using template $paramod\$lut\WIDTH=32'00000000000000000000000000000011\LUT=8'01010011 for cells of type $lut.
Using template $paramod$7d3cbfc289ec00e0691f33de08826f2254fca668\$lut for cells of type $lut.
Using template $paramod$5037893c2f0202cbda412b45a61ab57b51500aee\$lut for cells of type $lut.
Using template $paramod$680fd8d179aaa2b94b3b7c0dab400ac18bb55c38\$lut for cells of type $lut.
Using template $paramod$30e1ac1183d91190b531bad571bf822d64fb1abf\$lut for cells of type $lut.
Using template $paramod\$lut\WIDTH=32'00000000000000000000000000000011\LUT=8'01101111 for cells of type $lut.
Using template $paramod$d388caf9331d1c67a4a7fa86d33eb3b732255d14\$lut for cells of type $lut.
Using template $paramod$ded94b1297a9e825c9250531085f1db513b73f27\$lut for cells of type $lut.
Using template $paramod$80c6d9236a2684199e24745161c51118708bce6e\$lut for cells of type $lut.
Using template $paramod$58e4571d30dce624710ed7eb4a04d65c13c7eab0\$lut for cells of type $lut.
Using template $paramod$a75fe641fc9e92a88e7f40223b21a5fdc0b6278c\$lut for cells of type $lut.
Using template $paramod$ef8295b10a781b16be00577bb0b0751f78914e75\$lut for cells of type $lut.
Using template $paramod$c7da182350c463dac9341b9202c767a484f2d529\$lut for cells of type $lut.
Using template $paramod\$lut\WIDTH=32'00000000000000000000000000000011\LUT=8'01100000 for cells of type $lut.
Using template $paramod$fe9a0158d0352193457c4f5b6282ac86d35fb3ee\$lut for cells of type $lut.
Using template $paramod$99a2a175d178a040bb1ffceb53184fb0f59423c6\$lut for cells of type $lut.
Using template $paramod$82465a09fa1fb625cf05c680e7f5642ba36c85a0\$lut for cells of type $lut.
Using template $paramod$d9deefaf0f1d8e0c82381d28cdc42c2fd228ba4c\$lut for cells of type $lut.
Using template $paramod$996fc069dea79332e7da17d99824ad638c0e15cf\$lut for cells of type $lut.
Using template $paramod$8bf24758f49602c9d2141db05a7f0057cae035a8\$lut for cells of type $lut.
Using template $paramod$cf63268780ce80380bec53530cecf7cfe81a82c2\$lut for cells of type $lut.
Using template $paramod\$lut\WIDTH=32'00000000000000000000000000000011\LUT=8'11100000 for cells of type $lut.
Using template $paramod$415b9dd3a15783ae56c103f189fd8e182f997441\$lut for cells of type $lut.
Using template $paramod$dddfdc2633093a03e6470d46e677d9447254dca8\$lut for cells of type $lut.
Using template $paramod\$lut\WIDTH=32'00000000000000000000000000000010\LUT=4'1001 for cells of type $lut.
Using template $paramod$d4c8e628ae8f00f98a8416d2ac96f674d757eea6\$lut for cells of type $lut.
Using template $paramod$88436809d80e3f61e774b5b41c3de396ffa04af5\$lut for cells of type $lut.
Using template $paramod$f532a7da35e75f91f8f4c67996f6371546345672\$lut for cells of type $lut.
Using template $paramod$7614968db5bb082ee538195c00594779836d04ec\$lut for cells of type $lut.
Using template $paramod$c35ad3063d5038410210ddc72c1fd5fed46413b4\$lut for cells of type $lut.
Using template $paramod$af763bca85949884aefa417266a961f9c91132de\$lut for cells of type $lut.
Using template $paramod$ae9b8abdb4f811ce37985dd5106af9cd21223954\$lut for cells of type $lut.
Using template $paramod\$lut\WIDTH=32'00000000000000000000000000000011\LUT=8'01001111 for cells of type $lut.
Using template $paramod$6d23198eb2b8f79a41c7626605a61009695893b1\$lut for cells of type $lut.
Using template $paramod\$lut\WIDTH=32'00000000000000000000000000000011\LUT=8'10111111 for cells of type $lut.
Using template $paramod$fccccf8bb2add7667329c686feec7546eb9a3ae3\$lut for cells of type $lut.
Using template $paramod$4b2297966ddb718657b80566604f97685ffc0120\$lut for cells of type $lut.
Using template $paramod\$lut\WIDTH=32'00000000000000000000000000000011\LUT=8'01111000 for cells of type $lut.
Using template $paramod\$lut\WIDTH=32'00000000000000000000000000000011\LUT=8'11000101 for cells of type $lut.
No more expansions possible.

47.45. Executing OPT_LUT_INS pass (discard unused LUT inputs).
Optimizing LUTs in SOC.
  Optimizing lut $abc$14708$auto$blifparse.cc:525:parse_blif$15008.genblk1.genblk1.genblk1.genblk1.genblk1.lut1 (4 -> 1)
  Optimizing lut $abc$14708$auto$blifparse.cc:525:parse_blif$15009.genblk1.genblk1.genblk1.genblk1.genblk1.lut1 (4 -> 1)
  Optimizing lut $abc$14708$auto$blifparse.cc:525:parse_blif$15035.genblk1.genblk1.genblk1.genblk1.genblk1.lut1 (4 -> 1)
  Optimizing lut $abc$14708$auto$blifparse.cc:525:parse_blif$15014.genblk1.genblk1.genblk1.genblk1.genblk1.lut1 (4 -> 1)
  Optimizing lut $abc$14708$auto$blifparse.cc:525:parse_blif$15017.genblk1.genblk1.genblk1.genblk1.genblk1.lut1 (4 -> 1)
  Optimizing lut $abc$14708$auto$blifparse.cc:525:parse_blif$15015.genblk1.genblk1.genblk1.genblk1.genblk1.lut1 (4 -> 1)
  Optimizing lut $abc$14708$auto$blifparse.cc:525:parse_blif$15011.genblk1.genblk1.genblk1.genblk1.genblk1.lut1 (4 -> 1)
  Optimizing lut $abc$14708$auto$blifparse.cc:525:parse_blif$15020.genblk1.genblk1.genblk1.genblk1.genblk1.lut1 (4 -> 1)
  Optimizing lut $abc$14708$auto$blifparse.cc:525:parse_blif$15021.genblk1.genblk1.genblk1.genblk1.genblk1.lut1 (4 -> 1)
  Optimizing lut $abc$14708$auto$blifparse.cc:525:parse_blif$15455.genblk1.genblk1.genblk1.genblk1.genblk1.lut1 (4 -> 1)
  Optimizing lut $abc$14708$auto$blifparse.cc:525:parse_blif$15448.genblk1.genblk1.genblk1.genblk1.genblk1.lut1 (4 -> 1)
  Optimizing lut $abc$14708$auto$blifparse.cc:525:parse_blif$15591.genblk1.genblk1.genblk1.genblk1.genblk1.genblk1.genblk1.lut2 (4 -> 0)
  Optimizing lut $abc$14708$auto$blifparse.cc:525:parse_blif$15591.genblk1.genblk1.genblk1.genblk1.genblk1.genblk1.genblk1.lut3 (4 -> 0)
  Optimizing lut $abc$14708$auto$blifparse.cc:525:parse_blif$15591.genblk1.genblk1.genblk1.genblk1.genblk1.genblk1.genblk1.lut4 (4 -> 0)
  Optimizing lut $abc$14708$auto$blifparse.cc:525:parse_blif$15591.genblk1.genblk1.genblk1.genblk1.genblk1.genblk1.genblk1.lut5 (4 -> 0)
  Optimizing lut $abc$14708$auto$blifparse.cc:525:parse_blif$15591.genblk1.genblk1.genblk1.genblk1.genblk1.genblk1.genblk1.lut6 (4 -> 0)
  Optimizing lut $abc$14708$auto$blifparse.cc:525:parse_blif$15022.genblk1.genblk1.genblk1.genblk1.genblk1.lut1 (4 -> 1)
  Optimizing lut $abc$14708$auto$blifparse.cc:525:parse_blif$15779.genblk1.genblk1.genblk1.genblk1.genblk1.genblk1.genblk1.lut2 (4 -> 1)
  Optimizing lut $abc$14708$auto$blifparse.cc:525:parse_blif$15779.genblk1.genblk1.genblk1.genblk1.genblk1.genblk1.genblk1.lut3 (4 -> 0)
  Optimizing lut $abc$14708$auto$blifparse.cc:525:parse_blif$15779.genblk1.genblk1.genblk1.genblk1.genblk1.genblk1.genblk1.lut4 (4 -> 1)
  Optimizing lut $abc$14708$auto$blifparse.cc:525:parse_blif$15779.genblk1.genblk1.genblk1.genblk1.genblk1.genblk1.genblk1.lut5 (4 -> 1)
  Optimizing lut $abc$14708$auto$blifparse.cc:525:parse_blif$15779.genblk1.genblk1.genblk1.genblk1.genblk1.genblk1.genblk1.lut6 (4 -> 1)
  Optimizing lut $abc$14708$auto$blifparse.cc:525:parse_blif$15779.genblk1.genblk1.genblk1.genblk1.genblk1.genblk1.genblk1.lut7 (4 -> 1)
  Optimizing lut $abc$14708$auto$blifparse.cc:525:parse_blif$15051.genblk1.genblk1.genblk1.genblk1.genblk1.lut1 (4 -> 1)
  Optimizing lut $abc$14708$auto$blifparse.cc:525:parse_blif$15050.genblk1.genblk1.genblk1.genblk1.genblk1.lut1 (4 -> 1)
  Optimizing lut $abc$14708$auto$blifparse.cc:525:parse_blif$15048.genblk1.genblk1.genblk1.genblk1.genblk1.lut1 (4 -> 1)
  Optimizing lut $abc$14708$auto$blifparse.cc:525:parse_blif$15066.genblk1.genblk1.genblk1.genblk1.genblk1.lut1 (4 -> 1)
  Optimizing lut $abc$14708$auto$blifparse.cc:525:parse_blif$15059.genblk1.genblk1.genblk1.genblk1.genblk1.lut1 (4 -> 1)
  Optimizing lut $abc$14708$auto$blifparse.cc:525:parse_blif$15061.genblk1.genblk1.genblk1.genblk1.genblk1.lut1 (4 -> 1)
  Optimizing lut $abc$14708$auto$blifparse.cc:525:parse_blif$15056.genblk1.genblk1.genblk1.genblk1.genblk1.lut1 (4 -> 1)
  Optimizing lut $abc$14708$auto$blifparse.cc:525:parse_blif$15057.genblk1.genblk1.genblk1.genblk1.genblk1.lut1 (4 -> 1)
  Optimizing lut $abc$14708$auto$blifparse.cc:525:parse_blif$15055.genblk1.genblk1.genblk1.genblk1.genblk1.lut1 (4 -> 1)
  Optimizing lut $abc$14708$auto$blifparse.cc:525:parse_blif$15025.genblk1.genblk1.genblk1.genblk1.genblk1.lut1 (4 -> 1)
  Optimizing lut $abc$14708$auto$blifparse.cc:525:parse_blif$15024.genblk1.genblk1.genblk1.genblk1.genblk1.lut1 (4 -> 1)
  Optimizing lut $abc$14708$auto$blifparse.cc:525:parse_blif$15018.genblk1.genblk1.genblk1.genblk1.genblk1.lut1 (4 -> 1)
  Optimizing lut $abc$14708$auto$blifparse.cc:525:parse_blif$15007.genblk1.genblk1.genblk1.genblk1.genblk1.lut1 (4 -> 1)
  Optimizing lut $abc$14708$auto$blifparse.cc:525:parse_blif$15029.genblk1.genblk1.genblk1.genblk1.genblk1.lut1 (4 -> 1)
  Optimizing lut $abc$14708$auto$blifparse.cc:525:parse_blif$15034.genblk1.genblk1.genblk1.genblk1.genblk1.lut1 (4 -> 1)
  Optimizing lut $abc$14708$auto$blifparse.cc:525:parse_blif$15033.genblk1.genblk1.genblk1.genblk1.genblk1.lut1 (4 -> 1)
  Optimizing lut $abc$14708$auto$blifparse.cc:525:parse_blif$15032.genblk1.genblk1.genblk1.genblk1.genblk1.lut1 (4 -> 1)
  Optimizing lut $abc$14708$auto$blifparse.cc:525:parse_blif$15031.genblk1.genblk1.genblk1.genblk1.genblk1.lut1 (4 -> 1)
  Optimizing lut $abc$14708$auto$blifparse.cc:525:parse_blif$15028.genblk1.genblk1.genblk1.genblk1.genblk1.lut1 (4 -> 1)
  Optimizing lut $abc$14708$auto$blifparse.cc:525:parse_blif$15027.genblk1.genblk1.genblk1.genblk1.genblk1.lut1 (4 -> 1)
  Optimizing lut $abc$14708$auto$blifparse.cc:525:parse_blif$15026.genblk1.genblk1.genblk1.genblk1.genblk1.lut1 (4 -> 1)
  Optimizing lut $abc$14708$auto$blifparse.cc:525:parse_blif$15773.genblk1.genblk1.genblk1.genblk1.genblk1.genblk1.genblk1.lut2 (4 -> 0)
  Optimizing lut $abc$14708$auto$blifparse.cc:525:parse_blif$15773.genblk1.genblk1.genblk1.genblk1.genblk1.genblk1.genblk1.lut3 (4 -> 0)
  Optimizing lut $abc$14708$auto$blifparse.cc:525:parse_blif$15773.genblk1.genblk1.genblk1.genblk1.genblk1.genblk1.genblk1.lut4 (4 -> 1)
  Optimizing lut $abc$14708$auto$blifparse.cc:525:parse_blif$15773.genblk1.genblk1.genblk1.genblk1.genblk1.genblk1.genblk1.lut5 (4 -> 1)
  Optimizing lut $abc$14708$auto$blifparse.cc:525:parse_blif$15773.genblk1.genblk1.genblk1.genblk1.genblk1.genblk1.genblk1.lut6 (4 -> 1)
  Optimizing lut $abc$14708$auto$blifparse.cc:525:parse_blif$15773.genblk1.genblk1.genblk1.genblk1.genblk1.genblk1.genblk1.lut7 (4 -> 1)
  Optimizing lut $abc$14708$auto$blifparse.cc:525:parse_blif$15755.genblk1.genblk1.genblk1.genblk1.genblk1.genblk1.genblk1.lut2 (4 -> 1)
  Optimizing lut $abc$14708$auto$blifparse.cc:525:parse_blif$15755.genblk1.genblk1.genblk1.genblk1.genblk1.genblk1.genblk1.lut3 (4 -> 0)
  Optimizing lut $abc$14708$auto$blifparse.cc:525:parse_blif$15755.genblk1.genblk1.genblk1.genblk1.genblk1.genblk1.genblk1.lut4 (4 -> 1)
  Optimizing lut $abc$14708$auto$blifparse.cc:525:parse_blif$15755.genblk1.genblk1.genblk1.genblk1.genblk1.genblk1.genblk1.lut5 (4 -> 1)
  Optimizing lut $abc$14708$auto$blifparse.cc:525:parse_blif$15755.genblk1.genblk1.genblk1.genblk1.genblk1.genblk1.genblk1.lut6 (4 -> 1)
  Optimizing lut $abc$14708$auto$blifparse.cc:525:parse_blif$15755.genblk1.genblk1.genblk1.genblk1.genblk1.genblk1.genblk1.lut7 (4 -> 1)
  Optimizing lut $abc$14708$auto$blifparse.cc:525:parse_blif$15139.genblk1.genblk1.genblk1.genblk1.genblk1.lut1 (4 -> 3)
  Optimizing lut $abc$14708$auto$blifparse.cc:525:parse_blif$15737.genblk1.genblk1.genblk1.genblk1.genblk1.genblk1.genblk1.lut2 (4 -> 0)
  Optimizing lut $abc$14708$auto$blifparse.cc:525:parse_blif$15737.genblk1.genblk1.genblk1.genblk1.genblk1.genblk1.genblk1.lut3 (4 -> 0)
  Optimizing lut $abc$14708$auto$blifparse.cc:525:parse_blif$15737.genblk1.genblk1.genblk1.genblk1.genblk1.genblk1.genblk1.lut4 (4 -> 1)
  Optimizing lut $abc$14708$auto$blifparse.cc:525:parse_blif$15737.genblk1.genblk1.genblk1.genblk1.genblk1.genblk1.genblk1.lut5 (4 -> 1)
  Optimizing lut $abc$14708$auto$blifparse.cc:525:parse_blif$15737.genblk1.genblk1.genblk1.genblk1.genblk1.genblk1.genblk1.lut6 (4 -> 1)
  Optimizing lut $abc$14708$auto$blifparse.cc:525:parse_blif$15737.genblk1.genblk1.genblk1.genblk1.genblk1.genblk1.genblk1.lut7 (4 -> 1)
  Optimizing lut $abc$14708$auto$blifparse.cc:525:parse_blif$15749.genblk1.genblk1.genblk1.genblk1.genblk1.genblk1.genblk1.lut1 (4 -> 0)
  Optimizing lut $abc$14708$auto$blifparse.cc:525:parse_blif$15749.genblk1.genblk1.genblk1.genblk1.genblk1.genblk1.genblk1.lut2 (4 -> 0)
  Optimizing lut $abc$14708$auto$blifparse.cc:525:parse_blif$15749.genblk1.genblk1.genblk1.genblk1.genblk1.genblk1.genblk1.lut3 (4 -> 0)
  Optimizing lut $abc$14708$auto$blifparse.cc:525:parse_blif$15749.genblk1.genblk1.genblk1.genblk1.genblk1.genblk1.genblk1.lut4 (4 -> 1)
  Optimizing lut $abc$14708$auto$blifparse.cc:525:parse_blif$15749.genblk1.genblk1.genblk1.genblk1.genblk1.genblk1.genblk1.lut5 (4 -> 1)
  Optimizing lut $abc$14708$auto$blifparse.cc:525:parse_blif$15749.genblk1.genblk1.genblk1.genblk1.genblk1.genblk1.genblk1.lut6 (4 -> 1)
  Optimizing lut $abc$14708$auto$blifparse.cc:525:parse_blif$15749.genblk1.genblk1.genblk1.genblk1.genblk1.genblk1.genblk1.lut7 (4 -> 1)
  Optimizing lut $abc$14708$auto$blifparse.cc:525:parse_blif$15601.genblk1.genblk1.genblk1.genblk1.genblk1.genblk1.genblk1.lut2 (4 -> 0)
  Optimizing lut $abc$14708$auto$blifparse.cc:525:parse_blif$15601.genblk1.genblk1.genblk1.genblk1.genblk1.genblk1.genblk1.lut3 (4 -> 0)
  Optimizing lut $abc$14708$auto$blifparse.cc:525:parse_blif$15601.genblk1.genblk1.genblk1.genblk1.genblk1.genblk1.genblk1.lut4 (4 -> 0)
  Optimizing lut $abc$14708$auto$blifparse.cc:525:parse_blif$15601.genblk1.genblk1.genblk1.genblk1.genblk1.genblk1.genblk1.lut5 (4 -> 0)
  Optimizing lut $abc$14708$auto$blifparse.cc:525:parse_blif$15601.genblk1.genblk1.genblk1.genblk1.genblk1.genblk1.genblk1.lut6 (4 -> 0)
  Optimizing lut $abc$14708$auto$blifparse.cc:525:parse_blif$15590.genblk1.genblk1.genblk1.genblk1.genblk1.genblk1.lut2 (4 -> 0)
  Optimizing lut $abc$14708$auto$blifparse.cc:525:parse_blif$15550.genblk1.genblk1.genblk1.genblk1.genblk1.genblk1.lut2 (4 -> 1)
  Optimizing lut $abc$14708$auto$blifparse.cc:525:parse_blif$15551.genblk1.genblk1.genblk1.genblk1.genblk1.genblk1.genblk1.lut1 (4 -> 0)
  Optimizing lut $abc$14708$auto$blifparse.cc:525:parse_blif$15551.genblk1.genblk1.genblk1.genblk1.genblk1.genblk1.genblk1.lut2 (4 -> 0)
  Optimizing lut $abc$14708$auto$blifparse.cc:525:parse_blif$15551.genblk1.genblk1.genblk1.genblk1.genblk1.genblk1.genblk1.lut3 (4 -> 0)
  Optimizing lut $abc$14708$auto$blifparse.cc:525:parse_blif$15551.genblk1.genblk1.genblk1.genblk1.genblk1.genblk1.genblk1.lut4 (4 -> 1)
  Optimizing lut $abc$14708$auto$blifparse.cc:525:parse_blif$15551.genblk1.genblk1.genblk1.genblk1.genblk1.genblk1.genblk1.lut5 (4 -> 1)
  Optimizing lut $abc$14708$auto$blifparse.cc:525:parse_blif$15551.genblk1.genblk1.genblk1.genblk1.genblk1.genblk1.genblk1.lut6 (4 -> 1)
  Optimizing lut $abc$14708$auto$blifparse.cc:525:parse_blif$15551.genblk1.genblk1.genblk1.genblk1.genblk1.genblk1.genblk1.lut7 (4 -> 1)
  Optimizing lut $abc$14708$auto$blifparse.cc:525:parse_blif$15560.genblk1.genblk1.genblk1.genblk1.genblk1.genblk1.lut1 (4 -> 0)
  Optimizing lut $abc$14708$auto$blifparse.cc:525:parse_blif$15560.genblk1.genblk1.genblk1.genblk1.genblk1.genblk1.lut2 (4 -> 1)
  Optimizing lut $abc$14708$auto$blifparse.cc:525:parse_blif$15563.genblk1.genblk1.genblk1.genblk1.genblk1.genblk1.lut2 (4 -> 0)
  Optimizing lut $abc$14708$auto$blifparse.cc:525:parse_blif$15563.genblk1.genblk1.genblk1.genblk1.genblk1.genblk1.lut3 (4 -> 1)
  Optimizing lut $abc$14708$auto$blifparse.cc:525:parse_blif$15561.genblk1.genblk1.genblk1.genblk1.genblk1.genblk1.genblk1.lut1 (4 -> 0)
  Optimizing lut $abc$14708$auto$blifparse.cc:525:parse_blif$15561.genblk1.genblk1.genblk1.genblk1.genblk1.genblk1.genblk1.lut2 (4 -> 0)
  Optimizing lut $abc$14708$auto$blifparse.cc:525:parse_blif$15561.genblk1.genblk1.genblk1.genblk1.genblk1.genblk1.genblk1.lut3 (4 -> 0)
  Optimizing lut $abc$14708$auto$blifparse.cc:525:parse_blif$15561.genblk1.genblk1.genblk1.genblk1.genblk1.genblk1.genblk1.lut4 (4 -> 1)
  Optimizing lut $abc$14708$auto$blifparse.cc:525:parse_blif$15561.genblk1.genblk1.genblk1.genblk1.genblk1.genblk1.genblk1.lut5 (4 -> 1)
  Optimizing lut $abc$14708$auto$blifparse.cc:525:parse_blif$15561.genblk1.genblk1.genblk1.genblk1.genblk1.genblk1.genblk1.lut6 (4 -> 1)
  Optimizing lut $abc$14708$auto$blifparse.cc:525:parse_blif$15561.genblk1.genblk1.genblk1.genblk1.genblk1.genblk1.genblk1.lut7 (4 -> 1)
  Optimizing lut $abc$14708$auto$blifparse.cc:525:parse_blif$14931.genblk1.genblk1.genblk1.genblk1.genblk1.genblk1.lut3 (4 -> 0)
  Optimizing lut $abc$14708$auto$blifparse.cc:525:parse_blif$14930.genblk1.genblk1.genblk1.genblk1.genblk1.genblk1.lut3 (4 -> 0)
  Optimizing lut $abc$14708$auto$blifparse.cc:525:parse_blif$15559.genblk1.genblk1.genblk1.genblk1.genblk1.genblk1.lut2 (4 -> 0)
  Optimizing lut $abc$14708$auto$blifparse.cc:525:parse_blif$15553.genblk1.genblk1.genblk1.genblk1.genblk1.genblk1.lut2 (4 -> 0)
  Optimizing lut $abc$14708$auto$blifparse.cc:525:parse_blif$15553.genblk1.genblk1.genblk1.genblk1.genblk1.genblk1.lut3 (4 -> 1)
  Optimizing lut $abc$14708$auto$blifparse.cc:525:parse_blif$14927.genblk1.genblk1.genblk1.genblk1.genblk1.genblk1.lut3 (4 -> 0)
  Optimizing lut $abc$14708$auto$blifparse.cc:525:parse_blif$14926.genblk1.genblk1.genblk1.genblk1.genblk1.genblk1.lut3 (4 -> 0)
  Optimizing lut $abc$14708$auto$blifparse.cc:525:parse_blif$15549.genblk1.genblk1.genblk1.genblk1.genblk1.genblk1.lut2 (4 -> 0)
  Optimizing lut $abc$14708$auto$blifparse.cc:525:parse_blif$15542.genblk1.genblk1.genblk1.genblk1.genblk1.genblk1.genblk1.lut1 (4 -> 0)
  Optimizing lut $abc$14708$auto$blifparse.cc:525:parse_blif$15542.genblk1.genblk1.genblk1.genblk1.genblk1.genblk1.genblk1.lut2 (4 -> 0)
  Optimizing lut $abc$14708$auto$blifparse.cc:525:parse_blif$15542.genblk1.genblk1.genblk1.genblk1.genblk1.genblk1.genblk1.lut3 (4 -> 0)
  Optimizing lut $abc$14708$auto$blifparse.cc:525:parse_blif$15542.genblk1.genblk1.genblk1.genblk1.genblk1.genblk1.genblk1.lut4 (4 -> 1)
  Optimizing lut $abc$14708$auto$blifparse.cc:525:parse_blif$15542.genblk1.genblk1.genblk1.genblk1.genblk1.genblk1.genblk1.lut5 (4 -> 1)
  Optimizing lut $abc$14708$auto$blifparse.cc:525:parse_blif$15542.genblk1.genblk1.genblk1.genblk1.genblk1.genblk1.genblk1.lut6 (4 -> 1)
  Optimizing lut $abc$14708$auto$blifparse.cc:525:parse_blif$15542.genblk1.genblk1.genblk1.genblk1.genblk1.genblk1.genblk1.lut7 (4 -> 1)
  Optimizing lut $abc$14708$auto$blifparse.cc:525:parse_blif$14920.genblk1.genblk1.genblk1.genblk1.genblk1.genblk1.genblk1.lut1 (4 -> 0)
  Optimizing lut $abc$14708$auto$blifparse.cc:525:parse_blif$14920.genblk1.genblk1.genblk1.genblk1.genblk1.genblk1.genblk1.lut2 (4 -> 0)
  Optimizing lut $abc$14708$auto$blifparse.cc:525:parse_blif$14920.genblk1.genblk1.genblk1.genblk1.genblk1.genblk1.genblk1.lut3 (4 -> 0)
  Optimizing lut $abc$14708$auto$blifparse.cc:525:parse_blif$14920.genblk1.genblk1.genblk1.genblk1.genblk1.genblk1.genblk1.lut5 (4 -> 0)
  Optimizing lut $abc$14708$auto$blifparse.cc:525:parse_blif$14920.genblk1.genblk1.genblk1.genblk1.genblk1.genblk1.genblk1.lut6 (4 -> 0)
  Optimizing lut $abc$14708$auto$blifparse.cc:525:parse_blif$14920.genblk1.genblk1.genblk1.genblk1.genblk1.genblk1.genblk1.lut7 (4 -> 0)
  Optimizing lut $abc$14708$auto$blifparse.cc:525:parse_blif$14921.genblk1.genblk1.genblk1.genblk1.genblk1.genblk1.genblk1.lut1 (4 -> 0)
  Optimizing lut $abc$14708$auto$blifparse.cc:525:parse_blif$14921.genblk1.genblk1.genblk1.genblk1.genblk1.genblk1.genblk1.lut2 (4 -> 0)
  Optimizing lut $abc$14708$auto$blifparse.cc:525:parse_blif$14921.genblk1.genblk1.genblk1.genblk1.genblk1.genblk1.genblk1.lut3 (4 -> 0)
  Optimizing lut $abc$14708$auto$blifparse.cc:525:parse_blif$14921.genblk1.genblk1.genblk1.genblk1.genblk1.genblk1.genblk1.lut4 (4 -> 0)
  Optimizing lut $abc$14708$auto$blifparse.cc:525:parse_blif$14921.genblk1.genblk1.genblk1.genblk1.genblk1.genblk1.genblk1.lut5 (4 -> 3)
  Optimizing lut $abc$14708$auto$blifparse.cc:525:parse_blif$14921.genblk1.genblk1.genblk1.genblk1.genblk1.genblk1.genblk1.lut6 (4 -> 3)
  Optimizing lut $abc$14708$auto$blifparse.cc:525:parse_blif$14921.genblk1.genblk1.genblk1.genblk1.genblk1.genblk1.genblk1.lut7 (4 -> 0)
  Optimizing lut $abc$14708$auto$blifparse.cc:525:parse_blif$15569.genblk1.genblk1.genblk1.genblk1.genblk1.genblk1.lut2 (4 -> 0)
  Optimizing lut $abc$14708$auto$blifparse.cc:525:parse_blif$15566.genblk1.genblk1.genblk1.genblk1.genblk1.lut1 (4 -> 0)
  Optimizing lut $abc$14708$auto$blifparse.cc:525:parse_blif$15570.genblk1.genblk1.genblk1.genblk1.genblk1.genblk1.lut2 (4 -> 1)
  Optimizing lut $abc$14708$auto$blifparse.cc:525:parse_blif$15573.genblk1.genblk1.genblk1.genblk1.genblk1.genblk1.lut2 (4 -> 0)
  Optimizing lut $abc$14708$auto$blifparse.cc:525:parse_blif$15573.genblk1.genblk1.genblk1.genblk1.genblk1.genblk1.lut3 (4 -> 1)
  Optimizing lut $abc$14708$auto$blifparse.cc:525:parse_blif$15571.genblk1.genblk1.genblk1.genblk1.genblk1.genblk1.genblk1.lut1 (4 -> 0)
  Optimizing lut $abc$14708$auto$blifparse.cc:525:parse_blif$15571.genblk1.genblk1.genblk1.genblk1.genblk1.genblk1.genblk1.lut2 (4 -> 0)
  Optimizing lut $abc$14708$auto$blifparse.cc:525:parse_blif$15571.genblk1.genblk1.genblk1.genblk1.genblk1.genblk1.genblk1.lut3 (4 -> 0)
  Optimizing lut $abc$14708$auto$blifparse.cc:525:parse_blif$15571.genblk1.genblk1.genblk1.genblk1.genblk1.genblk1.genblk1.lut4 (4 -> 1)
  Optimizing lut $abc$14708$auto$blifparse.cc:525:parse_blif$15571.genblk1.genblk1.genblk1.genblk1.genblk1.genblk1.genblk1.lut5 (4 -> 1)
  Optimizing lut $abc$14708$auto$blifparse.cc:525:parse_blif$15571.genblk1.genblk1.genblk1.genblk1.genblk1.genblk1.genblk1.lut6 (4 -> 1)
  Optimizing lut $abc$14708$auto$blifparse.cc:525:parse_blif$15571.genblk1.genblk1.genblk1.genblk1.genblk1.genblk1.genblk1.lut7 (4 -> 1)
  Optimizing lut $abc$14708$auto$blifparse.cc:525:parse_blif$14935.genblk1.genblk1.genblk1.genblk1.genblk1.genblk1.lut3 (4 -> 0)
  Optimizing lut $abc$14708$auto$blifparse.cc:525:parse_blif$14934.genblk1.genblk1.genblk1.genblk1.genblk1.genblk1.lut3 (4 -> 0)
  Optimizing lut $abc$14708$auto$blifparse.cc:525:parse_blif$15600.genblk1.genblk1.genblk1.genblk1.genblk1.genblk1.lut2 (4 -> 0)
  Optimizing lut $abc$14708$auto$blifparse.cc:525:parse_blif$15645.genblk1.genblk1.genblk1.genblk1.genblk1.genblk1.genblk1.lut2 (4 -> 0)
  Optimizing lut $abc$14708$auto$blifparse.cc:525:parse_blif$15645.genblk1.genblk1.genblk1.genblk1.genblk1.genblk1.genblk1.lut3 (4 -> 0)
  Optimizing lut $abc$14708$auto$blifparse.cc:525:parse_blif$15645.genblk1.genblk1.genblk1.genblk1.genblk1.genblk1.genblk1.lut4 (4 -> 0)
  Optimizing lut $abc$14708$auto$blifparse.cc:525:parse_blif$15645.genblk1.genblk1.genblk1.genblk1.genblk1.genblk1.genblk1.lut5 (4 -> 0)
  Optimizing lut $abc$14708$auto$blifparse.cc:525:parse_blif$15645.genblk1.genblk1.genblk1.genblk1.genblk1.genblk1.genblk1.lut6 (4 -> 0)
  Optimizing lut $abc$14708$auto$blifparse.cc:525:parse_blif$14880.genblk1.genblk1.genblk1.genblk1.genblk1.lut1 (4 -> 3)
  Optimizing lut $abc$14708$auto$blifparse.cc:525:parse_blif$14874.genblk1.genblk1.genblk1.genblk1.genblk1.genblk1.lut2 (4 -> 2)
  Optimizing lut $abc$14708$auto$blifparse.cc:525:parse_blif$14874.genblk1.genblk1.genblk1.genblk1.genblk1.genblk1.lut3 (4 -> 0)
  Optimizing lut $abc$14708$auto$blifparse.cc:525:parse_blif$15653.genblk1.genblk1.genblk1.genblk1.genblk1.genblk1.lut1 (4 -> 3)
  Optimizing lut $abc$14708$auto$blifparse.cc:525:parse_blif$15653.genblk1.genblk1.genblk1.genblk1.genblk1.genblk1.lut2 (4 -> 0)
  Optimizing lut $abc$14708$auto$blifparse.cc:525:parse_blif$15653.genblk1.genblk1.genblk1.genblk1.genblk1.genblk1.lut3 (4 -> 1)
  Optimizing lut $abc$14708$auto$blifparse.cc:525:parse_blif$15649.genblk1.genblk1.genblk1.genblk1.genblk1.lut1 (4 -> 0)
  Optimizing lut $abc$14708$auto$blifparse.cc:525:parse_blif$15710.genblk1.genblk1.genblk1.genblk1.genblk1.genblk1.genblk1.lut2 (4 -> 0)
  Optimizing lut $abc$14708$auto$blifparse.cc:525:parse_blif$15710.genblk1.genblk1.genblk1.genblk1.genblk1.genblk1.genblk1.lut3 (4 -> 0)
  Optimizing lut $abc$14708$auto$blifparse.cc:525:parse_blif$15710.genblk1.genblk1.genblk1.genblk1.genblk1.genblk1.genblk1.lut4 (4 -> 1)
  Optimizing lut $abc$14708$auto$blifparse.cc:525:parse_blif$15710.genblk1.genblk1.genblk1.genblk1.genblk1.genblk1.genblk1.lut5 (4 -> 1)
  Optimizing lut $abc$14708$auto$blifparse.cc:525:parse_blif$15710.genblk1.genblk1.genblk1.genblk1.genblk1.genblk1.genblk1.lut6 (4 -> 1)
  Optimizing lut $abc$14708$auto$blifparse.cc:525:parse_blif$15710.genblk1.genblk1.genblk1.genblk1.genblk1.genblk1.genblk1.lut7 (4 -> 1)
  Optimizing lut $abc$14708$auto$blifparse.cc:525:parse_blif$15617.genblk1.genblk1.genblk1.genblk1.genblk1.genblk1.genblk1.lut2 (4 -> 0)
  Optimizing lut $abc$14708$auto$blifparse.cc:525:parse_blif$15617.genblk1.genblk1.genblk1.genblk1.genblk1.genblk1.genblk1.lut3 (4 -> 0)
  Optimizing lut $abc$14708$auto$blifparse.cc:525:parse_blif$15617.genblk1.genblk1.genblk1.genblk1.genblk1.genblk1.genblk1.lut4 (4 -> 0)
  Optimizing lut $abc$14708$auto$blifparse.cc:525:parse_blif$15617.genblk1.genblk1.genblk1.genblk1.genblk1.genblk1.genblk1.lut5 (4 -> 0)
  Optimizing lut $abc$14708$auto$blifparse.cc:525:parse_blif$15617.genblk1.genblk1.genblk1.genblk1.genblk1.genblk1.genblk1.lut6 (4 -> 0)
  Optimizing lut $abc$14708$auto$blifparse.cc:525:parse_blif$14958.genblk1.genblk1.genblk1.genblk1.genblk1.genblk1.genblk1.lut2 (4 -> 0)
  Optimizing lut $abc$14708$auto$blifparse.cc:525:parse_blif$14958.genblk1.genblk1.genblk1.genblk1.genblk1.genblk1.genblk1.lut3 (4 -> 0)
  Optimizing lut $abc$14708$auto$blifparse.cc:525:parse_blif$14958.genblk1.genblk1.genblk1.genblk1.genblk1.genblk1.genblk1.lut7 (4 -> 0)
  Optimizing lut $abc$14708$auto$blifparse.cc:525:parse_blif$14959.genblk1.genblk1.genblk1.genblk1.genblk1.genblk1.genblk1.lut2 (4 -> 0)
  Optimizing lut $abc$14708$auto$blifparse.cc:525:parse_blif$14959.genblk1.genblk1.genblk1.genblk1.genblk1.genblk1.genblk1.lut3 (4 -> 0)
  Optimizing lut $abc$14708$auto$blifparse.cc:525:parse_blif$14959.genblk1.genblk1.genblk1.genblk1.genblk1.genblk1.genblk1.lut4 (4 -> 0)
  Optimizing lut $abc$14708$auto$blifparse.cc:525:parse_blif$14959.genblk1.genblk1.genblk1.genblk1.genblk1.genblk1.genblk1.lut5 (4 -> 3)
  Optimizing lut $abc$14708$auto$blifparse.cc:525:parse_blif$14959.genblk1.genblk1.genblk1.genblk1.genblk1.genblk1.genblk1.lut6 (4 -> 3)
  Optimizing lut $abc$14708$auto$blifparse.cc:525:parse_blif$14959.genblk1.genblk1.genblk1.genblk1.genblk1.genblk1.genblk1.lut7 (4 -> 0)
  Optimizing lut $abc$14708$auto$blifparse.cc:525:parse_blif$15625.genblk1.genblk1.genblk1.genblk1.genblk1.genblk1.genblk1.lut2 (4 -> 0)
  Optimizing lut $abc$14708$auto$blifparse.cc:525:parse_blif$15625.genblk1.genblk1.genblk1.genblk1.genblk1.genblk1.genblk1.lut3 (4 -> 0)
  Optimizing lut $abc$14708$auto$blifparse.cc:525:parse_blif$15625.genblk1.genblk1.genblk1.genblk1.genblk1.genblk1.genblk1.lut4 (4 -> 0)
  Optimizing lut $abc$14708$auto$blifparse.cc:525:parse_blif$15625.genblk1.genblk1.genblk1.genblk1.genblk1.genblk1.genblk1.lut5 (4 -> 0)
  Optimizing lut $abc$14708$auto$blifparse.cc:525:parse_blif$15625.genblk1.genblk1.genblk1.genblk1.genblk1.genblk1.genblk1.lut6 (4 -> 0)
  Optimizing lut $abc$14708$auto$blifparse.cc:525:parse_blif$15634.genblk1.genblk1.genblk1.genblk1.genblk1.genblk1.lut1 (4 -> 3)
  Optimizing lut $abc$14708$auto$blifparse.cc:525:parse_blif$15634.genblk1.genblk1.genblk1.genblk1.genblk1.genblk1.lut2 (4 -> 0)
  Optimizing lut $abc$14708$auto$blifparse.cc:525:parse_blif$15634.genblk1.genblk1.genblk1.genblk1.genblk1.genblk1.lut3 (4 -> 1)
  Optimizing lut $abc$14708$auto$blifparse.cc:525:parse_blif$14961.genblk1.genblk1.genblk1.genblk1.genblk1.genblk1.genblk1.lut1 (4 -> 0)
  Optimizing lut $abc$14708$auto$blifparse.cc:525:parse_blif$14961.genblk1.genblk1.genblk1.genblk1.genblk1.genblk1.genblk1.lut2 (4 -> 0)
  Optimizing lut $abc$14708$auto$blifparse.cc:525:parse_blif$14961.genblk1.genblk1.genblk1.genblk1.genblk1.genblk1.genblk1.lut3 (4 -> 0)
  Optimizing lut $abc$14708$auto$blifparse.cc:525:parse_blif$14961.genblk1.genblk1.genblk1.genblk1.genblk1.genblk1.genblk1.lut7 (4 -> 0)
  Optimizing lut $abc$14708$auto$blifparse.cc:525:parse_blif$14962.genblk1.genblk1.genblk1.genblk1.genblk1.genblk1.genblk1.lut1 (4 -> 0)
  Optimizing lut $abc$14708$auto$blifparse.cc:525:parse_blif$14962.genblk1.genblk1.genblk1.genblk1.genblk1.genblk1.genblk1.lut2 (4 -> 0)
  Optimizing lut $abc$14708$auto$blifparse.cc:525:parse_blif$14962.genblk1.genblk1.genblk1.genblk1.genblk1.genblk1.genblk1.lut3 (4 -> 0)
  Optimizing lut $abc$14708$auto$blifparse.cc:525:parse_blif$14962.genblk1.genblk1.genblk1.genblk1.genblk1.genblk1.genblk1.lut4 (4 -> 0)
  Optimizing lut $abc$14708$auto$blifparse.cc:525:parse_blif$14962.genblk1.genblk1.genblk1.genblk1.genblk1.genblk1.genblk1.lut5 (4 -> 3)
  Optimizing lut $abc$14708$auto$blifparse.cc:525:parse_blif$14962.genblk1.genblk1.genblk1.genblk1.genblk1.genblk1.genblk1.lut6 (4 -> 3)
  Optimizing lut $abc$14708$auto$blifparse.cc:525:parse_blif$14962.genblk1.genblk1.genblk1.genblk1.genblk1.genblk1.genblk1.lut7 (4 -> 0)
  Optimizing lut $abc$14708$auto$blifparse.cc:525:parse_blif$15609.genblk1.genblk1.genblk1.genblk1.genblk1.genblk1.genblk1.lut2 (4 -> 0)
  Optimizing lut $abc$14708$auto$blifparse.cc:525:parse_blif$15609.genblk1.genblk1.genblk1.genblk1.genblk1.genblk1.genblk1.lut3 (4 -> 0)
  Optimizing lut $abc$14708$auto$blifparse.cc:525:parse_blif$15609.genblk1.genblk1.genblk1.genblk1.genblk1.genblk1.genblk1.lut4 (4 -> 0)
  Optimizing lut $abc$14708$auto$blifparse.cc:525:parse_blif$15609.genblk1.genblk1.genblk1.genblk1.genblk1.genblk1.genblk1.lut5 (4 -> 0)
  Optimizing lut $abc$14708$auto$blifparse.cc:525:parse_blif$15609.genblk1.genblk1.genblk1.genblk1.genblk1.genblk1.genblk1.lut6 (4 -> 0)
  Optimizing lut $abc$14708$auto$blifparse.cc:525:parse_blif$15616.genblk1.genblk1.genblk1.genblk1.genblk1.genblk1.lut2 (4 -> 0)
  Optimizing lut $abc$14708$auto$blifparse.cc:525:parse_blif$15624.genblk1.genblk1.genblk1.genblk1.genblk1.genblk1.lut2 (4 -> 0)
  Optimizing lut $abc$14708$auto$blifparse.cc:525:parse_blif$15621.genblk1.genblk1.genblk1.genblk1.genblk1.lut1 (4 -> 0)
  Optimizing lut $abc$14708$auto$blifparse.cc:525:parse_blif$15613.genblk1.genblk1.genblk1.genblk1.genblk1.lut1 (4 -> 0)
  Optimizing lut $abc$14708$auto$blifparse.cc:525:parse_blif$14899.genblk1.genblk1.genblk1.genblk1.genblk1.lut1 (4 -> 3)
  Optimizing lut $abc$14708$auto$blifparse.cc:525:parse_blif$15608.genblk1.genblk1.genblk1.genblk1.genblk1.genblk1.lut2 (4 -> 0)
  Optimizing lut $abc$14708$auto$blifparse.cc:525:parse_blif$15597.genblk1.genblk1.genblk1.genblk1.genblk1.lut1 (4 -> 0)
  Optimizing lut $abc$14708$auto$blifparse.cc:525:parse_blif$14898.genblk1.genblk1.genblk1.genblk1.genblk1.lut1 (4 -> 3)
  Optimizing lut $abc$14708$auto$blifparse.cc:525:parse_blif$15492.genblk1.genblk1.genblk1.genblk1.genblk1.genblk1.genblk1.lut2 (4 -> 1)
  Optimizing lut $abc$14708$auto$blifparse.cc:525:parse_blif$15492.genblk1.genblk1.genblk1.genblk1.genblk1.genblk1.genblk1.lut3 (4 -> 1)
  Optimizing lut $abc$14708$auto$blifparse.cc:525:parse_blif$15492.genblk1.genblk1.genblk1.genblk1.genblk1.genblk1.genblk1.lut4 (4 -> 1)
  Optimizing lut $abc$14708$auto$blifparse.cc:525:parse_blif$15492.genblk1.genblk1.genblk1.genblk1.genblk1.genblk1.genblk1.lut5 (4 -> 3)
  Optimizing lut $abc$14708$auto$blifparse.cc:525:parse_blif$15492.genblk1.genblk1.genblk1.genblk1.genblk1.genblk1.genblk1.lut6 (4 -> 1)
  Optimizing lut $abc$14708$auto$blifparse.cc:525:parse_blif$15492.genblk1.genblk1.genblk1.genblk1.genblk1.genblk1.genblk1.lut7 (4 -> 1)
  Optimizing lut $abc$14708$auto$blifparse.cc:525:parse_blif$15497.genblk1.genblk1.genblk1.genblk1.genblk1.genblk1.lut2 (4 -> 0)
  Optimizing lut $abc$14708$auto$blifparse.cc:525:parse_blif$15497.genblk1.genblk1.genblk1.genblk1.genblk1.genblk1.lut3 (4 -> 0)
  Optimizing lut $abc$14708$auto$blifparse.cc:525:parse_blif$14944.genblk1.genblk1.genblk1.genblk1.genblk1.genblk1.genblk1.lut1 (4 -> 0)
  Optimizing lut $abc$14708$auto$blifparse.cc:525:parse_blif$14944.genblk1.genblk1.genblk1.genblk1.genblk1.genblk1.genblk1.lut2 (4 -> 0)
  Optimizing lut $abc$14708$auto$blifparse.cc:525:parse_blif$14944.genblk1.genblk1.genblk1.genblk1.genblk1.genblk1.genblk1.lut3 (4 -> 0)
  Optimizing lut $abc$14708$auto$blifparse.cc:525:parse_blif$14944.genblk1.genblk1.genblk1.genblk1.genblk1.genblk1.genblk1.lut4 (4 -> 0)
  Optimizing lut $abc$14708$auto$blifparse.cc:525:parse_blif$14944.genblk1.genblk1.genblk1.genblk1.genblk1.genblk1.genblk1.lut5 (4 -> 3)
  Optimizing lut $abc$14708$auto$blifparse.cc:525:parse_blif$14944.genblk1.genblk1.genblk1.genblk1.genblk1.genblk1.genblk1.lut6 (4 -> 3)
  Optimizing lut $abc$14708$auto$blifparse.cc:525:parse_blif$14944.genblk1.genblk1.genblk1.genblk1.genblk1.genblk1.genblk1.lut7 (4 -> 0)
  Optimizing lut $abc$14708$auto$blifparse.cc:525:parse_blif$14947.genblk1.genblk1.genblk1.genblk1.genblk1.genblk1.genblk1.lut1 (4 -> 1)
  Optimizing lut $abc$14708$auto$blifparse.cc:525:parse_blif$14947.genblk1.genblk1.genblk1.genblk1.genblk1.genblk1.genblk1.lut2 (4 -> 1)
  Optimizing lut $abc$14708$auto$blifparse.cc:525:parse_blif$14947.genblk1.genblk1.genblk1.genblk1.genblk1.genblk1.genblk1.lut3 (4 -> 3)
  Optimizing lut $abc$14708$auto$blifparse.cc:525:parse_blif$14947.genblk1.genblk1.genblk1.genblk1.genblk1.genblk1.genblk1.lut5 (4 -> 3)
  Optimizing lut $abc$14708$auto$blifparse.cc:525:parse_blif$14947.genblk1.genblk1.genblk1.genblk1.genblk1.genblk1.genblk1.lut6 (4 -> 3)
  Optimizing lut $abc$14708$auto$blifparse.cc:525:parse_blif$14947.genblk1.genblk1.genblk1.genblk1.genblk1.genblk1.genblk1.lut7 (4 -> 3)
  Optimizing lut $abc$14708$auto$blifparse.cc:525:parse_blif$14787.genblk1.genblk1.genblk1.genblk1.genblk1.lut1 (4 -> 0)
  Optimizing lut $abc$14708$auto$blifparse.cc:525:parse_blif$15460.genblk1.genblk1.genblk1.genblk1.genblk1.lut1 (4 -> 1)
  Optimizing lut $abc$14708$auto$blifparse.cc:525:parse_blif$15439.genblk1.genblk1.genblk1.genblk1.genblk1.lut1 (4 -> 1)
  Optimizing lut $abc$14708$auto$blifparse.cc:525:parse_blif$15493.genblk1.genblk1.genblk1.genblk1.genblk1.genblk1.genblk1.lut1 (4 -> 0)
  Optimizing lut $abc$14708$auto$blifparse.cc:525:parse_blif$15493.genblk1.genblk1.genblk1.genblk1.genblk1.genblk1.genblk1.lut2 (4 -> 0)
  Optimizing lut $abc$14708$auto$blifparse.cc:525:parse_blif$15493.genblk1.genblk1.genblk1.genblk1.genblk1.genblk1.genblk1.lut3 (4 -> 0)
  Optimizing lut $abc$14708$auto$blifparse.cc:525:parse_blif$15493.genblk1.genblk1.genblk1.genblk1.genblk1.genblk1.genblk1.lut4 (4 -> 0)
  Optimizing lut $abc$14708$auto$blifparse.cc:525:parse_blif$15493.genblk1.genblk1.genblk1.genblk1.genblk1.genblk1.genblk1.lut5 (4 -> 0)
  Optimizing lut $abc$14708$auto$blifparse.cc:525:parse_blif$15493.genblk1.genblk1.genblk1.genblk1.genblk1.genblk1.genblk1.lut7 (4 -> 0)
  Optimizing lut $abc$14708$auto$blifparse.cc:525:parse_blif$15496.genblk1.genblk1.genblk1.genblk1.genblk1.genblk1.genblk1.lut1 (4 -> 0)
  Optimizing lut $abc$14708$auto$blifparse.cc:525:parse_blif$15496.genblk1.genblk1.genblk1.genblk1.genblk1.genblk1.genblk1.lut2 (4 -> 0)
  Optimizing lut $abc$14708$auto$blifparse.cc:525:parse_blif$15496.genblk1.genblk1.genblk1.genblk1.genblk1.genblk1.genblk1.lut3 (4 -> 0)
  Optimizing lut $abc$14708$auto$blifparse.cc:525:parse_blif$15496.genblk1.genblk1.genblk1.genblk1.genblk1.genblk1.genblk1.lut4 (4 -> 3)
  Optimizing lut $abc$14708$auto$blifparse.cc:525:parse_blif$15496.genblk1.genblk1.genblk1.genblk1.genblk1.genblk1.genblk1.lut5 (4 -> 0)
  Optimizing lut $abc$14708$auto$blifparse.cc:525:parse_blif$15496.genblk1.genblk1.genblk1.genblk1.genblk1.genblk1.genblk1.lut6 (4 -> 0)
  Optimizing lut $abc$14708$auto$blifparse.cc:525:parse_blif$15496.genblk1.genblk1.genblk1.genblk1.genblk1.genblk1.genblk1.lut7 (4 -> 3)
  Optimizing lut $abc$14708$auto$blifparse.cc:525:parse_blif$15495.genblk1.genblk1.genblk1.genblk1.genblk1.genblk1.genblk1.lut2 (4 -> 0)
  Optimizing lut $abc$14708$auto$blifparse.cc:525:parse_blif$15495.genblk1.genblk1.genblk1.genblk1.genblk1.genblk1.genblk1.lut3 (4 -> 0)
  Optimizing lut $abc$14708$auto$blifparse.cc:525:parse_blif$15495.genblk1.genblk1.genblk1.genblk1.genblk1.genblk1.genblk1.lut4 (4 -> 0)
  Optimizing lut $abc$14708$auto$blifparse.cc:525:parse_blif$15495.genblk1.genblk1.genblk1.genblk1.genblk1.genblk1.genblk1.lut5 (4 -> 3)
  Optimizing lut $abc$14708$auto$blifparse.cc:525:parse_blif$15495.genblk1.genblk1.genblk1.genblk1.genblk1.genblk1.genblk1.lut6 (4 -> 3)
  Optimizing lut $abc$14708$auto$blifparse.cc:525:parse_blif$15495.genblk1.genblk1.genblk1.genblk1.genblk1.genblk1.genblk1.lut7 (4 -> 0)
  Optimizing lut $abc$14708$auto$blifparse.cc:525:parse_blif$15579.genblk1.genblk1.genblk1.genblk1.genblk1.genblk1.lut2 (4 -> 0)
  Optimizing lut $abc$14708$auto$blifparse.cc:525:parse_blif$15719.genblk1.genblk1.genblk1.genblk1.genblk1.genblk1.genblk1.lut2 (4 -> 0)
  Optimizing lut $abc$14708$auto$blifparse.cc:525:parse_blif$15719.genblk1.genblk1.genblk1.genblk1.genblk1.genblk1.genblk1.lut3 (4 -> 0)
  Optimizing lut $abc$14708$auto$blifparse.cc:525:parse_blif$15719.genblk1.genblk1.genblk1.genblk1.genblk1.genblk1.genblk1.lut4 (4 -> 1)
  Optimizing lut $abc$14708$auto$blifparse.cc:525:parse_blif$15719.genblk1.genblk1.genblk1.genblk1.genblk1.genblk1.genblk1.lut5 (4 -> 1)
  Optimizing lut $abc$14708$auto$blifparse.cc:525:parse_blif$15719.genblk1.genblk1.genblk1.genblk1.genblk1.genblk1.genblk1.lut6 (4 -> 1)
  Optimizing lut $abc$14708$auto$blifparse.cc:525:parse_blif$15719.genblk1.genblk1.genblk1.genblk1.genblk1.genblk1.genblk1.lut7 (4 -> 1)
  Optimizing lut $abc$14708$auto$blifparse.cc:525:parse_blif$15726.genblk1.genblk1.genblk1.genblk1.genblk1.genblk1.lut1 (4 -> 3)
  Optimizing lut $abc$14708$auto$blifparse.cc:525:parse_blif$15726.genblk1.genblk1.genblk1.genblk1.genblk1.genblk1.lut2 (4 -> 0)
  Optimizing lut $abc$14708$auto$blifparse.cc:525:parse_blif$15726.genblk1.genblk1.genblk1.genblk1.genblk1.genblk1.lut3 (4 -> 1)
  Optimizing lut $abc$14708$auto$blifparse.cc:525:parse_blif$15722.genblk1.genblk1.genblk1.genblk1.genblk1.lut1 (4 -> 0)
  Optimizing lut $abc$14708$auto$blifparse.cc:525:parse_blif$15699.genblk1.genblk1.genblk1.genblk1.genblk1.genblk1.lut1 (4 -> 3)
  Optimizing lut $abc$14708$auto$blifparse.cc:525:parse_blif$15699.genblk1.genblk1.genblk1.genblk1.genblk1.genblk1.lut2 (4 -> 0)
  Optimizing lut $abc$14708$auto$blifparse.cc:525:parse_blif$15699.genblk1.genblk1.genblk1.genblk1.genblk1.genblk1.lut3 (4 -> 1)
  Optimizing lut $abc$14708$auto$blifparse.cc:525:parse_blif$15692.genblk1.genblk1.genblk1.genblk1.genblk1.genblk1.genblk1.lut1 (4 -> 0)
  Optimizing lut $abc$14708$auto$blifparse.cc:525:parse_blif$15692.genblk1.genblk1.genblk1.genblk1.genblk1.genblk1.genblk1.lut2 (4 -> 1)
  Optimizing lut $abc$14708$auto$blifparse.cc:525:parse_blif$15692.genblk1.genblk1.genblk1.genblk1.genblk1.genblk1.genblk1.lut3 (4 -> 0)
  Optimizing lut $abc$14708$auto$blifparse.cc:525:parse_blif$15692.genblk1.genblk1.genblk1.genblk1.genblk1.genblk1.genblk1.lut4 (4 -> 1)
  Optimizing lut $abc$14708$auto$blifparse.cc:525:parse_blif$15692.genblk1.genblk1.genblk1.genblk1.genblk1.genblk1.genblk1.lut5 (4 -> 1)
  Optimizing lut $abc$14708$auto$blifparse.cc:525:parse_blif$15692.genblk1.genblk1.genblk1.genblk1.genblk1.genblk1.genblk1.lut6 (4 -> 1)
  Optimizing lut $abc$14708$auto$blifparse.cc:525:parse_blif$15692.genblk1.genblk1.genblk1.genblk1.genblk1.genblk1.genblk1.lut7 (4 -> 1)
  Optimizing lut $abc$14708$auto$blifparse.cc:525:parse_blif$14981.genblk1.genblk1.genblk1.genblk1.genblk1.genblk1.lut3 (4 -> 0)
  Optimizing lut $abc$14708$auto$blifparse.cc:525:parse_blif$15690.genblk1.genblk1.genblk1.genblk1.genblk1.genblk1.lut1 (4 -> 3)
  Optimizing lut $abc$14708$auto$blifparse.cc:525:parse_blif$15690.genblk1.genblk1.genblk1.genblk1.genblk1.genblk1.lut2 (4 -> 0)
  Optimizing lut $abc$14708$auto$blifparse.cc:525:parse_blif$15690.genblk1.genblk1.genblk1.genblk1.genblk1.genblk1.lut3 (4 -> 1)
  Optimizing lut $abc$14708$auto$blifparse.cc:525:parse_blif$15708.genblk1.genblk1.genblk1.genblk1.genblk1.genblk1.lut1 (4 -> 3)
  Optimizing lut $abc$14708$auto$blifparse.cc:525:parse_blif$15708.genblk1.genblk1.genblk1.genblk1.genblk1.genblk1.lut2 (4 -> 0)
  Optimizing lut $abc$14708$auto$blifparse.cc:525:parse_blif$15708.genblk1.genblk1.genblk1.genblk1.genblk1.genblk1.lut3 (4 -> 1)
  Optimizing lut $abc$14708$auto$blifparse.cc:525:parse_blif$15701.genblk1.genblk1.genblk1.genblk1.genblk1.genblk1.genblk1.lut1 (4 -> 0)
  Optimizing lut $abc$14708$auto$blifparse.cc:525:parse_blif$15701.genblk1.genblk1.genblk1.genblk1.genblk1.genblk1.genblk1.lut2 (4 -> 0)
  Optimizing lut $abc$14708$auto$blifparse.cc:525:parse_blif$15701.genblk1.genblk1.genblk1.genblk1.genblk1.genblk1.genblk1.lut3 (4 -> 0)
  Optimizing lut $abc$14708$auto$blifparse.cc:525:parse_blif$15701.genblk1.genblk1.genblk1.genblk1.genblk1.genblk1.genblk1.lut4 (4 -> 1)
  Optimizing lut $abc$14708$auto$blifparse.cc:525:parse_blif$15701.genblk1.genblk1.genblk1.genblk1.genblk1.genblk1.genblk1.lut5 (4 -> 1)
  Optimizing lut $abc$14708$auto$blifparse.cc:525:parse_blif$15701.genblk1.genblk1.genblk1.genblk1.genblk1.genblk1.genblk1.lut6 (4 -> 1)
  Optimizing lut $abc$14708$auto$blifparse.cc:525:parse_blif$15701.genblk1.genblk1.genblk1.genblk1.genblk1.genblk1.genblk1.lut7 (4 -> 1)
  Optimizing lut $abc$14708$auto$blifparse.cc:525:parse_blif$14895.genblk1.genblk1.genblk1.genblk1.genblk1.lut1 (4 -> 3)
  Optimizing lut $abc$14708$auto$blifparse.cc:525:parse_blif$15137.genblk1.genblk1.genblk1.genblk1.genblk1.lut1 (4 -> 3)
  Optimizing lut $abc$14708$auto$blifparse.cc:525:parse_blif$15655.genblk1.genblk1.genblk1.genblk1.genblk1.genblk1.lut1 (4 -> 0)
  Optimizing lut $abc$14708$auto$blifparse.cc:525:parse_blif$15655.genblk1.genblk1.genblk1.genblk1.genblk1.genblk1.lut2 (4 -> 1)
  Optimizing lut $abc$14708$auto$blifparse.cc:525:parse_blif$15656.genblk1.genblk1.genblk1.genblk1.genblk1.genblk1.genblk1.lut1 (4 -> 3)
  Optimizing lut $abc$14708$auto$blifparse.cc:525:parse_blif$15656.genblk1.genblk1.genblk1.genblk1.genblk1.genblk1.genblk1.lut2 (4 -> 3)
  Optimizing lut $abc$14708$auto$blifparse.cc:525:parse_blif$15656.genblk1.genblk1.genblk1.genblk1.genblk1.genblk1.genblk1.lut4 (4 -> 0)
  Optimizing lut $abc$14708$auto$blifparse.cc:525:parse_blif$15656.genblk1.genblk1.genblk1.genblk1.genblk1.genblk1.genblk1.lut5 (4 -> 0)
  Optimizing lut $abc$14708$auto$blifparse.cc:525:parse_blif$15656.genblk1.genblk1.genblk1.genblk1.genblk1.genblk1.genblk1.lut6 (4 -> 0)
  Optimizing lut $abc$14708$auto$blifparse.cc:525:parse_blif$15656.genblk1.genblk1.genblk1.genblk1.genblk1.genblk1.genblk1.lut7 (4 -> 1)
  Optimizing lut $abc$14708$auto$blifparse.cc:525:parse_blif$15141.genblk1.genblk1.genblk1.genblk1.genblk1.lut1 (4 -> 3)
  Optimizing lut $abc$14708$auto$blifparse.cc:525:parse_blif$15767.genblk1.genblk1.genblk1.genblk1.genblk1.genblk1.genblk1.lut2 (4 -> 0)
  Optimizing lut $abc$14708$auto$blifparse.cc:525:parse_blif$15767.genblk1.genblk1.genblk1.genblk1.genblk1.genblk1.genblk1.lut3 (4 -> 0)
  Optimizing lut $abc$14708$auto$blifparse.cc:525:parse_blif$15767.genblk1.genblk1.genblk1.genblk1.genblk1.genblk1.genblk1.lut4 (4 -> 1)
  Optimizing lut $abc$14708$auto$blifparse.cc:525:parse_blif$15767.genblk1.genblk1.genblk1.genblk1.genblk1.genblk1.genblk1.lut5 (4 -> 1)
  Optimizing lut $abc$14708$auto$blifparse.cc:525:parse_blif$15767.genblk1.genblk1.genblk1.genblk1.genblk1.genblk1.genblk1.lut6 (4 -> 1)
  Optimizing lut $abc$14708$auto$blifparse.cc:525:parse_blif$15767.genblk1.genblk1.genblk1.genblk1.genblk1.genblk1.genblk1.lut7 (4 -> 1)
  Optimizing lut $abc$14708$auto$blifparse.cc:525:parse_blif$15761.genblk1.genblk1.genblk1.genblk1.genblk1.genblk1.genblk1.lut1 (4 -> 0)
  Optimizing lut $abc$14708$auto$blifparse.cc:525:parse_blif$15761.genblk1.genblk1.genblk1.genblk1.genblk1.genblk1.genblk1.lut2 (4 -> 0)
  Optimizing lut $abc$14708$auto$blifparse.cc:525:parse_blif$15761.genblk1.genblk1.genblk1.genblk1.genblk1.genblk1.genblk1.lut3 (4 -> 0)
  Optimizing lut $abc$14708$auto$blifparse.cc:525:parse_blif$15761.genblk1.genblk1.genblk1.genblk1.genblk1.genblk1.genblk1.lut4 (4 -> 1)
  Optimizing lut $abc$14708$auto$blifparse.cc:525:parse_blif$15761.genblk1.genblk1.genblk1.genblk1.genblk1.genblk1.genblk1.lut5 (4 -> 1)
  Optimizing lut $abc$14708$auto$blifparse.cc:525:parse_blif$15761.genblk1.genblk1.genblk1.genblk1.genblk1.genblk1.genblk1.lut6 (4 -> 1)
  Optimizing lut $abc$14708$auto$blifparse.cc:525:parse_blif$15761.genblk1.genblk1.genblk1.genblk1.genblk1.genblk1.genblk1.lut7 (4 -> 1)
  Optimizing lut $abc$14708$auto$blifparse.cc:525:parse_blif$15140.genblk1.genblk1.genblk1.genblk1.genblk1.lut1 (4 -> 3)
  Optimizing lut $abc$14708$auto$blifparse.cc:525:parse_blif$15743.genblk1.genblk1.genblk1.genblk1.genblk1.genblk1.genblk1.lut2 (4 -> 0)
  Optimizing lut $abc$14708$auto$blifparse.cc:525:parse_blif$15743.genblk1.genblk1.genblk1.genblk1.genblk1.genblk1.genblk1.lut3 (4 -> 0)
  Optimizing lut $abc$14708$auto$blifparse.cc:525:parse_blif$15743.genblk1.genblk1.genblk1.genblk1.genblk1.genblk1.genblk1.lut4 (4 -> 1)
  Optimizing lut $abc$14708$auto$blifparse.cc:525:parse_blif$15743.genblk1.genblk1.genblk1.genblk1.genblk1.genblk1.genblk1.lut5 (4 -> 1)
  Optimizing lut $abc$14708$auto$blifparse.cc:525:parse_blif$15743.genblk1.genblk1.genblk1.genblk1.genblk1.genblk1.genblk1.lut6 (4 -> 1)
  Optimizing lut $abc$14708$auto$blifparse.cc:525:parse_blif$15743.genblk1.genblk1.genblk1.genblk1.genblk1.genblk1.genblk1.lut7 (4 -> 1)
  Optimizing lut $abc$14708$auto$blifparse.cc:525:parse_blif$14890.genblk1.genblk1.genblk1.genblk1.genblk1.lut1 (4 -> 3)
  Optimizing lut $abc$14708$auto$blifparse.cc:525:parse_blif$15728.genblk1.genblk1.genblk1.genblk1.genblk1.genblk1.genblk1.lut2 (4 -> 1)
  Optimizing lut $abc$14708$auto$blifparse.cc:525:parse_blif$15728.genblk1.genblk1.genblk1.genblk1.genblk1.genblk1.genblk1.lut3 (4 -> 0)
  Optimizing lut $abc$14708$auto$blifparse.cc:525:parse_blif$15728.genblk1.genblk1.genblk1.genblk1.genblk1.genblk1.genblk1.lut4 (4 -> 1)
  Optimizing lut $abc$14708$auto$blifparse.cc:525:parse_blif$15728.genblk1.genblk1.genblk1.genblk1.genblk1.genblk1.genblk1.lut5 (4 -> 1)
  Optimizing lut $abc$14708$auto$blifparse.cc:525:parse_blif$15728.genblk1.genblk1.genblk1.genblk1.genblk1.genblk1.genblk1.lut6 (4 -> 1)
  Optimizing lut $abc$14708$auto$blifparse.cc:525:parse_blif$15728.genblk1.genblk1.genblk1.genblk1.genblk1.genblk1.genblk1.lut7 (4 -> 1)
  Optimizing lut $abc$14708$auto$blifparse.cc:525:parse_blif$15735.genblk1.genblk1.genblk1.genblk1.genblk1.genblk1.lut1 (4 -> 3)
  Optimizing lut $abc$14708$auto$blifparse.cc:525:parse_blif$15735.genblk1.genblk1.genblk1.genblk1.genblk1.genblk1.lut2 (4 -> 0)
  Optimizing lut $abc$14708$auto$blifparse.cc:525:parse_blif$15735.genblk1.genblk1.genblk1.genblk1.genblk1.genblk1.lut3 (4 -> 1)
  Optimizing lut $abc$14708$auto$blifparse.cc:525:parse_blif$15138.genblk1.genblk1.genblk1.genblk1.genblk1.lut1 (4 -> 3)
  Optimizing lut $abc$14708$auto$blifparse.cc:525:parse_blif$15717.genblk1.genblk1.genblk1.genblk1.genblk1.genblk1.lut1 (4 -> 3)
  Optimizing lut $abc$14708$auto$blifparse.cc:525:parse_blif$15717.genblk1.genblk1.genblk1.genblk1.genblk1.genblk1.lut2 (4 -> 0)
  Optimizing lut $abc$14708$auto$blifparse.cc:525:parse_blif$15717.genblk1.genblk1.genblk1.genblk1.genblk1.genblk1.lut3 (4 -> 1)
  Optimizing lut $abc$14708$auto$blifparse.cc:525:parse_blif$15683.genblk1.genblk1.genblk1.genblk1.genblk1.genblk1.genblk1.lut1 (4 -> 0)
  Optimizing lut $abc$14708$auto$blifparse.cc:525:parse_blif$15683.genblk1.genblk1.genblk1.genblk1.genblk1.genblk1.genblk1.lut2 (4 -> 1)
  Optimizing lut $abc$14708$auto$blifparse.cc:525:parse_blif$15683.genblk1.genblk1.genblk1.genblk1.genblk1.genblk1.genblk1.lut3 (4 -> 0)
  Optimizing lut $abc$14708$auto$blifparse.cc:525:parse_blif$15683.genblk1.genblk1.genblk1.genblk1.genblk1.genblk1.genblk1.lut4 (4 -> 1)
  Optimizing lut $abc$14708$auto$blifparse.cc:525:parse_blif$15683.genblk1.genblk1.genblk1.genblk1.genblk1.genblk1.genblk1.lut5 (4 -> 1)
  Optimizing lut $abc$14708$auto$blifparse.cc:525:parse_blif$15683.genblk1.genblk1.genblk1.genblk1.genblk1.genblk1.genblk1.lut6 (4 -> 1)
  Optimizing lut $abc$14708$auto$blifparse.cc:525:parse_blif$15683.genblk1.genblk1.genblk1.genblk1.genblk1.genblk1.genblk1.lut7 (4 -> 1)
  Optimizing lut $abc$14708$auto$blifparse.cc:525:parse_blif$15665.genblk1.genblk1.genblk1.genblk1.genblk1.genblk1.genblk1.lut2 (4 -> 1)
  Optimizing lut $abc$14708$auto$blifparse.cc:525:parse_blif$15665.genblk1.genblk1.genblk1.genblk1.genblk1.genblk1.genblk1.lut3 (4 -> 0)
  Optimizing lut $abc$14708$auto$blifparse.cc:525:parse_blif$15665.genblk1.genblk1.genblk1.genblk1.genblk1.genblk1.genblk1.lut4 (4 -> 1)
  Optimizing lut $abc$14708$auto$blifparse.cc:525:parse_blif$15665.genblk1.genblk1.genblk1.genblk1.genblk1.genblk1.genblk1.lut5 (4 -> 1)
  Optimizing lut $abc$14708$auto$blifparse.cc:525:parse_blif$15665.genblk1.genblk1.genblk1.genblk1.genblk1.genblk1.genblk1.lut6 (4 -> 1)
  Optimizing lut $abc$14708$auto$blifparse.cc:525:parse_blif$15665.genblk1.genblk1.genblk1.genblk1.genblk1.genblk1.genblk1.lut7 (4 -> 1)
  Optimizing lut $abc$14708$auto$blifparse.cc:525:parse_blif$14975.genblk1.genblk1.genblk1.genblk1.genblk1.genblk1.lut3 (4 -> 0)
  Optimizing lut $abc$14708$auto$blifparse.cc:525:parse_blif$15672.genblk1.genblk1.genblk1.genblk1.genblk1.genblk1.lut1 (4 -> 3)
  Optimizing lut $abc$14708$auto$blifparse.cc:525:parse_blif$15672.genblk1.genblk1.genblk1.genblk1.genblk1.genblk1.lut2 (4 -> 0)
  Optimizing lut $abc$14708$auto$blifparse.cc:525:parse_blif$15672.genblk1.genblk1.genblk1.genblk1.genblk1.genblk1.lut3 (4 -> 1)
  Optimizing lut $abc$14708$auto$blifparse.cc:525:parse_blif$15681.genblk1.genblk1.genblk1.genblk1.genblk1.genblk1.lut1 (4 -> 3)
  Optimizing lut $abc$14708$auto$blifparse.cc:525:parse_blif$15681.genblk1.genblk1.genblk1.genblk1.genblk1.genblk1.lut2 (4 -> 0)
  Optimizing lut $abc$14708$auto$blifparse.cc:525:parse_blif$15681.genblk1.genblk1.genblk1.genblk1.genblk1.genblk1.lut3 (4 -> 1)
  Optimizing lut $abc$14708$auto$blifparse.cc:525:parse_blif$15674.genblk1.genblk1.genblk1.genblk1.genblk1.genblk1.genblk1.lut1 (4 -> 0)
  Optimizing lut $abc$14708$auto$blifparse.cc:525:parse_blif$15674.genblk1.genblk1.genblk1.genblk1.genblk1.genblk1.genblk1.lut2 (4 -> 1)
  Optimizing lut $abc$14708$auto$blifparse.cc:525:parse_blif$15674.genblk1.genblk1.genblk1.genblk1.genblk1.genblk1.genblk1.lut3 (4 -> 0)
  Optimizing lut $abc$14708$auto$blifparse.cc:525:parse_blif$15674.genblk1.genblk1.genblk1.genblk1.genblk1.genblk1.genblk1.lut4 (4 -> 1)
  Optimizing lut $abc$14708$auto$blifparse.cc:525:parse_blif$15674.genblk1.genblk1.genblk1.genblk1.genblk1.genblk1.genblk1.lut5 (4 -> 1)
  Optimizing lut $abc$14708$auto$blifparse.cc:525:parse_blif$15674.genblk1.genblk1.genblk1.genblk1.genblk1.genblk1.genblk1.lut6 (4 -> 1)
  Optimizing lut $abc$14708$auto$blifparse.cc:525:parse_blif$15674.genblk1.genblk1.genblk1.genblk1.genblk1.genblk1.genblk1.lut7 (4 -> 1)
  Optimizing lut $abc$14708$auto$blifparse.cc:525:parse_blif$15663.genblk1.genblk1.genblk1.genblk1.genblk1.genblk1.lut1 (4 -> 3)
  Optimizing lut $abc$14708$auto$blifparse.cc:525:parse_blif$15663.genblk1.genblk1.genblk1.genblk1.genblk1.genblk1.lut2 (4 -> 0)
  Optimizing lut $abc$14708$auto$blifparse.cc:525:parse_blif$15663.genblk1.genblk1.genblk1.genblk1.genblk1.genblk1.lut3 (4 -> 1)
  Optimizing lut $abc$14708$auto$blifparse.cc:525:parse_blif$14967.genblk1.genblk1.genblk1.genblk1.genblk1.genblk1.genblk1.lut2 (4 -> 0)
  Optimizing lut $abc$14708$auto$blifparse.cc:525:parse_blif$14967.genblk1.genblk1.genblk1.genblk1.genblk1.genblk1.genblk1.lut3 (4 -> 0)
  Optimizing lut $abc$14708$auto$blifparse.cc:525:parse_blif$14967.genblk1.genblk1.genblk1.genblk1.genblk1.genblk1.genblk1.lut7 (4 -> 0)
  Optimizing lut $abc$14708$auto$blifparse.cc:525:parse_blif$14968.genblk1.genblk1.genblk1.genblk1.genblk1.genblk1.genblk1.lut1 (4 -> 0)
  Optimizing lut $abc$14708$auto$blifparse.cc:525:parse_blif$14968.genblk1.genblk1.genblk1.genblk1.genblk1.genblk1.genblk1.lut2 (4 -> 0)
  Optimizing lut $abc$14708$auto$blifparse.cc:525:parse_blif$14968.genblk1.genblk1.genblk1.genblk1.genblk1.genblk1.genblk1.lut3 (4 -> 0)
  Optimizing lut $abc$14708$auto$blifparse.cc:525:parse_blif$14968.genblk1.genblk1.genblk1.genblk1.genblk1.genblk1.genblk1.lut4 (4 -> 0)
  Optimizing lut $abc$14708$auto$blifparse.cc:525:parse_blif$14968.genblk1.genblk1.genblk1.genblk1.genblk1.genblk1.genblk1.lut5 (4 -> 3)
  Optimizing lut $abc$14708$auto$blifparse.cc:525:parse_blif$14968.genblk1.genblk1.genblk1.genblk1.genblk1.genblk1.genblk1.lut6 (4 -> 3)
  Optimizing lut $abc$14708$auto$blifparse.cc:525:parse_blif$14968.genblk1.genblk1.genblk1.genblk1.genblk1.genblk1.genblk1.lut7 (4 -> 0)
  Optimizing lut $abc$14708$auto$blifparse.cc:525:parse_blif$15636.genblk1.genblk1.genblk1.genblk1.genblk1.genblk1.genblk1.lut2 (4 -> 0)
  Optimizing lut $abc$14708$auto$blifparse.cc:525:parse_blif$15636.genblk1.genblk1.genblk1.genblk1.genblk1.genblk1.genblk1.lut3 (4 -> 0)
  Optimizing lut $abc$14708$auto$blifparse.cc:525:parse_blif$15636.genblk1.genblk1.genblk1.genblk1.genblk1.genblk1.genblk1.lut4 (4 -> 0)
  Optimizing lut $abc$14708$auto$blifparse.cc:525:parse_blif$15636.genblk1.genblk1.genblk1.genblk1.genblk1.genblk1.genblk1.lut5 (4 -> 0)
  Optimizing lut $abc$14708$auto$blifparse.cc:525:parse_blif$15636.genblk1.genblk1.genblk1.genblk1.genblk1.genblk1.genblk1.lut6 (4 -> 0)
  Optimizing lut $abc$14708$auto$blifparse.cc:525:parse_blif$15593.genblk1.genblk1.genblk1.genblk1.genblk1.genblk1.lut2 (4 -> 1)
  Optimizing lut $abc$14708$auto$blifparse.cc:525:parse_blif$15593.genblk1.genblk1.genblk1.genblk1.genblk1.genblk1.lut3 (4 -> 0)
  Optimizing lut $abc$14708$auto$blifparse.cc:525:parse_blif$15583.genblk1.genblk1.genblk1.genblk1.genblk1.genblk1.lut1 (4 -> 3)
  Optimizing lut $abc$14708$auto$blifparse.cc:525:parse_blif$15583.genblk1.genblk1.genblk1.genblk1.genblk1.genblk1.lut2 (4 -> 0)
  Optimizing lut $abc$14708$auto$blifparse.cc:525:parse_blif$15583.genblk1.genblk1.genblk1.genblk1.genblk1.genblk1.lut3 (4 -> 1)
  Optimizing lut $abc$14708$auto$blifparse.cc:525:parse_blif$14973.genblk1.genblk1.genblk1.genblk1.genblk1.genblk1.genblk1.lut1 (4 -> 1)
  Optimizing lut $abc$14708$auto$blifparse.cc:525:parse_blif$14973.genblk1.genblk1.genblk1.genblk1.genblk1.genblk1.genblk1.lut2 (4 -> 1)
  Optimizing lut $abc$14708$auto$blifparse.cc:525:parse_blif$14973.genblk1.genblk1.genblk1.genblk1.genblk1.genblk1.genblk1.lut3 (4 -> 3)
  Optimizing lut $abc$14708$auto$blifparse.cc:525:parse_blif$14973.genblk1.genblk1.genblk1.genblk1.genblk1.genblk1.genblk1.lut5 (4 -> 3)
  Optimizing lut $abc$14708$auto$blifparse.cc:525:parse_blif$14973.genblk1.genblk1.genblk1.genblk1.genblk1.genblk1.genblk1.lut6 (4 -> 3)
  Optimizing lut $abc$14708$auto$blifparse.cc:525:parse_blif$14973.genblk1.genblk1.genblk1.genblk1.genblk1.genblk1.genblk1.lut7 (4 -> 3)
  Optimizing lut $abc$14708$auto$blifparse.cc:525:parse_blif$15005.genblk1.genblk1.genblk1.genblk1.genblk1.genblk1.genblk1.lut2 (4 -> 3)
  Optimizing lut $abc$14708$auto$blifparse.cc:525:parse_blif$15005.genblk1.genblk1.genblk1.genblk1.genblk1.genblk1.genblk1.lut3 (4 -> 3)
  Optimizing lut $abc$14708$auto$blifparse.cc:525:parse_blif$15005.genblk1.genblk1.genblk1.genblk1.genblk1.genblk1.genblk1.lut4 (4 -> 1)
  Optimizing lut $abc$14708$auto$blifparse.cc:525:parse_blif$15005.genblk1.genblk1.genblk1.genblk1.genblk1.genblk1.genblk1.lut5 (4 -> 3)
  Optimizing lut $abc$14708$auto$blifparse.cc:525:parse_blif$15005.genblk1.genblk1.genblk1.genblk1.genblk1.genblk1.genblk1.lut7 (4 -> 3)
  Optimizing lut $abc$14708$auto$blifparse.cc:525:parse_blif$14972.genblk1.genblk1.genblk1.genblk1.genblk1.genblk1.genblk1.lut2 (4 -> 0)
  Optimizing lut $abc$14708$auto$blifparse.cc:525:parse_blif$14972.genblk1.genblk1.genblk1.genblk1.genblk1.genblk1.genblk1.lut3 (4 -> 0)
  Optimizing lut $abc$14708$auto$blifparse.cc:525:parse_blif$14972.genblk1.genblk1.genblk1.genblk1.genblk1.genblk1.genblk1.lut4 (4 -> 0)
  Optimizing lut $abc$14708$auto$blifparse.cc:525:parse_blif$14972.genblk1.genblk1.genblk1.genblk1.genblk1.genblk1.genblk1.lut5 (4 -> 3)
  Optimizing lut $abc$14708$auto$blifparse.cc:525:parse_blif$14972.genblk1.genblk1.genblk1.genblk1.genblk1.genblk1.genblk1.lut6 (4 -> 3)
  Optimizing lut $abc$14708$auto$blifparse.cc:525:parse_blif$14972.genblk1.genblk1.genblk1.genblk1.genblk1.genblk1.genblk1.lut7 (4 -> 0)
  Optimizing lut $abc$14708$auto$blifparse.cc:525:parse_blif$15582.genblk1.genblk1.genblk1.genblk1.genblk1.genblk1.genblk1.lut2 (4 -> 0)
  Optimizing lut $abc$14708$auto$blifparse.cc:525:parse_blif$15582.genblk1.genblk1.genblk1.genblk1.genblk1.genblk1.genblk1.lut3 (4 -> 0)
  Optimizing lut $abc$14708$auto$blifparse.cc:525:parse_blif$15582.genblk1.genblk1.genblk1.genblk1.genblk1.genblk1.genblk1.lut4 (4 -> 0)
  Optimizing lut $abc$14708$auto$blifparse.cc:525:parse_blif$15582.genblk1.genblk1.genblk1.genblk1.genblk1.genblk1.genblk1.lut5 (4 -> 0)
  Optimizing lut $abc$14708$auto$blifparse.cc:525:parse_blif$15582.genblk1.genblk1.genblk1.genblk1.genblk1.genblk1.genblk1.lut6 (4 -> 0)
  Optimizing lut $abc$14708$auto$blifparse.cc:525:parse_blif$15582.genblk1.genblk1.genblk1.genblk1.genblk1.genblk1.genblk1.lut7 (4 -> 0)
  Optimizing lut $abc$14708$auto$blifparse.cc:525:parse_blif$14938.genblk1.genblk1.genblk1.genblk1.genblk1.genblk1.lut1 (4 -> 0)
  Optimizing lut $abc$14708$auto$blifparse.cc:525:parse_blif$14941.genblk1.genblk1.genblk1.genblk1.genblk1.genblk1.genblk1.lut2 (4 -> 0)
  Optimizing lut $abc$14708$auto$blifparse.cc:525:parse_blif$14941.genblk1.genblk1.genblk1.genblk1.genblk1.genblk1.genblk1.lut3 (4 -> 0)
  Optimizing lut $abc$14708$auto$blifparse.cc:525:parse_blif$14941.genblk1.genblk1.genblk1.genblk1.genblk1.genblk1.genblk1.lut4 (4 -> 0)
  Optimizing lut $abc$14708$auto$blifparse.cc:525:parse_blif$14941.genblk1.genblk1.genblk1.genblk1.genblk1.genblk1.genblk1.lut5 (4 -> 0)
  Optimizing lut $abc$14708$auto$blifparse.cc:525:parse_blif$14941.genblk1.genblk1.genblk1.genblk1.genblk1.genblk1.genblk1.lut6 (4 -> 3)
  Optimizing lut $abc$14708$auto$blifparse.cc:525:parse_blif$14941.genblk1.genblk1.genblk1.genblk1.genblk1.genblk1.genblk1.lut7 (4 -> 3)
  Optimizing lut $abc$14708$auto$blifparse.cc:525:parse_blif$14939.genblk1.genblk1.genblk1.genblk1.genblk1.genblk1.genblk1.lut1 (4 -> 0)
  Optimizing lut $abc$14708$auto$blifparse.cc:525:parse_blif$14939.genblk1.genblk1.genblk1.genblk1.genblk1.genblk1.genblk1.lut2 (4 -> 0)
  Optimizing lut $abc$14708$auto$blifparse.cc:525:parse_blif$14939.genblk1.genblk1.genblk1.genblk1.genblk1.genblk1.genblk1.lut3 (4 -> 0)
  Optimizing lut $abc$14708$auto$blifparse.cc:525:parse_blif$14939.genblk1.genblk1.genblk1.genblk1.genblk1.genblk1.genblk1.lut4 (4 -> 0)
  Optimizing lut $abc$14708$auto$blifparse.cc:525:parse_blif$14939.genblk1.genblk1.genblk1.genblk1.genblk1.genblk1.genblk1.lut5 (4 -> 3)
  Optimizing lut $abc$14708$auto$blifparse.cc:525:parse_blif$14939.genblk1.genblk1.genblk1.genblk1.genblk1.genblk1.genblk1.lut6 (4 -> 3)
  Optimizing lut $abc$14708$auto$blifparse.cc:525:parse_blif$14939.genblk1.genblk1.genblk1.genblk1.genblk1.genblk1.genblk1.lut7 (4 -> 0)
  Optimizing lut $abc$14708$auto$blifparse.cc:525:parse_blif$14989.genblk1.genblk1.genblk1.genblk1.genblk1.genblk1.genblk1.lut1 (4 -> 1)
  Optimizing lut $abc$14708$auto$blifparse.cc:525:parse_blif$14989.genblk1.genblk1.genblk1.genblk1.genblk1.genblk1.genblk1.lut2 (4 -> 3)
  Optimizing lut $abc$14708$auto$blifparse.cc:525:parse_blif$14989.genblk1.genblk1.genblk1.genblk1.genblk1.genblk1.genblk1.lut3 (4 -> 3)
  Optimizing lut $abc$14708$auto$blifparse.cc:525:parse_blif$14989.genblk1.genblk1.genblk1.genblk1.genblk1.genblk1.genblk1.lut4 (4 -> 1)
  Optimizing lut $abc$14708$auto$blifparse.cc:525:parse_blif$14989.genblk1.genblk1.genblk1.genblk1.genblk1.genblk1.genblk1.lut5 (4 -> 3)
  Optimizing lut $abc$14708$auto$blifparse.cc:525:parse_blif$14989.genblk1.genblk1.genblk1.genblk1.genblk1.genblk1.genblk1.lut7 (4 -> 3)
  Optimizing lut $abc$14708$auto$blifparse.cc:525:parse_blif$15644.genblk1.genblk1.genblk1.genblk1.genblk1.genblk1.lut1 (4 -> 3)
  Optimizing lut $abc$14708$auto$blifparse.cc:525:parse_blif$15644.genblk1.genblk1.genblk1.genblk1.genblk1.genblk1.lut2 (4 -> 0)
  Optimizing lut $abc$14708$auto$blifparse.cc:525:parse_blif$15644.genblk1.genblk1.genblk1.genblk1.genblk1.genblk1.lut3 (4 -> 1)
  Optimizing lut $abc$14708$auto$blifparse.cc:525:parse_blif$15133.genblk1.genblk1.genblk1.genblk1.genblk1.lut1 (4 -> 3)
  Optimizing lut $abc$14708$auto$blifparse.cc:525:parse_blif$14964.genblk1.genblk1.genblk1.genblk1.genblk1.genblk1.genblk1.lut2 (4 -> 0)
  Optimizing lut $abc$14708$auto$blifparse.cc:525:parse_blif$14964.genblk1.genblk1.genblk1.genblk1.genblk1.genblk1.genblk1.lut3 (4 -> 0)
  Optimizing lut $abc$14708$auto$blifparse.cc:525:parse_blif$14964.genblk1.genblk1.genblk1.genblk1.genblk1.genblk1.genblk1.lut7 (4 -> 0)
  Optimizing lut $abc$14708$auto$blifparse.cc:525:parse_blif$14965.genblk1.genblk1.genblk1.genblk1.genblk1.genblk1.genblk1.lut1 (4 -> 0)
  Optimizing lut $abc$14708$auto$blifparse.cc:525:parse_blif$14965.genblk1.genblk1.genblk1.genblk1.genblk1.genblk1.genblk1.lut2 (4 -> 0)
  Optimizing lut $abc$14708$auto$blifparse.cc:525:parse_blif$14965.genblk1.genblk1.genblk1.genblk1.genblk1.genblk1.genblk1.lut3 (4 -> 0)
  Optimizing lut $abc$14708$auto$blifparse.cc:525:parse_blif$14965.genblk1.genblk1.genblk1.genblk1.genblk1.genblk1.genblk1.lut4 (4 -> 0)
  Optimizing lut $abc$14708$auto$blifparse.cc:525:parse_blif$14965.genblk1.genblk1.genblk1.genblk1.genblk1.genblk1.genblk1.lut5 (4 -> 3)
  Optimizing lut $abc$14708$auto$blifparse.cc:525:parse_blif$14965.genblk1.genblk1.genblk1.genblk1.genblk1.genblk1.genblk1.lut6 (4 -> 3)
  Optimizing lut $abc$14708$auto$blifparse.cc:525:parse_blif$14965.genblk1.genblk1.genblk1.genblk1.genblk1.genblk1.genblk1.lut7 (4 -> 0)
  Optimizing lut $abc$14708$auto$blifparse.cc:525:parse_blif$15532.genblk1.genblk1.genblk1.genblk1.genblk1.genblk1.genblk1.lut2 (4 -> 0)
  Optimizing lut $abc$14708$auto$blifparse.cc:525:parse_blif$15532.genblk1.genblk1.genblk1.genblk1.genblk1.genblk1.genblk1.lut3 (4 -> 0)
  Optimizing lut $abc$14708$auto$blifparse.cc:525:parse_blif$15532.genblk1.genblk1.genblk1.genblk1.genblk1.genblk1.genblk1.lut4 (4 -> 1)
  Optimizing lut $abc$14708$auto$blifparse.cc:525:parse_blif$15532.genblk1.genblk1.genblk1.genblk1.genblk1.genblk1.genblk1.lut5 (4 -> 1)
  Optimizing lut $abc$14708$auto$blifparse.cc:525:parse_blif$15532.genblk1.genblk1.genblk1.genblk1.genblk1.genblk1.genblk1.lut6 (4 -> 1)
  Optimizing lut $abc$14708$auto$blifparse.cc:525:parse_blif$15532.genblk1.genblk1.genblk1.genblk1.genblk1.genblk1.genblk1.lut7 (4 -> 1)
  Optimizing lut $abc$14708$auto$blifparse.cc:525:parse_blif$14955.genblk1.genblk1.genblk1.genblk1.genblk1.genblk1.genblk1.lut2 (4 -> 0)
  Optimizing lut $abc$14708$auto$blifparse.cc:525:parse_blif$14955.genblk1.genblk1.genblk1.genblk1.genblk1.genblk1.genblk1.lut3 (4 -> 0)
  Optimizing lut $abc$14708$auto$blifparse.cc:525:parse_blif$14955.genblk1.genblk1.genblk1.genblk1.genblk1.genblk1.genblk1.lut7 (4 -> 0)
  Optimizing lut $abc$14708$auto$blifparse.cc:525:parse_blif$14956.genblk1.genblk1.genblk1.genblk1.genblk1.genblk1.genblk1.lut1 (4 -> 0)
  Optimizing lut $abc$14708$auto$blifparse.cc:525:parse_blif$14956.genblk1.genblk1.genblk1.genblk1.genblk1.genblk1.genblk1.lut2 (4 -> 0)
  Optimizing lut $abc$14708$auto$blifparse.cc:525:parse_blif$14956.genblk1.genblk1.genblk1.genblk1.genblk1.genblk1.genblk1.lut3 (4 -> 0)
  Optimizing lut $abc$14708$auto$blifparse.cc:525:parse_blif$14956.genblk1.genblk1.genblk1.genblk1.genblk1.genblk1.genblk1.lut4 (4 -> 0)
  Optimizing lut $abc$14708$auto$blifparse.cc:525:parse_blif$14956.genblk1.genblk1.genblk1.genblk1.genblk1.genblk1.genblk1.lut5 (4 -> 3)
  Optimizing lut $abc$14708$auto$blifparse.cc:525:parse_blif$14956.genblk1.genblk1.genblk1.genblk1.genblk1.genblk1.genblk1.lut6 (4 -> 3)
  Optimizing lut $abc$14708$auto$blifparse.cc:525:parse_blif$14956.genblk1.genblk1.genblk1.genblk1.genblk1.genblk1.genblk1.lut7 (4 -> 0)
  Optimizing lut $abc$14708$auto$blifparse.cc:525:parse_blif$14979.genblk1.genblk1.genblk1.genblk1.genblk1.genblk1.lut3 (4 -> 0)
  Optimizing lut $abc$14708$auto$blifparse.cc:525:parse_blif$14912.genblk1.genblk1.genblk1.genblk1.genblk1.genblk1.genblk1.lut2 (4 -> 0)
  Optimizing lut $abc$14708$auto$blifparse.cc:525:parse_blif$14912.genblk1.genblk1.genblk1.genblk1.genblk1.genblk1.genblk1.lut3 (4 -> 0)
  Optimizing lut $abc$14708$auto$blifparse.cc:525:parse_blif$14912.genblk1.genblk1.genblk1.genblk1.genblk1.genblk1.genblk1.lut5 (4 -> 0)
  Optimizing lut $abc$14708$auto$blifparse.cc:525:parse_blif$14912.genblk1.genblk1.genblk1.genblk1.genblk1.genblk1.genblk1.lut6 (4 -> 0)
  Optimizing lut $abc$14708$auto$blifparse.cc:525:parse_blif$14912.genblk1.genblk1.genblk1.genblk1.genblk1.genblk1.genblk1.lut7 (4 -> 0)
  Optimizing lut $abc$14708$auto$blifparse.cc:525:parse_blif$14914.genblk1.genblk1.genblk1.genblk1.genblk1.genblk1.genblk1.lut1 (4 -> 0)
  Optimizing lut $abc$14708$auto$blifparse.cc:525:parse_blif$14914.genblk1.genblk1.genblk1.genblk1.genblk1.genblk1.genblk1.lut2 (4 -> 0)
  Optimizing lut $abc$14708$auto$blifparse.cc:525:parse_blif$14914.genblk1.genblk1.genblk1.genblk1.genblk1.genblk1.genblk1.lut3 (4 -> 0)
  Optimizing lut $abc$14708$auto$blifparse.cc:525:parse_blif$14914.genblk1.genblk1.genblk1.genblk1.genblk1.genblk1.genblk1.lut4 (4 -> 0)
  Optimizing lut $abc$14708$auto$blifparse.cc:525:parse_blif$14914.genblk1.genblk1.genblk1.genblk1.genblk1.genblk1.genblk1.lut5 (4 -> 3)
  Optimizing lut $abc$14708$auto$blifparse.cc:525:parse_blif$14914.genblk1.genblk1.genblk1.genblk1.genblk1.genblk1.genblk1.lut6 (4 -> 3)
  Optimizing lut $abc$14708$auto$blifparse.cc:525:parse_blif$14914.genblk1.genblk1.genblk1.genblk1.genblk1.genblk1.genblk1.lut7 (4 -> 0)
  Optimizing lut $abc$14708$auto$blifparse.cc:525:parse_blif$15518.genblk1.genblk1.genblk1.genblk1.genblk1.genblk1.genblk1.lut1 (4 -> 3)
  Optimizing lut $abc$14708$auto$blifparse.cc:525:parse_blif$15518.genblk1.genblk1.genblk1.genblk1.genblk1.genblk1.genblk1.lut2 (4 -> 1)
  Optimizing lut $abc$14708$auto$blifparse.cc:525:parse_blif$15518.genblk1.genblk1.genblk1.genblk1.genblk1.genblk1.genblk1.lut3 (4 -> 1)
  Optimizing lut $abc$14708$auto$blifparse.cc:525:parse_blif$15518.genblk1.genblk1.genblk1.genblk1.genblk1.genblk1.genblk1.lut4 (4 -> 1)
  Optimizing lut $abc$14708$auto$blifparse.cc:525:parse_blif$15518.genblk1.genblk1.genblk1.genblk1.genblk1.genblk1.genblk1.lut5 (4 -> 3)
  Optimizing lut $abc$14708$auto$blifparse.cc:525:parse_blif$15518.genblk1.genblk1.genblk1.genblk1.genblk1.genblk1.genblk1.lut6 (4 -> 1)
  Optimizing lut $abc$14708$auto$blifparse.cc:525:parse_blif$15518.genblk1.genblk1.genblk1.genblk1.genblk1.genblk1.genblk1.lut7 (4 -> 1)
  Optimizing lut $abc$14708$auto$blifparse.cc:525:parse_blif$14977.genblk1.genblk1.genblk1.genblk1.genblk1.genblk1.lut3 (4 -> 0)
  Optimizing lut $abc$14708$auto$blifparse.cc:525:parse_blif$15519.genblk1.genblk1.genblk1.genblk1.genblk1.genblk1.genblk1.lut2 (4 -> 0)
  Optimizing lut $abc$14708$auto$blifparse.cc:525:parse_blif$15519.genblk1.genblk1.genblk1.genblk1.genblk1.genblk1.genblk1.lut3 (4 -> 0)
  Optimizing lut $abc$14708$auto$blifparse.cc:525:parse_blif$15519.genblk1.genblk1.genblk1.genblk1.genblk1.genblk1.genblk1.lut5 (4 -> 0)
  Optimizing lut $abc$14708$auto$blifparse.cc:525:parse_blif$15519.genblk1.genblk1.genblk1.genblk1.genblk1.genblk1.genblk1.lut6 (4 -> 0)
  Optimizing lut $abc$14708$auto$blifparse.cc:525:parse_blif$15519.genblk1.genblk1.genblk1.genblk1.genblk1.genblk1.genblk1.lut7 (4 -> 0)
  Optimizing lut $abc$14708$auto$blifparse.cc:525:parse_blif$14913.genblk1.genblk1.genblk1.genblk1.genblk1.genblk1.lut1 (4 -> 0)
  Optimizing lut $abc$14708$auto$blifparse.cc:525:parse_blif$14913.genblk1.genblk1.genblk1.genblk1.genblk1.genblk1.lut3 (4 -> 2)
  Optimizing lut $abc$14708$auto$blifparse.cc:525:parse_blif$15520.genblk1.genblk1.genblk1.genblk1.genblk1.genblk1.genblk1.lut1 (4 -> 0)
  Optimizing lut $abc$14708$auto$blifparse.cc:525:parse_blif$15520.genblk1.genblk1.genblk1.genblk1.genblk1.genblk1.genblk1.lut2 (4 -> 0)
  Optimizing lut $abc$14708$auto$blifparse.cc:525:parse_blif$15520.genblk1.genblk1.genblk1.genblk1.genblk1.genblk1.genblk1.lut3 (4 -> 0)
  Optimizing lut $abc$14708$auto$blifparse.cc:525:parse_blif$15520.genblk1.genblk1.genblk1.genblk1.genblk1.genblk1.genblk1.lut4 (4 -> 0)
  Optimizing lut $abc$14708$auto$blifparse.cc:525:parse_blif$15520.genblk1.genblk1.genblk1.genblk1.genblk1.genblk1.genblk1.lut5 (4 -> 3)
  Optimizing lut $abc$14708$auto$blifparse.cc:525:parse_blif$15520.genblk1.genblk1.genblk1.genblk1.genblk1.genblk1.genblk1.lut6 (4 -> 3)
  Optimizing lut $abc$14708$auto$blifparse.cc:525:parse_blif$15520.genblk1.genblk1.genblk1.genblk1.genblk1.genblk1.genblk1.lut7 (4 -> 0)
  Optimizing lut $abc$14708$auto$blifparse.cc:525:parse_blif$15523.genblk1.genblk1.genblk1.genblk1.genblk1.genblk1.lut2 (4 -> 0)
  Optimizing lut $abc$14708$auto$blifparse.cc:525:parse_blif$15523.genblk1.genblk1.genblk1.genblk1.genblk1.genblk1.lut3 (4 -> 0)
  Optimizing lut $abc$14708$auto$blifparse.cc:525:parse_blif$14953.genblk1.genblk1.genblk1.genblk1.genblk1.genblk1.genblk1.lut1 (4 -> 1)
  Optimizing lut $abc$14708$auto$blifparse.cc:525:parse_blif$14953.genblk1.genblk1.genblk1.genblk1.genblk1.genblk1.genblk1.lut2 (4 -> 1)
  Optimizing lut $abc$14708$auto$blifparse.cc:525:parse_blif$14953.genblk1.genblk1.genblk1.genblk1.genblk1.genblk1.genblk1.lut3 (4 -> 3)
  Optimizing lut $abc$14708$auto$blifparse.cc:525:parse_blif$14953.genblk1.genblk1.genblk1.genblk1.genblk1.genblk1.genblk1.lut5 (4 -> 3)
  Optimizing lut $abc$14708$auto$blifparse.cc:525:parse_blif$14953.genblk1.genblk1.genblk1.genblk1.genblk1.genblk1.genblk1.lut6 (4 -> 3)
  Optimizing lut $abc$14708$auto$blifparse.cc:525:parse_blif$14953.genblk1.genblk1.genblk1.genblk1.genblk1.genblk1.genblk1.lut7 (4 -> 3)
  Optimizing lut $abc$14708$auto$blifparse.cc:525:parse_blif$14833.genblk1.genblk1.genblk1.genblk1.genblk1.genblk1.lut1 (4 -> 2)
  Optimizing lut $abc$14708$auto$blifparse.cc:525:parse_blif$14833.genblk1.genblk1.genblk1.genblk1.genblk1.genblk1.lut2 (4 -> 2)
  Optimizing lut $abc$14708$auto$blifparse.cc:525:parse_blif$14833.genblk1.genblk1.genblk1.genblk1.genblk1.genblk1.lut3 (4 -> 2)
  Optimizing lut $abc$14708$auto$blifparse.cc:525:parse_blif$14950.genblk1.genblk1.genblk1.genblk1.genblk1.genblk1.genblk1.lut1 (4 -> 0)
  Optimizing lut $abc$14708$auto$blifparse.cc:525:parse_blif$14950.genblk1.genblk1.genblk1.genblk1.genblk1.genblk1.genblk1.lut2 (4 -> 0)
  Optimizing lut $abc$14708$auto$blifparse.cc:525:parse_blif$14950.genblk1.genblk1.genblk1.genblk1.genblk1.genblk1.genblk1.lut3 (4 -> 0)
  Optimizing lut $abc$14708$auto$blifparse.cc:525:parse_blif$14950.genblk1.genblk1.genblk1.genblk1.genblk1.genblk1.genblk1.lut4 (4 -> 0)
  Optimizing lut $abc$14708$auto$blifparse.cc:525:parse_blif$14950.genblk1.genblk1.genblk1.genblk1.genblk1.genblk1.genblk1.lut5 (4 -> 3)
  Optimizing lut $abc$14708$auto$blifparse.cc:525:parse_blif$14950.genblk1.genblk1.genblk1.genblk1.genblk1.genblk1.genblk1.lut6 (4 -> 3)
  Optimizing lut $abc$14708$auto$blifparse.cc:525:parse_blif$14950.genblk1.genblk1.genblk1.genblk1.genblk1.genblk1.genblk1.lut7 (4 -> 0)
  Optimizing lut $abc$14708$auto$blifparse.cc:525:parse_blif$14993.genblk1.genblk1.genblk1.genblk1.genblk1.genblk1.genblk1.lut1 (4 -> 1)
  Optimizing lut $abc$14708$auto$blifparse.cc:525:parse_blif$14993.genblk1.genblk1.genblk1.genblk1.genblk1.genblk1.genblk1.lut2 (4 -> 3)
  Optimizing lut $abc$14708$auto$blifparse.cc:525:parse_blif$14993.genblk1.genblk1.genblk1.genblk1.genblk1.genblk1.genblk1.lut3 (4 -> 3)
  Optimizing lut $abc$14708$auto$blifparse.cc:525:parse_blif$14993.genblk1.genblk1.genblk1.genblk1.genblk1.genblk1.genblk1.lut4 (4 -> 1)
  Optimizing lut $abc$14708$auto$blifparse.cc:525:parse_blif$14993.genblk1.genblk1.genblk1.genblk1.genblk1.genblk1.genblk1.lut5 (4 -> 3)
  Optimizing lut $abc$14708$auto$blifparse.cc:525:parse_blif$14993.genblk1.genblk1.genblk1.genblk1.genblk1.genblk1.genblk1.lut7 (4 -> 3)
  Optimizing lut $abc$14708$auto$blifparse.cc:525:parse_blif$15498.genblk1.genblk1.genblk1.genblk1.genblk1.genblk1.lut2 (4 -> 0)
  Optimizing lut $abc$14708$auto$blifparse.cc:525:parse_blif$14991.genblk1.genblk1.genblk1.genblk1.genblk1.genblk1.genblk1.lut2 (4 -> 3)
  Optimizing lut $abc$14708$auto$blifparse.cc:525:parse_blif$14991.genblk1.genblk1.genblk1.genblk1.genblk1.genblk1.genblk1.lut3 (4 -> 3)
  Optimizing lut $abc$14708$auto$blifparse.cc:525:parse_blif$14991.genblk1.genblk1.genblk1.genblk1.genblk1.genblk1.genblk1.lut4 (4 -> 1)
  Optimizing lut $abc$14708$auto$blifparse.cc:525:parse_blif$14991.genblk1.genblk1.genblk1.genblk1.genblk1.genblk1.genblk1.lut5 (4 -> 3)
  Optimizing lut $abc$14708$auto$blifparse.cc:525:parse_blif$14991.genblk1.genblk1.genblk1.genblk1.genblk1.genblk1.genblk1.lut7 (4 -> 3)
  Optimizing lut $abc$14708$auto$blifparse.cc:525:parse_blif$15494.genblk1.genblk1.genblk1.genblk1.genblk1.genblk1.lut3 (4 -> 0)
  Optimizing lut $abc$14708$auto$blifparse.cc:525:parse_blif$15458.genblk1.genblk1.genblk1.genblk1.genblk1.lut1 (4 -> 1)
  Optimizing lut $abc$14708$auto$blifparse.cc:525:parse_blif$14719.genblk1.genblk1.genblk1.genblk1.genblk1.genblk1.lut2 (4 -> 2)
  Optimizing lut $abc$14708$auto$blifparse.cc:525:parse_blif$14719.genblk1.genblk1.genblk1.genblk1.genblk1.genblk1.lut3 (4 -> 2)
  Optimizing lut $abc$14708$auto$blifparse.cc:525:parse_blif$14791.genblk1.genblk1.genblk1.genblk1.genblk1.genblk1.lut2 (4 -> 2)
  Optimizing lut $abc$14708$auto$blifparse.cc:525:parse_blif$14791.genblk1.genblk1.genblk1.genblk1.genblk1.genblk1.lut3 (4 -> 2)
  Optimizing lut $abc$14708$auto$blifparse.cc:525:parse_blif$14721.genblk1.genblk1.genblk1.genblk1.genblk1.genblk1.genblk1.lut2 (4 -> 0)
  Optimizing lut $abc$14708$auto$blifparse.cc:525:parse_blif$14721.genblk1.genblk1.genblk1.genblk1.genblk1.genblk1.genblk1.lut3 (4 -> 0)
  Optimizing lut $abc$14708$auto$blifparse.cc:525:parse_blif$14721.genblk1.genblk1.genblk1.genblk1.genblk1.genblk1.genblk1.lut5 (4 -> 0)
  Optimizing lut $abc$14708$auto$blifparse.cc:525:parse_blif$14721.genblk1.genblk1.genblk1.genblk1.genblk1.genblk1.genblk1.lut6 (4 -> 0)
  Optimizing lut $abc$14708$auto$blifparse.cc:525:parse_blif$14721.genblk1.genblk1.genblk1.genblk1.genblk1.genblk1.genblk1.lut7 (4 -> 0)
  Optimizing lut $abc$14708$auto$blifparse.cc:525:parse_blif$14720.genblk1.genblk1.genblk1.genblk1.genblk1.genblk1.genblk1.lut1 (4 -> 0)
  Optimizing lut $abc$14708$auto$blifparse.cc:525:parse_blif$14720.genblk1.genblk1.genblk1.genblk1.genblk1.genblk1.genblk1.lut2 (4 -> 0)
  Optimizing lut $abc$14708$auto$blifparse.cc:525:parse_blif$14720.genblk1.genblk1.genblk1.genblk1.genblk1.genblk1.genblk1.lut3 (4 -> 0)
  Optimizing lut $abc$14708$auto$blifparse.cc:525:parse_blif$14720.genblk1.genblk1.genblk1.genblk1.genblk1.genblk1.genblk1.lut5 (4 -> 0)
  Optimizing lut $abc$14708$auto$blifparse.cc:525:parse_blif$14720.genblk1.genblk1.genblk1.genblk1.genblk1.genblk1.genblk1.lut6 (4 -> 0)
  Optimizing lut $abc$14708$auto$blifparse.cc:525:parse_blif$14720.genblk1.genblk1.genblk1.genblk1.genblk1.genblk1.genblk1.lut7 (4 -> 0)
  Optimizing lut $abc$14708$auto$blifparse.cc:525:parse_blif$14712.genblk1.genblk1.genblk1.genblk1.genblk1.lut0 (4 -> 2)
  Optimizing lut $abc$14708$auto$blifparse.cc:525:parse_blif$14712.genblk1.genblk1.genblk1.genblk1.genblk1.lut1 (4 -> 2)
  Optimizing lut $abc$14708$auto$blifparse.cc:525:parse_blif$14719.genblk1.genblk1.genblk1.genblk1.genblk1.genblk1.lut0 (4 -> 2)
  Optimizing lut $abc$14708$auto$blifparse.cc:525:parse_blif$14720.genblk1.genblk1.genblk1.genblk1.genblk1.genblk1.genblk1.lut0 (4 -> 0)
  Optimizing lut $abc$14708$auto$blifparse.cc:525:parse_blif$14721.genblk1.genblk1.genblk1.genblk1.genblk1.genblk1.genblk1.lut0 (4 -> 0)
  Optimizing lut $abc$14708$auto$blifparse.cc:525:parse_blif$14721.genblk1.genblk1.genblk1.genblk1.genblk1.genblk1.genblk1.lut1 (4 -> 0)
  Optimizing lut $abc$14708$auto$blifparse.cc:525:parse_blif$14761.genblk1.genblk1.genblk1.genblk1.genblk1.genblk1.lut1 (4 -> 0)
  Optimizing lut $abc$14708$auto$blifparse.cc:525:parse_blif$14742.genblk1.genblk1.genblk1.genblk1.genblk1.lut0 (4 -> 3)
  Optimizing lut $abc$14708$auto$blifparse.cc:525:parse_blif$14756.genblk1.genblk1.genblk1.genblk1.genblk1.lut1 (4 -> 3)
  Optimizing lut $abc$14708$auto$blifparse.cc:525:parse_blif$14747.genblk1.genblk1.genblk1.genblk1.genblk1.lut0 (4 -> 0)
  Optimizing lut $abc$14708$auto$blifparse.cc:525:parse_blif$14753.genblk1.genblk1.genblk1.genblk1.genblk1.lut0 (4 -> 0)
  Optimizing lut $abc$14708$auto$blifparse.cc:525:parse_blif$14755.genblk1.genblk1.genblk1.genblk1.genblk1.lut1 (4 -> 0)
  Optimizing lut $abc$14708$auto$blifparse.cc:525:parse_blif$14756.genblk1.genblk1.genblk1.genblk1.genblk1.lut0 (4 -> 3)
  Optimizing lut $abc$14708$auto$blifparse.cc:525:parse_blif$14760.genblk1.genblk1.genblk1.genblk1.genblk1.lut1 (4 -> 0)
  Optimizing lut $abc$14708$auto$blifparse.cc:525:parse_blif$14761.genblk1.genblk1.genblk1.genblk1.genblk1.genblk1.lut0 (4 -> 0)
  Optimizing lut $abc$14708$auto$blifparse.cc:525:parse_blif$14762.genblk1.genblk1.genblk1.genblk1.genblk1.lut0 (4 -> 3)
  Optimizing lut $abc$14708$auto$blifparse.cc:525:parse_blif$15444.genblk1.genblk1.genblk1.genblk1.genblk1.lut1 (4 -> 1)
  Optimizing lut $abc$14708$auto$blifparse.cc:525:parse_blif$14786.genblk1.genblk1.genblk1.genblk1.genblk1.lut0 (4 -> 0)
  Optimizing lut $abc$14708$auto$blifparse.cc:525:parse_blif$14791.genblk1.genblk1.genblk1.genblk1.genblk1.genblk1.lut1 (4 -> 2)
  Optimizing lut $abc$14708$auto$blifparse.cc:525:parse_blif$14791.genblk1.genblk1.genblk1.genblk1.genblk1.genblk1.lut0 (4 -> 2)
  Optimizing lut $abc$14708$auto$blifparse.cc:525:parse_blif$14884.genblk1.genblk1.genblk1.genblk1.genblk1.lut1 (4 -> 0)
  Optimizing lut $abc$14708$auto$blifparse.cc:525:parse_blif$14804.genblk1.genblk1.genblk1.genblk1.genblk1.lut0 (4 -> 0)
  Optimizing lut $abc$14708$auto$blifparse.cc:525:parse_blif$14806.genblk1.genblk1.genblk1.genblk1.genblk1.lut0 (4 -> 0)
  Optimizing lut $abc$14708$auto$blifparse.cc:525:parse_blif$14719.genblk1.genblk1.genblk1.genblk1.genblk1.genblk1.lut1 (4 -> 2)
  Optimizing lut $abc$14708$auto$blifparse.cc:525:parse_blif$14819.genblk1.genblk1.genblk1.genblk1.genblk1.lut0 (4 -> 0)
  Optimizing lut $abc$14708$auto$blifparse.cc:525:parse_blif$14821.genblk1.genblk1.genblk1.genblk1.genblk1.lut0 (4 -> 0)
  Optimizing lut $abc$14708$auto$blifparse.cc:525:parse_blif$14824.genblk1.genblk1.genblk1.genblk1.genblk1.lut1 (4 -> 0)
  Optimizing lut $abc$14708$auto$blifparse.cc:525:parse_blif$14833.genblk1.genblk1.genblk1.genblk1.genblk1.genblk1.lut0 (4 -> 2)
  Optimizing lut $abc$14708$auto$blifparse.cc:525:parse_blif$14834.genblk1.genblk1.genblk1.genblk1.genblk1.lut0 (4 -> 0)
  Optimizing lut $abc$14708$auto$blifparse.cc:525:parse_blif$14836.genblk1.genblk1.genblk1.genblk1.genblk1.lut0 (4 -> 0)
  Optimizing lut $abc$14708$auto$blifparse.cc:525:parse_blif$14896.genblk1.genblk1.genblk1.genblk1.genblk1.lut1 (4 -> 3)
  Optimizing lut $abc$14708$auto$blifparse.cc:525:parse_blif$14883.genblk1.genblk1.genblk1.genblk1.genblk1.lut1 (4 -> 0)
  Optimizing lut $abc$14708$auto$blifparse.cc:525:parse_blif$14885.genblk1.genblk1.genblk1.genblk1.genblk1.lut1 (4 -> 3)
  Optimizing lut $abc$14708$auto$blifparse.cc:525:parse_blif$14874.genblk1.genblk1.genblk1.genblk1.genblk1.genblk1.lut1 (4 -> 2)
  Optimizing lut $abc$14708$auto$blifparse.cc:525:parse_blif$14892.genblk1.genblk1.genblk1.genblk1.genblk1.lut1 (4 -> 3)
  Optimizing lut $abc$14708$auto$blifparse.cc:525:parse_blif$14894.genblk1.genblk1.genblk1.genblk1.genblk1.lut1 (4 -> 3)
  Optimizing lut $abc$14708$auto$blifparse.cc:525:parse_blif$14863.genblk1.genblk1.genblk1.genblk1.genblk1.lut0 (4 -> 0)
  Optimizing lut $abc$14708$auto$blifparse.cc:525:parse_blif$14864.genblk1.genblk1.genblk1.genblk1.genblk1.lut0 (4 -> 0)
  Optimizing lut $abc$14708$auto$blifparse.cc:525:parse_blif$14867.genblk1.genblk1.genblk1.genblk1.genblk1.lut0 (4 -> 0)
  Optimizing lut $abc$14708$auto$blifparse.cc:525:parse_blif$14869.genblk1.genblk1.genblk1.genblk1.genblk1.lut0 (4 -> 0)
  Optimizing lut $abc$14708$auto$blifparse.cc:525:parse_blif$14870.genblk1.genblk1.genblk1.genblk1.genblk1.lut0 (4 -> 0)
  Optimizing lut $abc$14708$auto$blifparse.cc:525:parse_blif$14874.genblk1.genblk1.genblk1.genblk1.genblk1.genblk1.lut0 (4 -> 2)
  Optimizing lut $abc$14708$auto$blifparse.cc:525:parse_blif$14880.genblk1.genblk1.genblk1.genblk1.genblk1.lut0 (4 -> 3)
  Optimizing lut $abc$14708$auto$blifparse.cc:525:parse_blif$14885.genblk1.genblk1.genblk1.genblk1.genblk1.lut0 (4 -> 3)
  Optimizing lut $abc$14708$auto$blifparse.cc:525:parse_blif$14886.genblk1.genblk1.genblk1.genblk1.genblk1.lut0 (4 -> 3)
  Optimizing lut $abc$14708$auto$blifparse.cc:525:parse_blif$14887.genblk1.genblk1.genblk1.genblk1.genblk1.lut0 (4 -> 3)
  Optimizing lut $abc$14708$auto$blifparse.cc:525:parse_blif$14888.genblk1.genblk1.genblk1.genblk1.genblk1.lut0 (4 -> 3)
  Optimizing lut $abc$14708$auto$blifparse.cc:525:parse_blif$14889.genblk1.genblk1.genblk1.genblk1.genblk1.lut0 (4 -> 3)
  Optimizing lut $abc$14708$auto$blifparse.cc:525:parse_blif$14890.genblk1.genblk1.genblk1.genblk1.genblk1.lut0 (4 -> 3)
  Optimizing lut $abc$14708$auto$blifparse.cc:525:parse_blif$14891.genblk1.genblk1.genblk1.genblk1.genblk1.lut0 (4 -> 3)
  Optimizing lut $abc$14708$auto$blifparse.cc:525:parse_blif$14892.genblk1.genblk1.genblk1.genblk1.genblk1.lut0 (4 -> 3)
  Optimizing lut $abc$14708$auto$blifparse.cc:525:parse_blif$14893.genblk1.genblk1.genblk1.genblk1.genblk1.lut0 (4 -> 3)
  Optimizing lut $abc$14708$auto$blifparse.cc:525:parse_blif$14894.genblk1.genblk1.genblk1.genblk1.genblk1.lut0 (4 -> 3)
  Optimizing lut $abc$14708$auto$blifparse.cc:525:parse_blif$14895.genblk1.genblk1.genblk1.genblk1.genblk1.lut0 (4 -> 3)
  Optimizing lut $abc$14708$auto$blifparse.cc:525:parse_blif$14896.genblk1.genblk1.genblk1.genblk1.genblk1.lut0 (4 -> 3)
  Optimizing lut $abc$14708$auto$blifparse.cc:525:parse_blif$14897.genblk1.genblk1.genblk1.genblk1.genblk1.lut0 (4 -> 3)
  Optimizing lut $abc$14708$auto$blifparse.cc:525:parse_blif$14898.genblk1.genblk1.genblk1.genblk1.genblk1.lut0 (4 -> 3)
  Optimizing lut $abc$14708$auto$blifparse.cc:525:parse_blif$14899.genblk1.genblk1.genblk1.genblk1.genblk1.lut0 (4 -> 3)
  Optimizing lut $abc$14708$auto$blifparse.cc:525:parse_blif$14900.genblk1.genblk1.genblk1.genblk1.genblk1.lut0 (4 -> 3)
  Optimizing lut $abc$14708$auto$blifparse.cc:525:parse_blif$15053.genblk1.genblk1.genblk1.genblk1.genblk1.lut1 (4 -> 1)
  Optimizing lut $abc$14708$auto$blifparse.cc:525:parse_blif$15495.genblk1.genblk1.genblk1.genblk1.genblk1.genblk1.genblk1.lut1 (4 -> 0)
  Optimizing lut $abc$14708$auto$blifparse.cc:525:parse_blif$14912.genblk1.genblk1.genblk1.genblk1.genblk1.genblk1.genblk1.lut0 (4 -> 0)
  Optimizing lut $abc$14708$auto$blifparse.cc:525:parse_blif$14913.genblk1.genblk1.genblk1.genblk1.genblk1.genblk1.lut0 (4 -> 2)
  Optimizing lut $abc$14708$auto$blifparse.cc:525:parse_blif$14914.genblk1.genblk1.genblk1.genblk1.genblk1.genblk1.genblk1.lut0 (4 -> 0)
  Optimizing lut $abc$14708$auto$blifparse.cc:525:parse_blif$14917.genblk1.genblk1.genblk1.genblk1.genblk1.lut0 (4 -> 0)
  Optimizing lut $abc$14708$auto$blifparse.cc:525:parse_blif$14918.genblk1.genblk1.genblk1.genblk1.genblk1.lut0 (4 -> 0)
  Optimizing lut $abc$14708$auto$blifparse.cc:525:parse_blif$14920.genblk1.genblk1.genblk1.genblk1.genblk1.genblk1.genblk1.lut0 (4 -> 0)
  Optimizing lut $abc$14708$auto$blifparse.cc:525:parse_blif$14921.genblk1.genblk1.genblk1.genblk1.genblk1.genblk1.genblk1.lut0 (4 -> 0)
  Optimizing lut $abc$14708$auto$blifparse.cc:525:parse_blif$14922.genblk1.genblk1.genblk1.genblk1.genblk1.lut0 (4 -> 0)
  Optimizing lut $abc$14708$auto$blifparse.cc:525:parse_blif$14923.genblk1.genblk1.genblk1.genblk1.genblk1.lut0 (4 -> 0)
  Optimizing lut $abc$14708$auto$blifparse.cc:525:parse_blif$14941.genblk1.genblk1.genblk1.genblk1.genblk1.genblk1.genblk1.lut1 (4 -> 0)
  Optimizing lut $abc$14708$auto$blifparse.cc:525:parse_blif$15550.genblk1.genblk1.genblk1.genblk1.genblk1.genblk1.lut1 (4 -> 0)
  Optimizing lut $abc$14708$auto$blifparse.cc:525:parse_blif$14938.genblk1.genblk1.genblk1.genblk1.genblk1.genblk1.lut0 (4 -> 0)
  Optimizing lut $abc$14708$auto$blifparse.cc:525:parse_blif$14939.genblk1.genblk1.genblk1.genblk1.genblk1.genblk1.genblk1.lut0 (4 -> 0)
  Optimizing lut $abc$14708$auto$blifparse.cc:525:parse_blif$14940.genblk1.genblk1.genblk1.genblk1.genblk1.lut0 (4 -> 0)
  Optimizing lut $abc$14708$auto$blifparse.cc:525:parse_blif$14941.genblk1.genblk1.genblk1.genblk1.genblk1.genblk1.genblk1.lut0 (4 -> 0)
  Optimizing lut $abc$14708$auto$blifparse.cc:525:parse_blif$14944.genblk1.genblk1.genblk1.genblk1.genblk1.genblk1.genblk1.lut0 (4 -> 0)
  Optimizing lut $abc$14708$auto$blifparse.cc:525:parse_blif$14945.genblk1.genblk1.genblk1.genblk1.genblk1.lut0 (4 -> 0)
  Optimizing lut $abc$14708$auto$blifparse.cc:525:parse_blif$14946.genblk1.genblk1.genblk1.genblk1.genblk1.lut0 (4 -> 0)
  Optimizing lut $abc$14708$auto$blifparse.cc:525:parse_blif$14947.genblk1.genblk1.genblk1.genblk1.genblk1.genblk1.genblk1.lut0 (4 -> 3)
  Optimizing lut $abc$14708$auto$blifparse.cc:525:parse_blif$14950.genblk1.genblk1.genblk1.genblk1.genblk1.genblk1.genblk1.lut0 (4 -> 0)
  Optimizing lut $abc$14708$auto$blifparse.cc:525:parse_blif$14951.genblk1.genblk1.genblk1.genblk1.genblk1.lut0 (4 -> 0)
  Optimizing lut $abc$14708$auto$blifparse.cc:525:parse_blif$14952.genblk1.genblk1.genblk1.genblk1.genblk1.lut0 (4 -> 0)
  Optimizing lut $abc$14708$auto$blifparse.cc:525:parse_blif$14953.genblk1.genblk1.genblk1.genblk1.genblk1.genblk1.genblk1.lut0 (4 -> 3)
  Optimizing lut $abc$14708$auto$blifparse.cc:525:parse_blif$14955.genblk1.genblk1.genblk1.genblk1.genblk1.genblk1.genblk1.lut0 (4 -> 0)
  Optimizing lut $abc$14708$auto$blifparse.cc:525:parse_blif$14956.genblk1.genblk1.genblk1.genblk1.genblk1.genblk1.genblk1.lut0 (4 -> 0)
  Optimizing lut $abc$14708$auto$blifparse.cc:525:parse_blif$14959.genblk1.genblk1.genblk1.genblk1.genblk1.genblk1.genblk1.lut1 (4 -> 0)
  Optimizing lut $abc$14708$auto$blifparse.cc:525:parse_blif$14958.genblk1.genblk1.genblk1.genblk1.genblk1.genblk1.genblk1.lut0 (4 -> 0)
  Optimizing lut $abc$14708$auto$blifparse.cc:525:parse_blif$14959.genblk1.genblk1.genblk1.genblk1.genblk1.genblk1.genblk1.lut0 (4 -> 0)
  Optimizing lut $abc$14708$auto$blifparse.cc:525:parse_blif$15609.genblk1.genblk1.genblk1.genblk1.genblk1.genblk1.genblk1.lut1 (4 -> 0)
  Optimizing lut $abc$14708$auto$blifparse.cc:525:parse_blif$14961.genblk1.genblk1.genblk1.genblk1.genblk1.genblk1.genblk1.lut0 (4 -> 0)
  Optimizing lut $abc$14708$auto$blifparse.cc:525:parse_blif$14962.genblk1.genblk1.genblk1.genblk1.genblk1.genblk1.genblk1.lut0 (4 -> 0)
  Optimizing lut $abc$14708$auto$blifparse.cc:525:parse_blif$14964.genblk1.genblk1.genblk1.genblk1.genblk1.genblk1.genblk1.lut0 (4 -> 0)
  Optimizing lut $abc$14708$auto$blifparse.cc:525:parse_blif$14965.genblk1.genblk1.genblk1.genblk1.genblk1.genblk1.genblk1.lut0 (4 -> 0)
  Optimizing lut $abc$14708$auto$blifparse.cc:525:parse_blif$14967.genblk1.genblk1.genblk1.genblk1.genblk1.genblk1.genblk1.lut0 (4 -> 0)
  Optimizing lut $abc$14708$auto$blifparse.cc:525:parse_blif$14968.genblk1.genblk1.genblk1.genblk1.genblk1.genblk1.genblk1.lut0 (4 -> 0)
  Optimizing lut $abc$14708$auto$blifparse.cc:525:parse_blif$15005.genblk1.genblk1.genblk1.genblk1.genblk1.genblk1.genblk1.lut1 (4 -> 1)
  Optimizing lut $abc$14708$auto$blifparse.cc:525:parse_blif$14971.genblk1.genblk1.genblk1.genblk1.genblk1.lut0 (4 -> 0)
  Optimizing lut $abc$14708$auto$blifparse.cc:525:parse_blif$14972.genblk1.genblk1.genblk1.genblk1.genblk1.genblk1.genblk1.lut0 (4 -> 0)
  Optimizing lut $abc$14708$auto$blifparse.cc:525:parse_blif$14973.genblk1.genblk1.genblk1.genblk1.genblk1.genblk1.genblk1.lut0 (4 -> 3)
  Optimizing lut $abc$14708$auto$blifparse.cc:525:parse_blif$15519.genblk1.genblk1.genblk1.genblk1.genblk1.genblk1.genblk1.lut1 (4 -> 0)
  Optimizing lut $abc$14708$auto$blifparse.cc:525:parse_blif$14912.genblk1.genblk1.genblk1.genblk1.genblk1.genblk1.genblk1.lut1 (4 -> 0)
  Optimizing lut $abc$14708$auto$blifparse.cc:525:parse_blif$15695.genblk1.genblk1.genblk1.genblk1.genblk1.lut1 (4 -> 0)
  Optimizing lut $abc$14708$auto$blifparse.cc:525:parse_blif$14989.genblk1.genblk1.genblk1.genblk1.genblk1.genblk1.genblk1.lut0 (4 -> 3)
  Optimizing lut $abc$14708$auto$blifparse.cc:525:parse_blif$15494.genblk1.genblk1.genblk1.genblk1.genblk1.genblk1.lut1 (4 -> 0)
  Optimizing lut $abc$14708$auto$blifparse.cc:525:parse_blif$14991.genblk1.genblk1.genblk1.genblk1.genblk1.genblk1.genblk1.lut0 (4 -> 3)
  Optimizing lut $abc$14708$auto$blifparse.cc:525:parse_blif$14993.genblk1.genblk1.genblk1.genblk1.genblk1.genblk1.genblk1.lut0 (4 -> 3)
  Optimizing lut $abc$14708$auto$blifparse.cc:525:parse_blif$14955.genblk1.genblk1.genblk1.genblk1.genblk1.genblk1.genblk1.lut1 (4 -> 0)
  Optimizing lut $abc$14708$auto$blifparse.cc:525:parse_blif$14958.genblk1.genblk1.genblk1.genblk1.genblk1.genblk1.genblk1.lut1 (4 -> 0)
  Optimizing lut $abc$14708$auto$blifparse.cc:525:parse_blif$14964.genblk1.genblk1.genblk1.genblk1.genblk1.genblk1.genblk1.lut1 (4 -> 0)
  Optimizing lut $abc$14708$auto$blifparse.cc:525:parse_blif$14967.genblk1.genblk1.genblk1.genblk1.genblk1.genblk1.genblk1.lut1 (4 -> 0)
  Optimizing lut $abc$14708$auto$blifparse.cc:525:parse_blif$14972.genblk1.genblk1.genblk1.genblk1.genblk1.genblk1.genblk1.lut1 (4 -> 0)
  Optimizing lut $abc$14708$auto$blifparse.cc:525:parse_blif$15005.genblk1.genblk1.genblk1.genblk1.genblk1.genblk1.genblk1.lut0 (4 -> 3)
  Optimizing lut $abc$14708$auto$blifparse.cc:525:parse_blif$15012.genblk1.genblk1.genblk1.genblk1.genblk1.lut1 (4 -> 1)
  Optimizing lut $abc$14708$auto$blifparse.cc:525:parse_blif$15007.genblk1.genblk1.genblk1.genblk1.genblk1.lut0 (4 -> 3)
  Optimizing lut $abc$14708$auto$blifparse.cc:525:parse_blif$15008.genblk1.genblk1.genblk1.genblk1.genblk1.lut0 (4 -> 3)
  Optimizing lut $abc$14708$auto$blifparse.cc:525:parse_blif$15009.genblk1.genblk1.genblk1.genblk1.genblk1.lut0 (4 -> 3)
  Optimizing lut $abc$14708$auto$blifparse.cc:525:parse_blif$15010.genblk1.genblk1.genblk1.genblk1.genblk1.lut0 (4 -> 3)
  Optimizing lut $abc$14708$auto$blifparse.cc:525:parse_blif$15011.genblk1.genblk1.genblk1.genblk1.genblk1.lut0 (4 -> 3)
  Optimizing lut $abc$14708$auto$blifparse.cc:525:parse_blif$15012.genblk1.genblk1.genblk1.genblk1.genblk1.lut0 (4 -> 3)
  Optimizing lut $abc$14708$auto$blifparse.cc:525:parse_blif$15013.genblk1.genblk1.genblk1.genblk1.genblk1.lut0 (4 -> 3)
  Optimizing lut $abc$14708$auto$blifparse.cc:525:parse_blif$15014.genblk1.genblk1.genblk1.genblk1.genblk1.lut0 (4 -> 3)
  Optimizing lut $abc$14708$auto$blifparse.cc:525:parse_blif$15015.genblk1.genblk1.genblk1.genblk1.genblk1.lut0 (4 -> 3)
  Optimizing lut $abc$14708$auto$blifparse.cc:525:parse_blif$15016.genblk1.genblk1.genblk1.genblk1.genblk1.lut0 (4 -> 3)
  Optimizing lut $abc$14708$auto$blifparse.cc:525:parse_blif$15017.genblk1.genblk1.genblk1.genblk1.genblk1.lut0 (4 -> 3)
  Optimizing lut $abc$14708$auto$blifparse.cc:525:parse_blif$15018.genblk1.genblk1.genblk1.genblk1.genblk1.lut0 (4 -> 3)
  Optimizing lut $abc$14708$auto$blifparse.cc:525:parse_blif$15019.genblk1.genblk1.genblk1.genblk1.genblk1.lut0 (4 -> 3)
  Optimizing lut $abc$14708$auto$blifparse.cc:525:parse_blif$15020.genblk1.genblk1.genblk1.genblk1.genblk1.lut0 (4 -> 3)
  Optimizing lut $abc$14708$auto$blifparse.cc:525:parse_blif$15021.genblk1.genblk1.genblk1.genblk1.genblk1.lut0 (4 -> 3)
  Optimizing lut $abc$14708$auto$blifparse.cc:525:parse_blif$15022.genblk1.genblk1.genblk1.genblk1.genblk1.lut0 (4 -> 3)
  Optimizing lut $abc$14708$auto$blifparse.cc:525:parse_blif$15023.genblk1.genblk1.genblk1.genblk1.genblk1.lut0 (4 -> 3)
  Optimizing lut $abc$14708$auto$blifparse.cc:525:parse_blif$15024.genblk1.genblk1.genblk1.genblk1.genblk1.lut0 (4 -> 3)
  Optimizing lut $abc$14708$auto$blifparse.cc:525:parse_blif$15025.genblk1.genblk1.genblk1.genblk1.genblk1.lut0 (4 -> 3)
  Optimizing lut $abc$14708$auto$blifparse.cc:525:parse_blif$15026.genblk1.genblk1.genblk1.genblk1.genblk1.lut0 (4 -> 3)
  Optimizing lut $abc$14708$auto$blifparse.cc:525:parse_blif$15027.genblk1.genblk1.genblk1.genblk1.genblk1.lut0 (4 -> 3)
  Optimizing lut $abc$14708$auto$blifparse.cc:525:parse_blif$15028.genblk1.genblk1.genblk1.genblk1.genblk1.lut0 (4 -> 3)
  Optimizing lut $abc$14708$auto$blifparse.cc:525:parse_blif$15029.genblk1.genblk1.genblk1.genblk1.genblk1.lut0 (4 -> 3)
  Optimizing lut $abc$14708$auto$blifparse.cc:525:parse_blif$15030.genblk1.genblk1.genblk1.genblk1.genblk1.lut0 (4 -> 3)
  Optimizing lut $abc$14708$auto$blifparse.cc:525:parse_blif$15031.genblk1.genblk1.genblk1.genblk1.genblk1.lut0 (4 -> 3)
  Optimizing lut $abc$14708$auto$blifparse.cc:525:parse_blif$15032.genblk1.genblk1.genblk1.genblk1.genblk1.lut0 (4 -> 3)
  Optimizing lut $abc$14708$auto$blifparse.cc:525:parse_blif$15033.genblk1.genblk1.genblk1.genblk1.genblk1.lut0 (4 -> 3)
  Optimizing lut $abc$14708$auto$blifparse.cc:525:parse_blif$15034.genblk1.genblk1.genblk1.genblk1.genblk1.lut0 (4 -> 3)
  Optimizing lut $abc$14708$auto$blifparse.cc:525:parse_blif$15035.genblk1.genblk1.genblk1.genblk1.genblk1.lut0 (4 -> 3)
  Optimizing lut $abc$14708$auto$blifparse.cc:525:parse_blif$15036.genblk1.genblk1.genblk1.genblk1.genblk1.lut0 (4 -> 3)
  Optimizing lut $abc$14708$auto$blifparse.cc:525:parse_blif$15041.genblk1.genblk1.genblk1.genblk1.genblk1.lut0 (4 -> 3)
  Optimizing lut $abc$14708$auto$blifparse.cc:525:parse_blif$15010.genblk1.genblk1.genblk1.genblk1.genblk1.lut1 (4 -> 1)
  Optimizing lut $abc$14708$auto$blifparse.cc:525:parse_blif$15044.genblk1.genblk1.genblk1.genblk1.genblk1.lut0 (4 -> 3)
  Optimizing lut $abc$14708$auto$blifparse.cc:525:parse_blif$15047.genblk1.genblk1.genblk1.genblk1.genblk1.lut0 (4 -> 3)
  Optimizing lut $abc$14708$auto$blifparse.cc:525:parse_blif$15048.genblk1.genblk1.genblk1.genblk1.genblk1.lut0 (4 -> 3)
  Optimizing lut $abc$14708$auto$blifparse.cc:525:parse_blif$15049.genblk1.genblk1.genblk1.genblk1.genblk1.lut0 (4 -> 3)
  Optimizing lut $abc$14708$auto$blifparse.cc:525:parse_blif$15050.genblk1.genblk1.genblk1.genblk1.genblk1.lut0 (4 -> 3)
  Optimizing lut $abc$14708$auto$blifparse.cc:525:parse_blif$15051.genblk1.genblk1.genblk1.genblk1.genblk1.lut0 (4 -> 3)
  Optimizing lut $abc$14708$auto$blifparse.cc:525:parse_blif$15052.genblk1.genblk1.genblk1.genblk1.genblk1.lut0 (4 -> 3)
  Optimizing lut $abc$14708$auto$blifparse.cc:525:parse_blif$15053.genblk1.genblk1.genblk1.genblk1.genblk1.lut0 (4 -> 3)
  Optimizing lut $abc$14708$auto$blifparse.cc:525:parse_blif$15054.genblk1.genblk1.genblk1.genblk1.genblk1.lut0 (4 -> 3)
  Optimizing lut $abc$14708$auto$blifparse.cc:525:parse_blif$15055.genblk1.genblk1.genblk1.genblk1.genblk1.lut0 (4 -> 3)
  Optimizing lut $abc$14708$auto$blifparse.cc:525:parse_blif$15056.genblk1.genblk1.genblk1.genblk1.genblk1.lut0 (4 -> 3)
  Optimizing lut $abc$14708$auto$blifparse.cc:525:parse_blif$15057.genblk1.genblk1.genblk1.genblk1.genblk1.lut0 (4 -> 3)
  Optimizing lut $abc$14708$auto$blifparse.cc:525:parse_blif$15058.genblk1.genblk1.genblk1.genblk1.genblk1.lut0 (4 -> 3)
  Optimizing lut $abc$14708$auto$blifparse.cc:525:parse_blif$15059.genblk1.genblk1.genblk1.genblk1.genblk1.lut0 (4 -> 3)
  Optimizing lut $abc$14708$auto$blifparse.cc:525:parse_blif$15060.genblk1.genblk1.genblk1.genblk1.genblk1.lut0 (4 -> 3)
  Optimizing lut $abc$14708$auto$blifparse.cc:525:parse_blif$15061.genblk1.genblk1.genblk1.genblk1.genblk1.lut0 (4 -> 3)
  Optimizing lut $abc$14708$auto$blifparse.cc:525:parse_blif$15062.genblk1.genblk1.genblk1.genblk1.genblk1.lut0 (4 -> 3)
  Optimizing lut $abc$14708$auto$blifparse.cc:525:parse_blif$15063.genblk1.genblk1.genblk1.genblk1.genblk1.lut0 (4 -> 3)
  Optimizing lut $abc$14708$auto$blifparse.cc:525:parse_blif$15064.genblk1.genblk1.genblk1.genblk1.genblk1.lut0 (4 -> 3)
  Optimizing lut $abc$14708$auto$blifparse.cc:525:parse_blif$15065.genblk1.genblk1.genblk1.genblk1.genblk1.lut0 (4 -> 3)
  Optimizing lut $abc$14708$auto$blifparse.cc:525:parse_blif$15066.genblk1.genblk1.genblk1.genblk1.genblk1.lut0 (4 -> 3)
  Optimizing lut $abc$14708$auto$blifparse.cc:525:parse_blif$15067.genblk1.genblk1.genblk1.genblk1.genblk1.lut0 (4 -> 3)
  Optimizing lut $abc$14708$auto$blifparse.cc:525:parse_blif$15068.genblk1.genblk1.genblk1.genblk1.genblk1.lut0 (4 -> 3)
  Optimizing lut $abc$14708$auto$blifparse.cc:525:parse_blif$15047.genblk1.genblk1.genblk1.genblk1.genblk1.lut1 (4 -> 1)
  Optimizing lut $abc$14708$auto$blifparse.cc:525:parse_blif$15068.genblk1.genblk1.genblk1.genblk1.genblk1.lut1 (4 -> 1)
  Optimizing lut $abc$14708$auto$blifparse.cc:525:parse_blif$15052.genblk1.genblk1.genblk1.genblk1.genblk1.lut1 (4 -> 1)
  Optimizing lut $abc$14708$auto$blifparse.cc:525:parse_blif$15062.genblk1.genblk1.genblk1.genblk1.genblk1.lut1 (4 -> 1)
  Optimizing lut $abc$14708$auto$blifparse.cc:525:parse_blif$15063.genblk1.genblk1.genblk1.genblk1.genblk1.lut1 (4 -> 1)
  Optimizing lut $abc$14708$auto$blifparse.cc:525:parse_blif$15064.genblk1.genblk1.genblk1.genblk1.genblk1.lut1 (4 -> 1)
  Optimizing lut $abc$14708$auto$blifparse.cc:525:parse_blif$15065.genblk1.genblk1.genblk1.genblk1.genblk1.lut1 (4 -> 1)
  Optimizing lut $abc$14708$auto$blifparse.cc:525:parse_blif$15067.genblk1.genblk1.genblk1.genblk1.genblk1.lut1 (4 -> 1)
  Optimizing lut $abc$14708$auto$blifparse.cc:525:parse_blif$15030.genblk1.genblk1.genblk1.genblk1.genblk1.lut1 (4 -> 1)
  Optimizing lut $abc$14708$auto$blifparse.cc:525:parse_blif$15129.genblk1.genblk1.genblk1.genblk1.genblk1.lut0 (4 -> 3)
  Optimizing lut $abc$14708$auto$blifparse.cc:525:parse_blif$15130.genblk1.genblk1.genblk1.genblk1.genblk1.lut0 (4 -> 3)
  Optimizing lut $abc$14708$auto$blifparse.cc:525:parse_blif$15131.genblk1.genblk1.genblk1.genblk1.genblk1.lut0 (4 -> 3)
  Optimizing lut $abc$14708$auto$blifparse.cc:525:parse_blif$15132.genblk1.genblk1.genblk1.genblk1.genblk1.lut0 (4 -> 3)
  Optimizing lut $abc$14708$auto$blifparse.cc:525:parse_blif$15133.genblk1.genblk1.genblk1.genblk1.genblk1.lut0 (4 -> 3)
  Optimizing lut $abc$14708$auto$blifparse.cc:525:parse_blif$15134.genblk1.genblk1.genblk1.genblk1.genblk1.lut0 (4 -> 3)
  Optimizing lut $abc$14708$auto$blifparse.cc:525:parse_blif$15135.genblk1.genblk1.genblk1.genblk1.genblk1.lut0 (4 -> 3)
  Optimizing lut $abc$14708$auto$blifparse.cc:525:parse_blif$15136.genblk1.genblk1.genblk1.genblk1.genblk1.lut0 (4 -> 3)
  Optimizing lut $abc$14708$auto$blifparse.cc:525:parse_blif$15137.genblk1.genblk1.genblk1.genblk1.genblk1.lut0 (4 -> 3)
  Optimizing lut $abc$14708$auto$blifparse.cc:525:parse_blif$15138.genblk1.genblk1.genblk1.genblk1.genblk1.lut0 (4 -> 3)
  Optimizing lut $abc$14708$auto$blifparse.cc:525:parse_blif$15139.genblk1.genblk1.genblk1.genblk1.genblk1.lut0 (4 -> 3)
  Optimizing lut $abc$14708$auto$blifparse.cc:525:parse_blif$15140.genblk1.genblk1.genblk1.genblk1.genblk1.lut0 (4 -> 3)
  Optimizing lut $abc$14708$auto$blifparse.cc:525:parse_blif$15141.genblk1.genblk1.genblk1.genblk1.genblk1.lut0 (4 -> 3)
  Optimizing lut $abc$14708$auto$blifparse.cc:525:parse_blif$15193.genblk1.genblk1.genblk1.genblk1.genblk1.lut0 (4 -> 3)
  Optimizing lut $abc$14708$auto$blifparse.cc:525:parse_blif$15201.genblk1.genblk1.genblk1.genblk1.genblk1.lut0 (4 -> 2)
  Optimizing lut $abc$14708$auto$blifparse.cc:525:parse_blif$15209.genblk1.genblk1.genblk1.genblk1.genblk1.lut0 (4 -> 0)
  Optimizing lut $abc$14708$auto$blifparse.cc:525:parse_blif$15213.genblk1.genblk1.genblk1.genblk1.genblk1.lut0 (4 -> 0)
  Optimizing lut $abc$14708$auto$blifparse.cc:525:parse_blif$15214.genblk1.genblk1.genblk1.genblk1.genblk1.lut0 (4 -> 2)
  Optimizing lut $abc$14708$auto$blifparse.cc:525:parse_blif$15216.genblk1.genblk1.genblk1.genblk1.genblk1.lut0 (4 -> 3)
  Optimizing lut $abc$14708$auto$blifparse.cc:525:parse_blif$15130.genblk1.genblk1.genblk1.genblk1.genblk1.lut1 (4 -> 3)
  Optimizing lut $abc$14708$auto$blifparse.cc:525:parse_blif$15215.genblk1.genblk1.genblk1.genblk1.genblk1.lut1 (4 -> 3)
  Optimizing lut $abc$14708$auto$blifparse.cc:525:parse_blif$15636.genblk1.genblk1.genblk1.genblk1.genblk1.genblk1.genblk1.lut1 (4 -> 0)
  Optimizing lut $abc$14708$auto$blifparse.cc:525:parse_blif$15193.genblk1.genblk1.genblk1.genblk1.genblk1.lut1 (4 -> 3)
  Optimizing lut $abc$14708$auto$blifparse.cc:525:parse_blif$15201.genblk1.genblk1.genblk1.genblk1.genblk1.lut1 (4 -> 3)
  Optimizing lut $abc$14708$auto$blifparse.cc:525:parse_blif$14991.genblk1.genblk1.genblk1.genblk1.genblk1.genblk1.genblk1.lut1 (4 -> 1)
  Optimizing lut $abc$14708$auto$blifparse.cc:525:parse_blif$15498.genblk1.genblk1.genblk1.genblk1.genblk1.genblk1.lut1 (4 -> 0)
  Optimizing lut $abc$14708$auto$blifparse.cc:525:parse_blif$15617.genblk1.genblk1.genblk1.genblk1.genblk1.genblk1.genblk1.lut1 (4 -> 0)
  Optimizing lut $abc$14708$auto$blifparse.cc:525:parse_blif$15625.genblk1.genblk1.genblk1.genblk1.genblk1.genblk1.genblk1.lut1 (4 -> 0)
  Optimizing lut $abc$14708$auto$blifparse.cc:525:parse_blif$15054.genblk1.genblk1.genblk1.genblk1.genblk1.lut1 (4 -> 1)
  Optimizing lut $abc$14708$auto$blifparse.cc:525:parse_blif$15451.genblk1.genblk1.genblk1.genblk1.genblk1.lut1 (4 -> 1)
  Optimizing lut $abc$14708$auto$blifparse.cc:525:parse_blif$15437.genblk1.genblk1.genblk1.genblk1.genblk1.lut1 (4 -> 1)
  Optimizing lut $abc$14708$auto$blifparse.cc:525:parse_blif$15446.genblk1.genblk1.genblk1.genblk1.genblk1.lut1 (4 -> 1)
  Optimizing lut $abc$14708$auto$blifparse.cc:525:parse_blif$15453.genblk1.genblk1.genblk1.genblk1.genblk1.lut1 (4 -> 1)
  Optimizing lut $abc$14708$auto$blifparse.cc:525:parse_blif$15434.genblk1.genblk1.genblk1.genblk1.genblk1.lut1 (4 -> 1)
  Optimizing lut $abc$14708$auto$blifparse.cc:525:parse_blif$15441.genblk1.genblk1.genblk1.genblk1.genblk1.lut1 (4 -> 1)
  Optimizing lut $abc$14708$auto$blifparse.cc:525:parse_blif$15434.genblk1.genblk1.genblk1.genblk1.genblk1.lut0 (4 -> 3)
  Optimizing lut $abc$14708$auto$blifparse.cc:525:parse_blif$15436.genblk1.genblk1.genblk1.genblk1.genblk1.lut1 (4 -> 1)
  Optimizing lut $abc$14708$auto$blifparse.cc:525:parse_blif$15436.genblk1.genblk1.genblk1.genblk1.genblk1.lut0 (4 -> 3)
  Optimizing lut $abc$14708$auto$blifparse.cc:525:parse_blif$15437.genblk1.genblk1.genblk1.genblk1.genblk1.lut0 (4 -> 3)
  Optimizing lut $abc$14708$auto$blifparse.cc:525:parse_blif$15439.genblk1.genblk1.genblk1.genblk1.genblk1.lut0 (4 -> 3)
  Optimizing lut $abc$14708$auto$blifparse.cc:525:parse_blif$15441.genblk1.genblk1.genblk1.genblk1.genblk1.lut0 (4 -> 3)
  Optimizing lut $abc$14708$auto$blifparse.cc:525:parse_blif$15443.genblk1.genblk1.genblk1.genblk1.genblk1.lut1 (4 -> 1)
  Optimizing lut $abc$14708$auto$blifparse.cc:525:parse_blif$15443.genblk1.genblk1.genblk1.genblk1.genblk1.lut0 (4 -> 3)
  Optimizing lut $abc$14708$auto$blifparse.cc:525:parse_blif$15444.genblk1.genblk1.genblk1.genblk1.genblk1.lut0 (4 -> 3)
  Optimizing lut $abc$14708$auto$blifparse.cc:525:parse_blif$15446.genblk1.genblk1.genblk1.genblk1.genblk1.lut0 (4 -> 3)
  Optimizing lut $abc$14708$auto$blifparse.cc:525:parse_blif$15448.genblk1.genblk1.genblk1.genblk1.genblk1.lut0 (4 -> 3)
  Optimizing lut $abc$14708$auto$blifparse.cc:525:parse_blif$15450.genblk1.genblk1.genblk1.genblk1.genblk1.lut1 (4 -> 1)
  Optimizing lut $abc$14708$auto$blifparse.cc:525:parse_blif$15450.genblk1.genblk1.genblk1.genblk1.genblk1.lut0 (4 -> 3)
  Optimizing lut $abc$14708$auto$blifparse.cc:525:parse_blif$15451.genblk1.genblk1.genblk1.genblk1.genblk1.lut0 (4 -> 3)
  Optimizing lut $abc$14708$auto$blifparse.cc:525:parse_blif$15453.genblk1.genblk1.genblk1.genblk1.genblk1.lut0 (4 -> 3)
  Optimizing lut $abc$14708$auto$blifparse.cc:525:parse_blif$15455.genblk1.genblk1.genblk1.genblk1.genblk1.lut0 (4 -> 3)
  Optimizing lut $abc$14708$auto$blifparse.cc:525:parse_blif$15457.genblk1.genblk1.genblk1.genblk1.genblk1.lut1 (4 -> 1)
  Optimizing lut $abc$14708$auto$blifparse.cc:525:parse_blif$15457.genblk1.genblk1.genblk1.genblk1.genblk1.lut0 (4 -> 3)
  Optimizing lut $abc$14708$auto$blifparse.cc:525:parse_blif$15458.genblk1.genblk1.genblk1.genblk1.genblk1.lut0 (4 -> 3)
  Optimizing lut $abc$14708$auto$blifparse.cc:525:parse_blif$15460.genblk1.genblk1.genblk1.genblk1.genblk1.lut0 (4 -> 3)
  Optimizing lut $abc$14708$auto$blifparse.cc:525:parse_blif$15463.genblk1.genblk1.genblk1.genblk1.genblk1.lut0 (4 -> 3)
  Optimizing lut $abc$14708$auto$blifparse.cc:525:parse_blif$15465.genblk1.genblk1.genblk1.genblk1.genblk1.lut1 (4 -> 1)
  Optimizing lut $abc$14708$auto$blifparse.cc:525:parse_blif$15465.genblk1.genblk1.genblk1.genblk1.genblk1.lut0 (4 -> 3)
  Optimizing lut $abc$14708$auto$blifparse.cc:525:parse_blif$15466.genblk1.genblk1.genblk1.genblk1.genblk1.lut0 (4 -> 3)
  Optimizing lut $abc$14708$auto$blifparse.cc:525:parse_blif$15463.genblk1.genblk1.genblk1.genblk1.genblk1.lut1 (4 -> 1)
  Optimizing lut $abc$14708$auto$blifparse.cc:525:parse_blif$15591.genblk1.genblk1.genblk1.genblk1.genblk1.genblk1.genblk1.lut1 (4 -> 0)
  Optimizing lut $abc$14708$auto$blifparse.cc:525:parse_blif$15466.genblk1.genblk1.genblk1.genblk1.genblk1.lut1 (4 -> 1)
  Optimizing lut $abc$14708$auto$blifparse.cc:525:parse_blif$15492.genblk1.genblk1.genblk1.genblk1.genblk1.genblk1.genblk1.lut1 (4 -> 3)
  Optimizing lut $abc$14708$auto$blifparse.cc:525:parse_blif$15492.genblk1.genblk1.genblk1.genblk1.genblk1.genblk1.genblk1.lut0 (4 -> 1)
  Optimizing lut $abc$14708$auto$blifparse.cc:525:parse_blif$15493.genblk1.genblk1.genblk1.genblk1.genblk1.genblk1.genblk1.lut0 (4 -> 0)
  Optimizing lut $abc$14708$auto$blifparse.cc:525:parse_blif$15494.genblk1.genblk1.genblk1.genblk1.genblk1.genblk1.lut0 (4 -> 0)
  Optimizing lut $abc$14708$auto$blifparse.cc:525:parse_blif$15495.genblk1.genblk1.genblk1.genblk1.genblk1.genblk1.genblk1.lut0 (4 -> 0)
  Optimizing lut $abc$14708$auto$blifparse.cc:525:parse_blif$15496.genblk1.genblk1.genblk1.genblk1.genblk1.genblk1.genblk1.lut0 (4 -> 0)
  Optimizing lut $abc$14708$auto$blifparse.cc:525:parse_blif$15498.genblk1.genblk1.genblk1.genblk1.genblk1.genblk1.lut0 (4 -> 0)
  Optimizing lut $abc$14708$auto$blifparse.cc:525:parse_blif$14762.genblk1.genblk1.genblk1.genblk1.genblk1.lut1 (4 -> 3)
  Optimizing lut $abc$14708$auto$blifparse.cc:525:parse_blif$14891.genblk1.genblk1.genblk1.genblk1.genblk1.lut1 (4 -> 3)
  Optimizing lut $abc$14708$auto$blifparse.cc:525:parse_blif$15511.genblk1.genblk1.genblk1.genblk1.genblk1.lut0 (4 -> 2)
  Optimizing lut $abc$14708$auto$blifparse.cc:525:parse_blif$15518.genblk1.genblk1.genblk1.genblk1.genblk1.genblk1.genblk1.lut0 (4 -> 1)
  Optimizing lut $abc$14708$auto$blifparse.cc:525:parse_blif$15519.genblk1.genblk1.genblk1.genblk1.genblk1.genblk1.genblk1.lut0 (4 -> 0)
  Optimizing lut $abc$14708$auto$blifparse.cc:525:parse_blif$15520.genblk1.genblk1.genblk1.genblk1.genblk1.genblk1.genblk1.lut0 (4 -> 0)
  Optimizing lut $abc$14708$auto$blifparse.cc:525:parse_blif$15521.genblk1.genblk1.genblk1.genblk1.genblk1.lut0 (4 -> 0)
  Optimizing lut $abc$14708$auto$blifparse.cc:525:parse_blif$15522.genblk1.genblk1.genblk1.genblk1.genblk1.lut0 (4 -> 0)
  Optimizing lut $abc$14708$auto$blifparse.cc:525:parse_blif$15526.genblk1.genblk1.genblk1.genblk1.genblk1.lut1 (4 -> 0)
  Optimizing lut $abc$14708$auto$blifparse.cc:525:parse_blif$15041.genblk1.genblk1.genblk1.genblk1.genblk1.lut1 (4 -> 3)
  Optimizing lut $abc$14708$auto$blifparse.cc:525:parse_blif$15529.genblk1.genblk1.genblk1.genblk1.genblk1.lut1 (4 -> 0)
  Optimizing lut $abc$14708$auto$blifparse.cc:525:parse_blif$15531.genblk1.genblk1.genblk1.genblk1.genblk1.lut0 (4 -> 0)
  Optimizing lut $abc$14708$auto$blifparse.cc:525:parse_blif$15532.genblk1.genblk1.genblk1.genblk1.genblk1.genblk1.genblk1.lut0 (4 -> 0)
  Optimizing lut $abc$14708$auto$blifparse.cc:525:parse_blif$15533.genblk1.genblk1.genblk1.genblk1.genblk1.lut0 (4 -> 2)
  Optimizing lut $abc$14708$auto$blifparse.cc:525:parse_blif$15536.genblk1.genblk1.genblk1.genblk1.genblk1.lut1 (4 -> 0)
  Optimizing lut $abc$14708$auto$blifparse.cc:525:parse_blif$15539.genblk1.genblk1.genblk1.genblk1.genblk1.lut1 (4 -> 0)
  Optimizing lut $abc$14708$auto$blifparse.cc:525:parse_blif$15541.genblk1.genblk1.genblk1.genblk1.genblk1.lut0 (4 -> 0)
  Optimizing lut $abc$14708$auto$blifparse.cc:525:parse_blif$15542.genblk1.genblk1.genblk1.genblk1.genblk1.genblk1.genblk1.lut0 (4 -> 0)
  Optimizing lut $abc$14708$auto$blifparse.cc:525:parse_blif$15543.genblk1.genblk1.genblk1.genblk1.genblk1.lut0 (4 -> 2)
  Optimizing lut $abc$14708$auto$blifparse.cc:525:parse_blif$15546.genblk1.genblk1.genblk1.genblk1.genblk1.lut1 (4 -> 0)
  Optimizing lut $abc$14708$auto$blifparse.cc:525:parse_blif$15550.genblk1.genblk1.genblk1.genblk1.genblk1.genblk1.lut0 (4 -> 0)
  Optimizing lut $abc$14708$auto$blifparse.cc:525:parse_blif$15551.genblk1.genblk1.genblk1.genblk1.genblk1.genblk1.genblk1.lut0 (4 -> 2)
  Optimizing lut $abc$14708$auto$blifparse.cc:525:parse_blif$15552.genblk1.genblk1.genblk1.genblk1.genblk1.lut0 (4 -> 0)
  Optimizing lut $abc$14708$auto$blifparse.cc:525:parse_blif$15553.genblk1.genblk1.genblk1.genblk1.genblk1.genblk1.lut0 (4 -> 3)
  Optimizing lut $abc$14708$auto$blifparse.cc:525:parse_blif$15556.genblk1.genblk1.genblk1.genblk1.genblk1.lut1 (4 -> 0)
  Optimizing lut $abc$14708$auto$blifparse.cc:525:parse_blif$15560.genblk1.genblk1.genblk1.genblk1.genblk1.genblk1.lut0 (4 -> 0)
  Optimizing lut $abc$14708$auto$blifparse.cc:525:parse_blif$15561.genblk1.genblk1.genblk1.genblk1.genblk1.genblk1.genblk1.lut0 (4 -> 2)
  Optimizing lut $abc$14708$auto$blifparse.cc:525:parse_blif$15562.genblk1.genblk1.genblk1.genblk1.genblk1.lut0 (4 -> 0)
  Optimizing lut $abc$14708$auto$blifparse.cc:525:parse_blif$15563.genblk1.genblk1.genblk1.genblk1.genblk1.genblk1.lut0 (4 -> 3)
  Optimizing lut $abc$14708$auto$blifparse.cc:525:parse_blif$15129.genblk1.genblk1.genblk1.genblk1.genblk1.lut1 (4 -> 3)
  Optimizing lut $abc$14708$auto$blifparse.cc:525:parse_blif$15570.genblk1.genblk1.genblk1.genblk1.genblk1.genblk1.lut0 (4 -> 0)
  Optimizing lut $abc$14708$auto$blifparse.cc:525:parse_blif$15571.genblk1.genblk1.genblk1.genblk1.genblk1.genblk1.genblk1.lut0 (4 -> 2)
  Optimizing lut $abc$14708$auto$blifparse.cc:525:parse_blif$15572.genblk1.genblk1.genblk1.genblk1.genblk1.lut0 (4 -> 0)
  Optimizing lut $abc$14708$auto$blifparse.cc:525:parse_blif$15573.genblk1.genblk1.genblk1.genblk1.genblk1.genblk1.lut0 (4 -> 3)
  Optimizing lut $abc$14708$auto$blifparse.cc:525:parse_blif$15576.genblk1.genblk1.genblk1.genblk1.genblk1.lut1 (4 -> 0)
  Optimizing lut $abc$14708$auto$blifparse.cc:525:parse_blif$15580.genblk1.genblk1.genblk1.genblk1.genblk1.lut0 (4 -> 0)
  Optimizing lut $abc$14708$auto$blifparse.cc:525:parse_blif$15583.genblk1.genblk1.genblk1.genblk1.genblk1.genblk1.lut0 (4 -> 0)
  Optimizing lut $abc$14708$auto$blifparse.cc:525:parse_blif$15584.genblk1.genblk1.genblk1.genblk1.genblk1.lut0 (4 -> 2)
  Optimizing lut $abc$14708$auto$blifparse.cc:525:parse_blif$15587.genblk1.genblk1.genblk1.genblk1.genblk1.lut1 (4 -> 0)
  Optimizing lut $abc$14708$auto$blifparse.cc:525:parse_blif$15591.genblk1.genblk1.genblk1.genblk1.genblk1.genblk1.genblk1.lut0 (4 -> 0)
  Optimizing lut $abc$14708$auto$blifparse.cc:525:parse_blif$15593.genblk1.genblk1.genblk1.genblk1.genblk1.genblk1.lut1 (4 -> 0)
  Optimizing lut $abc$14708$auto$blifparse.cc:525:parse_blif$15593.genblk1.genblk1.genblk1.genblk1.genblk1.genblk1.lut0 (4 -> 3)
  Optimizing lut $abc$14708$auto$blifparse.cc:525:parse_blif$15601.genblk1.genblk1.genblk1.genblk1.genblk1.genblk1.genblk1.lut0 (4 -> 0)
  Optimizing lut $abc$14708$auto$blifparse.cc:525:parse_blif$15605.genblk1.genblk1.genblk1.genblk1.genblk1.lut1 (4 -> 0)
  Optimizing lut $abc$14708$auto$blifparse.cc:525:parse_blif$15131.genblk1.genblk1.genblk1.genblk1.genblk1.lut1 (4 -> 3)
  Optimizing lut $abc$14708$auto$blifparse.cc:525:parse_blif$15609.genblk1.genblk1.genblk1.genblk1.genblk1.genblk1.genblk1.lut0 (4 -> 0)
  Optimizing lut $abc$14708$auto$blifparse.cc:525:parse_blif$15610.genblk1.genblk1.genblk1.genblk1.genblk1.lut0 (4 -> 2)
  Optimizing lut $abc$14708$auto$blifparse.cc:525:parse_blif$15617.genblk1.genblk1.genblk1.genblk1.genblk1.genblk1.genblk1.lut0 (4 -> 0)
  Optimizing lut $abc$14708$auto$blifparse.cc:525:parse_blif$15618.genblk1.genblk1.genblk1.genblk1.genblk1.lut0 (4 -> 2)
  Optimizing lut $abc$14708$auto$blifparse.cc:525:parse_blif$15132.genblk1.genblk1.genblk1.genblk1.genblk1.lut1 (4 -> 3)
  Optimizing lut $abc$14708$auto$blifparse.cc:525:parse_blif$15625.genblk1.genblk1.genblk1.genblk1.genblk1.genblk1.genblk1.lut0 (4 -> 0)
  Optimizing lut $abc$14708$auto$blifparse.cc:525:parse_blif$15626.genblk1.genblk1.genblk1.genblk1.genblk1.lut0 (4 -> 2)
  Optimizing lut $abc$14708$auto$blifparse.cc:525:parse_blif$15629.genblk1.genblk1.genblk1.genblk1.genblk1.lut1 (4 -> 0)
  Optimizing lut $abc$14708$auto$blifparse.cc:525:parse_blif$14900.genblk1.genblk1.genblk1.genblk1.genblk1.lut1 (4 -> 3)
  Optimizing lut $abc$14708$auto$blifparse.cc:525:parse_blif$15532.genblk1.genblk1.genblk1.genblk1.genblk1.genblk1.genblk1.lut1 (4 -> 0)
  Optimizing lut $abc$14708$auto$blifparse.cc:525:parse_blif$15632.genblk1.genblk1.genblk1.genblk1.genblk1.lut0 (4 -> 0)
  Optimizing lut $abc$14708$auto$blifparse.cc:525:parse_blif$15634.genblk1.genblk1.genblk1.genblk1.genblk1.genblk1.lut0 (4 -> 3)
  Optimizing lut $abc$14708$auto$blifparse.cc:525:parse_blif$15636.genblk1.genblk1.genblk1.genblk1.genblk1.genblk1.genblk1.lut0 (4 -> 0)
  Optimizing lut $abc$14708$auto$blifparse.cc:525:parse_blif$15637.genblk1.genblk1.genblk1.genblk1.genblk1.lut0 (4 -> 2)
  Optimizing lut $abc$14708$auto$blifparse.cc:525:parse_blif$15640.genblk1.genblk1.genblk1.genblk1.genblk1.lut1 (4 -> 0)
  Optimizing lut $abc$14708$auto$blifparse.cc:525:parse_blif$15643.genblk1.genblk1.genblk1.genblk1.genblk1.lut0 (4 -> 0)
  Optimizing lut $abc$14708$auto$blifparse.cc:525:parse_blif$15644.genblk1.genblk1.genblk1.genblk1.genblk1.genblk1.lut0 (4 -> 3)
  Optimizing lut $abc$14708$auto$blifparse.cc:525:parse_blif$15645.genblk1.genblk1.genblk1.genblk1.genblk1.genblk1.genblk1.lut0 (4 -> 0)
  Optimizing lut $abc$14708$auto$blifparse.cc:525:parse_blif$15646.genblk1.genblk1.genblk1.genblk1.genblk1.lut0 (4 -> 2)
  Optimizing lut $abc$14708$auto$blifparse.cc:525:parse_blif$15652.genblk1.genblk1.genblk1.genblk1.genblk1.lut0 (4 -> 0)
  Optimizing lut $abc$14708$auto$blifparse.cc:525:parse_blif$15653.genblk1.genblk1.genblk1.genblk1.genblk1.genblk1.lut0 (4 -> 3)
  Optimizing lut $abc$14708$auto$blifparse.cc:525:parse_blif$15655.genblk1.genblk1.genblk1.genblk1.genblk1.genblk1.lut0 (4 -> 0)
  Optimizing lut $abc$14708$auto$blifparse.cc:525:parse_blif$15656.genblk1.genblk1.genblk1.genblk1.genblk1.genblk1.genblk1.lut0 (4 -> 3)
  Optimizing lut $abc$14708$auto$blifparse.cc:525:parse_blif$15659.genblk1.genblk1.genblk1.genblk1.genblk1.lut1 (4 -> 0)
  Optimizing lut $abc$14708$auto$blifparse.cc:525:parse_blif$15134.genblk1.genblk1.genblk1.genblk1.genblk1.lut1 (4 -> 3)
  Optimizing lut $abc$14708$auto$blifparse.cc:525:parse_blif$15662.genblk1.genblk1.genblk1.genblk1.genblk1.lut0 (4 -> 0)
  Optimizing lut $abc$14708$auto$blifparse.cc:525:parse_blif$15663.genblk1.genblk1.genblk1.genblk1.genblk1.genblk1.lut0 (4 -> 3)
  Optimizing lut $abc$14708$auto$blifparse.cc:525:parse_blif$15665.genblk1.genblk1.genblk1.genblk1.genblk1.genblk1.genblk1.lut1 (4 -> 0)
  Optimizing lut $abc$14708$auto$blifparse.cc:525:parse_blif$15665.genblk1.genblk1.genblk1.genblk1.genblk1.genblk1.genblk1.lut0 (4 -> 2)
  Optimizing lut $abc$14708$auto$blifparse.cc:525:parse_blif$15668.genblk1.genblk1.genblk1.genblk1.genblk1.lut1 (4 -> 0)
  Optimizing lut $abc$14708$auto$blifparse.cc:525:parse_blif$14886.genblk1.genblk1.genblk1.genblk1.genblk1.lut1 (4 -> 3)
  Optimizing lut $abc$14708$auto$blifparse.cc:525:parse_blif$15671.genblk1.genblk1.genblk1.genblk1.genblk1.lut0 (4 -> 0)
  Optimizing lut $abc$14708$auto$blifparse.cc:525:parse_blif$15672.genblk1.genblk1.genblk1.genblk1.genblk1.genblk1.lut0 (4 -> 3)
  Optimizing lut $abc$14708$auto$blifparse.cc:525:parse_blif$15674.genblk1.genblk1.genblk1.genblk1.genblk1.genblk1.genblk1.lut0 (4 -> 2)
  Optimizing lut $abc$14708$auto$blifparse.cc:525:parse_blif$15677.genblk1.genblk1.genblk1.genblk1.genblk1.lut1 (4 -> 0)
  Optimizing lut $abc$14708$auto$blifparse.cc:525:parse_blif$15135.genblk1.genblk1.genblk1.genblk1.genblk1.lut1 (4 -> 3)
  Optimizing lut $abc$14708$auto$blifparse.cc:525:parse_blif$15680.genblk1.genblk1.genblk1.genblk1.genblk1.lut0 (4 -> 0)
  Optimizing lut $abc$14708$auto$blifparse.cc:525:parse_blif$15681.genblk1.genblk1.genblk1.genblk1.genblk1.genblk1.lut0 (4 -> 3)
  Optimizing lut $abc$14708$auto$blifparse.cc:525:parse_blif$15683.genblk1.genblk1.genblk1.genblk1.genblk1.genblk1.genblk1.lut0 (4 -> 2)
  Optimizing lut $abc$14708$auto$blifparse.cc:525:parse_blif$15686.genblk1.genblk1.genblk1.genblk1.genblk1.lut1 (4 -> 0)
  Optimizing lut $abc$14708$auto$blifparse.cc:525:parse_blif$15689.genblk1.genblk1.genblk1.genblk1.genblk1.lut0 (4 -> 0)
  Optimizing lut $abc$14708$auto$blifparse.cc:525:parse_blif$15690.genblk1.genblk1.genblk1.genblk1.genblk1.genblk1.lut0 (4 -> 3)
  Optimizing lut $abc$14708$auto$blifparse.cc:525:parse_blif$15692.genblk1.genblk1.genblk1.genblk1.genblk1.genblk1.genblk1.lut0 (4 -> 2)
  Optimizing lut $abc$14708$auto$blifparse.cc:525:parse_blif$15136.genblk1.genblk1.genblk1.genblk1.genblk1.lut1 (4 -> 3)
  Optimizing lut $abc$14708$auto$blifparse.cc:525:parse_blif$15698.genblk1.genblk1.genblk1.genblk1.genblk1.lut0 (4 -> 0)
  Optimizing lut $abc$14708$auto$blifparse.cc:525:parse_blif$15699.genblk1.genblk1.genblk1.genblk1.genblk1.genblk1.lut0 (4 -> 3)
  Optimizing lut $abc$14708$auto$blifparse.cc:525:parse_blif$15701.genblk1.genblk1.genblk1.genblk1.genblk1.genblk1.genblk1.lut0 (4 -> 3)
  Optimizing lut $abc$14708$auto$blifparse.cc:525:parse_blif$15704.genblk1.genblk1.genblk1.genblk1.genblk1.lut1 (4 -> 0)
  Optimizing lut $abc$14708$auto$blifparse.cc:525:parse_blif$15707.genblk1.genblk1.genblk1.genblk1.genblk1.lut0 (4 -> 0)
  Optimizing lut $abc$14708$auto$blifparse.cc:525:parse_blif$15708.genblk1.genblk1.genblk1.genblk1.genblk1.genblk1.lut0 (4 -> 3)
  Optimizing lut $abc$14708$auto$blifparse.cc:525:parse_blif$15710.genblk1.genblk1.genblk1.genblk1.genblk1.genblk1.genblk1.lut1 (4 -> 0)
  Optimizing lut $abc$14708$auto$blifparse.cc:525:parse_blif$15710.genblk1.genblk1.genblk1.genblk1.genblk1.genblk1.genblk1.lut0 (4 -> 3)
  Optimizing lut $abc$14708$auto$blifparse.cc:525:parse_blif$15716.genblk1.genblk1.genblk1.genblk1.genblk1.lut0 (4 -> 0)
  Optimizing lut $abc$14708$auto$blifparse.cc:525:parse_blif$15717.genblk1.genblk1.genblk1.genblk1.genblk1.genblk1.lut0 (4 -> 3)
  Optimizing lut $abc$14708$auto$blifparse.cc:525:parse_blif$15719.genblk1.genblk1.genblk1.genblk1.genblk1.genblk1.genblk1.lut1 (4 -> 0)
  Optimizing lut $abc$14708$auto$blifparse.cc:525:parse_blif$15719.genblk1.genblk1.genblk1.genblk1.genblk1.genblk1.genblk1.lut0 (4 -> 3)
  Optimizing lut $abc$14708$auto$blifparse.cc:525:parse_blif$14889.genblk1.genblk1.genblk1.genblk1.genblk1.lut1 (4 -> 3)
  Optimizing lut $abc$14708$auto$blifparse.cc:525:parse_blif$15725.genblk1.genblk1.genblk1.genblk1.genblk1.lut0 (4 -> 0)
  Optimizing lut $abc$14708$auto$blifparse.cc:525:parse_blif$15726.genblk1.genblk1.genblk1.genblk1.genblk1.genblk1.lut0 (4 -> 3)
  Optimizing lut $abc$14708$auto$blifparse.cc:525:parse_blif$15728.genblk1.genblk1.genblk1.genblk1.genblk1.genblk1.genblk1.lut1 (4 -> 0)
  Optimizing lut $abc$14708$auto$blifparse.cc:525:parse_blif$15728.genblk1.genblk1.genblk1.genblk1.genblk1.genblk1.genblk1.lut0 (4 -> 2)
  Optimizing lut $abc$14708$auto$blifparse.cc:525:parse_blif$15731.genblk1.genblk1.genblk1.genblk1.genblk1.lut1 (4 -> 0)
  Optimizing lut $abc$14708$auto$blifparse.cc:525:parse_blif$15734.genblk1.genblk1.genblk1.genblk1.genblk1.lut0 (4 -> 0)
  Optimizing lut $abc$14708$auto$blifparse.cc:525:parse_blif$15735.genblk1.genblk1.genblk1.genblk1.genblk1.genblk1.lut0 (4 -> 3)
  Optimizing lut $abc$14708$auto$blifparse.cc:525:parse_blif$15737.genblk1.genblk1.genblk1.genblk1.genblk1.genblk1.genblk1.lut1 (4 -> 0)
  Optimizing lut $abc$14708$auto$blifparse.cc:525:parse_blif$15737.genblk1.genblk1.genblk1.genblk1.genblk1.genblk1.genblk1.lut0 (4 -> 3)
  Optimizing lut $abc$14708$auto$blifparse.cc:525:parse_blif$15743.genblk1.genblk1.genblk1.genblk1.genblk1.genblk1.genblk1.lut0 (4 -> 3)
  Optimizing lut $abc$14708$auto$blifparse.cc:525:parse_blif$15749.genblk1.genblk1.genblk1.genblk1.genblk1.genblk1.genblk1.lut0 (4 -> 3)
  Optimizing lut $abc$14708$auto$blifparse.cc:525:parse_blif$15755.genblk1.genblk1.genblk1.genblk1.genblk1.genblk1.genblk1.lut1 (4 -> 0)
  Optimizing lut $abc$14708$auto$blifparse.cc:525:parse_blif$15755.genblk1.genblk1.genblk1.genblk1.genblk1.genblk1.genblk1.lut0 (4 -> 2)
  Optimizing lut $abc$14708$auto$blifparse.cc:525:parse_blif$15743.genblk1.genblk1.genblk1.genblk1.genblk1.genblk1.genblk1.lut1 (4 -> 0)
  Optimizing lut $abc$14708$auto$blifparse.cc:525:parse_blif$15023.genblk1.genblk1.genblk1.genblk1.genblk1.lut1 (4 -> 1)
  Optimizing lut $abc$14708$auto$blifparse.cc:525:parse_blif$15761.genblk1.genblk1.genblk1.genblk1.genblk1.genblk1.genblk1.lut0 (4 -> 3)
  Optimizing lut $abc$14708$auto$blifparse.cc:525:parse_blif$15767.genblk1.genblk1.genblk1.genblk1.genblk1.genblk1.genblk1.lut0 (4 -> 3)
  Optimizing lut $abc$14708$auto$blifparse.cc:525:parse_blif$15767.genblk1.genblk1.genblk1.genblk1.genblk1.genblk1.genblk1.lut1 (4 -> 0)
  Optimizing lut $abc$14708$auto$blifparse.cc:525:parse_blif$15773.genblk1.genblk1.genblk1.genblk1.genblk1.genblk1.genblk1.lut0 (4 -> 3)
  Optimizing lut $abc$14708$auto$blifparse.cc:525:parse_blif$15779.genblk1.genblk1.genblk1.genblk1.genblk1.genblk1.genblk1.lut0 (4 -> 2)
  Optimizing lut $abc$14708$auto$blifparse.cc:525:parse_blif$15781.genblk1.genblk1.genblk1.genblk1.genblk1.lut1 (4 -> 0)
  Optimizing lut $abc$14708$auto$blifparse.cc:525:parse_blif$15779.genblk1.genblk1.genblk1.genblk1.genblk1.genblk1.genblk1.lut1 (4 -> 0)
  Optimizing lut $abc$14708$auto$blifparse.cc:525:parse_blif$15601.genblk1.genblk1.genblk1.genblk1.genblk1.genblk1.genblk1.lut1 (4 -> 0)
  Optimizing lut $abc$14708$auto$blifparse.cc:525:parse_blif$15803.genblk1.genblk1.genblk1.genblk1.genblk1.lut0 (4 -> 0)
  Optimizing lut $abc$14708$auto$blifparse.cc:525:parse_blif$15805.genblk1.genblk1.genblk1.genblk1.genblk1.lut0 (4 -> 0)
  Optimizing lut $abc$14708$auto$blifparse.cc:525:parse_blif$15816.genblk1.genblk1.genblk1.genblk1.genblk1.lut0 (4 -> 0)
  Optimizing lut $abc$14708$auto$blifparse.cc:525:parse_blif$14888.genblk1.genblk1.genblk1.genblk1.genblk1.lut1 (4 -> 3)
  Optimizing lut $abc$14708$auto$blifparse.cc:525:parse_blif$14893.genblk1.genblk1.genblk1.genblk1.genblk1.lut1 (4 -> 3)
  Optimizing lut $abc$14708$auto$blifparse.cc:525:parse_blif$14897.genblk1.genblk1.genblk1.genblk1.genblk1.lut1 (4 -> 3)
  Optimizing lut $abc$14708$auto$blifparse.cc:525:parse_blif$15036.genblk1.genblk1.genblk1.genblk1.genblk1.lut1 (4 -> 1)
  Optimizing lut $abc$14708$auto$blifparse.cc:525:parse_blif$15044.genblk1.genblk1.genblk1.genblk1.genblk1.lut1 (4 -> 3)
  Optimizing lut $abc$14708$auto$blifparse.cc:525:parse_blif$15773.genblk1.genblk1.genblk1.genblk1.genblk1.genblk1.genblk1.lut1 (4 -> 0)
  Optimizing lut $abc$14708$auto$blifparse.cc:525:parse_blif$15049.genblk1.genblk1.genblk1.genblk1.genblk1.lut1 (4 -> 1)
  Optimizing lut $abc$14708$auto$blifparse.cc:525:parse_blif$15570.genblk1.genblk1.genblk1.genblk1.genblk1.genblk1.lut1 (4 -> 0)
  Optimizing lut $abc$14708$auto$blifparse.cc:525:parse_blif$14887.genblk1.genblk1.genblk1.genblk1.genblk1.lut1 (4 -> 3)
  Optimizing lut $abc$14708$auto$blifparse.cc:525:parse_blif$15713.genblk1.genblk1.genblk1.genblk1.genblk1.lut1 (4 -> 0)
  Optimizing lut $abc$14708$auto$blifparse.cc:525:parse_blif$15060.genblk1.genblk1.genblk1.genblk1.genblk1.lut1 (4 -> 1)
  Optimizing lut $abc$14708$auto$blifparse.cc:525:parse_blif$15058.genblk1.genblk1.genblk1.genblk1.genblk1.lut1 (4 -> 1)
  Optimizing lut $abc$14708$auto$blifparse.cc:525:parse_blif$15013.genblk1.genblk1.genblk1.genblk1.genblk1.lut1 (4 -> 1)
  Optimizing lut $abc$14708$auto$blifparse.cc:525:parse_blif$15016.genblk1.genblk1.genblk1.genblk1.genblk1.lut1 (4 -> 1)
  Optimizing lut $abc$14708$auto$blifparse.cc:525:parse_blif$15019.genblk1.genblk1.genblk1.genblk1.genblk1.lut1 (4 -> 1)
  Optimizing lut $abc$14708$auto$blifparse.cc:525:parse_blif$15645.genblk1.genblk1.genblk1.genblk1.genblk1.genblk1.genblk1.lut1 (4 -> 0)
Removed 0 unused cells and 3358 unused wires.

47.46. Executing AUTONAME pass.
Renamed 80422 objects in module SOC (106 iterations).

47.47. Executing HIERARCHY pass (managing design hierarchy).

47.47.1. Analyzing design hierarchy..
Top module:  \SOC

47.47.2. Analyzing design hierarchy..
Top module:  \SOC
Removed 0 unused modules.

47.48. Printing statistics.

=== SOC ===

   Number of wires:               3411
   Number of wire bits:           8689
   Number of public wires:        3411
   Number of public wire bits:    8689
   Number of memories:               0
   Number of memory bits:            0
   Number of processes:              0
   Number of cells:               4300
     CCU2C                         154
     DP16KD                          4
     L6MUX21                       267
     LUT4                         2400
     PFUMX                         604
     TRELLIS_DPR16X4                32
     TRELLIS_FF                    839

47.49. Executing CHECK pass (checking for obvious problems).
Checking module SOC...
Found and reported 0 problems.

48. Executing JSON backend.

Warnings: 70 unique messages, 70 total
End of script. Logfile hash: 0bb98ea297, CPU: user 7.40s system 0.12s, MEM: 107.36 MB peak
Yosys 0.33+6 (git sha1 41b34a193, x86_64-conda-linux-gnu-cc 11.2.0 -fvisibility-inlines-hidden -fmessage-length=0 -march=nocona -mtune=haswell -ftree-vectorize -fPIC -fstack-protector-strong -fno-plt -O2 -ffunction-sections -fdebug-prefix-map=/root/conda-eda/conda-eda/workdir/conda-env/conda-bld/yosys_1694128612374/work=/usr/local/src/conda/yosys-0.33_7_g41b34a193 -fdebug-prefix-map=/home/miguelangel-garcia/miniconda3/envs/digital=/usr/local/src/conda-prefix -fPIC -Os -fno-merge-constants)
Time spent: 20% 7x techmap (1 sec), 15% 31x opt_expr (1 sec), ...
